Date,AVDV,AVUV,BIL,DBMF,FRDM,GLD,IDMO,IEF,PDBC,SCHG,SPHQ,SPMO,SPY,TLT
2020-06-04,38.308921813964844,39.15454864501953,77.34668731689453,17.581523895263672,20.599803924560547,161.27999877929688,23.347742080688477,103.53294372558594,6.428980827331543,11.996455192565918,33.11330032348633,40.17477035522461,286.2149963378906,130.9562225341797
2020-06-05,39.2027587890625,41.187538146972656,77.32975769042969,17.581523895263672,21.321462631225586,158.00999450683594,23.492759704589844,103.01683807373047,6.540436744689941,12.261207580566406,33.833560943603516,41.0303955078125,293.55059814453125,130.0232696533203
2020-06-08,39.99700164794922,42.709102630615234,77.33822631835938,17.682275772094727,21.47011947631836,159.72000122070312,23.6121826171875,103.12866973876953,6.504973411560059,12.377798080444336,34.00900650024414,41.355010986328125,297.0988464355469,130.5230255126953
2020-06-09,39.244258880615234,41.22472381591797,77.33822631835938,17.66788101196289,21.433822631835938,161.25999450683594,23.441574096679688,103.49852752685547,6.535370349884033,12.372936248779297,33.759700775146484,41.34562683105469,294.8834533691406,132.00564575195312
2020-06-10,39.03262710571289,39.272422790527344,77.34668731689453,17.711063385009766,21.234172821044922,163.57000732421875,23.569536209106445,104.27265167236328,6.570834159851074,12.450665473937988,33.639644622802734,41.74998474121094,293.23809814453125,133.96292114257812
2020-06-11,36.49717712402344,35.654396057128906,77.32975769042969,17.660688400268555,20.315458297729492,162.38999938964844,22.528818130493164,104.64249420166016,6.363121032714844,11.772994041442871,31.755889892578125,39.52180862426758,276.33306884765625,136.49490356445312
2020-06-12,37.19763946533203,36.92387771606445,77.34668731689453,17.682275772094727,20.49954605102539,162.6199951171875,22.921218872070312,104.41024780273438,6.398583889007568,11.902941703796387,32.032920837402344,39.98619842529297,279.64239501953125,135.17897033691406
2020-06-15,37.247440338134766,37.495155334472656,77.34668731689453,17.682275772094727,20.206602096557617,162.3300018310547,23.168601989746094,104.32421112060547,6.444179534912109,12.02439022064209,32.21759796142578,40.202919006347656,282.2530822753906,135.25384521484375
2020-06-16,37.71967697143555,38.63768768310547,77.34668731689453,17.646289825439453,20.435224533081055,162.25,23.296558380126953,104.10919189453125,6.510039806365967,12.255138397216797,32.956321716308594,40.816490173339844,287.68572998046875,133.17990112304688
2020-06-17,37.66239547729492,37.60396194458008,77.34668731689453,17.575044631958008,20.471731185913086,162.55999755859375,23.54393768310547,104.27265167236328,6.489775657653809,12.267280578613281,32.771644592285156,40.97035217285156,286.49072265625,133.729736328125
2020-06-18,37.446617126464844,37.471580505371094,77.33822631835938,17.51675033569336,20.345687866210938,162.24000549316406,23.48422622680664,104.50487518310547,6.510039806365967,12.278212547302246,32.817813873291016,40.9853630065918,286.6011047363281,135.14569091796875
2020-06-19,37.21590042114258,37.01456069946289,77.33822631835938,17.612468719482422,20.444780349731445,164.02999877929688,23.501285552978516,104.5392837524414,6.565768241882324,12.234491348266602,32.67007064819336,40.83244323730469,284.9631652832031,135.25384521484375
2020-06-22,37.683143615722656,37.14150619506836,77.33822631835938,17.66788101196289,20.815967559814453,165.08999633789062,23.842010498046875,104.44463348388672,6.621494770050049,12.396013259887695,32.86579895019531,41.18370819091797,286.79132080078125,135.27052307128906
2020-06-23,37.836036682128906,37.22065353393555,77.33822631835938,17.624704360961914,20.911588668823242,166.47999572753906,23.944738388061523,104.41024780273438,6.598698139190674,12.46402645111084,33.02348709106445,41.30519485473633,288.111572265625,134.34603881835938
2020-06-24,36.808475494384766,35.6193733215332,77.33822631835938,17.562088012695312,20.736865997314453,165.89999389648438,23.482450485229492,104.60806274414062,6.423914909362793,12.16382122039795,32.188621520996094,40.39641189575195,280.76214599609375,135.78697204589844
2020-06-25,37.140140533447266,36.083377838134766,77.34668731689453,17.613908767700195,20.653417587280273,165.8000030517578,23.884815216064453,104.62528991699219,6.469510078430176,12.293974876403809,32.53185272216797,40.74298858642578,283.7721252441406,136.17840576171875
2020-06-26,36.6806526184082,34.8969841003418,77.33822631835938,17.639097213745117,20.53780174255371,166.5399932861328,23.576623916625977,104.90911102294922,6.38338565826416,11.998393058776855,31.984546661376953,39.92082977294922,277.0321044921875,137.63595581054688
2020-06-29,36.8836555480957,36.32904052734375,77.33822631835938,17.654211044311523,20.55171012878418,166.6300048828125,23.764963150024414,105.0123519897461,6.515105724334717,12.152874946594238,32.33706283569336,40.429378509521484,281.10382080078125,137.20285034179688
2020-06-30,37.12592315673828,36.85673522949219,77.33822631835938,17.73265266418457,20.609079360961914,167.3699951171875,23.893373489379883,104.82311248779297,6.555634498596191,12.351143836975098,32.84724426269531,41.12627029418945,284.7046813964844,136.53656005859375
2020-07-01,37.10755157470703,35.965110778808594,77.33822631835938,17.618228912353516,20.662107467651367,166.6199951171875,23.97042465209961,104.65955352783203,6.606296062469482,12.508057594299316,32.912166595458984,41.35322952270508,286.6989440917969,136.27137756347656
2020-07-02,37.25959396362305,36.274452209472656,77.34668731689453,17.6283016204834,21.197586059570312,166.97999572753906,24.167322158813477,104.78870391845703,6.636693954467773,12.564011573791504,33.16264343261719,41.44645309448242,288.2777404785156,136.41314697265625
2020-07-06,37.84355163574219,36.802146911621094,77.33822631835938,17.746326446533203,21.581815719604492,167.97999572753906,24.39846420288086,104.63374328613281,6.667091369628906,12.825532913208008,33.62644958496094,42.00492477416992,292.72808837890625,135.85446166992188
2020-07-07,37.43837356567383,35.81044387817383,77.33822631835938,17.806779861450195,21.35405921936035,169.0399932861328,24.22724723815918,104.969482421875,6.6721577644348145,12.716058731079102,33.301788330078125,41.81563949584961,289.7088928222656,137.76400756835938
2020-07-08,37.62133026123047,36.165283203125,77.33822631835938,17.837003707885742,21.576595306396484,170.08999633789062,24.54399871826172,104.80589294433594,6.7608160972595215,12.87297248840332,33.51513671875,42.27238082885742,291.9247131347656,137.21368408203125
2020-07-09,37.131771087646484,34.981597900390625,77.33822631835938,17.901777267456055,21.402738571166992,169.6300048828125,24.44127082824707,105.14165496826172,6.697488307952881,12.90338134765625,33.41309356689453,42.22624206542969,290.2628479003906,139.3984375
2020-07-10,37.44338607788086,36.065185546875,77.34668731689453,17.869388580322266,21.282779693603516,169.19000244140625,24.612483978271484,104.93502807617188,6.74308443069458,12.971495628356934,33.58934783935547,42.44942855834961,293.2265930175781,138.69789123535156
2020-07-13,37.24121856689453,35.71945571899414,77.34668731689453,17.80462074279785,21.319292068481445,169.39999389648438,24.364227294921875,105.04695892333984,6.6721577644348145,12.728222846984863,33.32960891723633,41.82222366333008,290.68756103515625,139.1565704345703
2020-07-14,37.844390869140625,36.36543655395508,77.34668731689453,17.837003707885742,21.528785705566406,170.19000244140625,24.698101043701172,105.03834533691406,6.697488307952881,12.898517608642578,33.81197738647461,42.49368667602539,294.4545593261719,139.356689453125
2020-07-15,38.24872970581055,38.012203216552734,77.34668731689453,17.912567138671875,21.523571014404297,170.33999633789062,24.93779754638672,105.00389099121094,6.773481369018555,12.988529205322266,34.13664627075195,42.6236572265625,297.15985107421875,138.70626831054688
2020-07-16,38.13594055175781,37.85753631591797,77.33822631835938,17.844200134277344,21.491403579711914,168.72999572753906,24.800827026367188,105.08137512207031,6.7177534103393555,12.899733543395996,33.98822784423828,42.44377899169922,296.1810607910156,139.3650665283203
2020-07-17,38.245384216308594,37.52090072631836,77.34668731689453,17.851398468017578,21.47749900817871,170.1199951171875,24.972043991088867,105.05554962158203,6.722818851470947,12.955684661865234,34.21085739135742,42.80730438232422,297.0397644042969,139.0731964111328
2020-07-20,38.46259307861328,37.01140213012695,77.34668731689453,17.89601707458496,21.61050033569336,170.94000244140625,25.34872055053711,105.12444305419922,6.722818851470947,13.222073554992676,34.43348693847656,43.39400863647461,299.4403381347656,139.4150390625
2020-07-21,38.72992706298828,38.285152435302734,77.34668731689453,18.02987289428711,21.835641860961914,173.0,25.33159828186035,105.23633575439453,6.819076061248779,13.144222259521484,34.43348693847656,43.178348541259766,300.07733154296875,139.49839782714844
2020-07-22,38.96384811401367,38.19416809082031,77.33822631835938,18.088890075683594,22.0103702545166,175.6300048828125,25.485692977905273,105.270751953125,6.859606742858887,13.228157043457031,34.65611267089844,43.705718994140625,301.78546142578125,139.9154510498047
2020-07-23,38.5828971862793,38.61268615722656,77.34668731689453,18.15294075012207,21.853899002075195,177.17999267578125,25.17750358581543,105.37408447265625,6.834274768829346,12.975147247314453,34.294349670410156,43.016353607177734,298.18463134765625,141.54981994628906
2020-07-24,38.579559326171875,38.20508575439453,77.33822631835938,18.160858154296875,22.00255012512207,178.6999969482422,25.014848709106445,105.32244110107422,6.85453987121582,12.907029151916504,33.84908676147461,42.972110748291016,296.2642822265625,141.5414276123047
2020-07-27,39.13594436645508,38.33974075317383,77.33822631835938,18.254413604736328,22.662334442138672,182.22999572753906,25.468568801879883,105.15885925292969,6.9203996658325195,13.05907917022705,34.17374038696289,43.34126663208008,298.42474365234375,141.01611328125
2020-07-28,38.897010803222656,38.012203216552734,77.34668731689453,18.297592163085938,22.366777420043945,183.75,25.400083541870117,105.40853118896484,6.884936809539795,12.931357383728027,33.94184875488281,43.119014739990234,296.53192138671875,141.99172973632812
2020-07-29,39.03903579711914,38.8856201171875,77.34668731689453,18.348690032958984,22.81707000732422,185.1300048828125,25.708280563354492,105.5462646484375,6.925466060638428,13.102869033813477,34.22941589355469,43.675601959228516,300.1789245605469,141.74984741210938
2020-07-30,38.508544921875,38.376121520996094,77.33822631835938,18.35588836669922,22.36243438720703,183.75999450683594,25.51993751525879,105.69259643554688,6.834274768829346,13.115032196044922,34.053157806396484,43.79237747192383,299.10797119140625,142.68385314941406
2020-07-31,37.68566131591797,37.84843444824219,77.34668731689453,18.36452293395996,22.264204025268555,185.42999267578125,25.014848709106445,105.71845245361328,6.869738578796387,13.30600643157959,34.266510009765625,44.278316497802734,301.4715576171875,142.59217834472656
2020-08-03,38.27880859375,38.47621154785156,77.33822631835938,18.467435836791992,22.336355209350586,185.63999938964844,25.511377334594727,105.666748046875,6.940664768218994,13.458052635192871,34.63755798339844,44.84807205200195,303.5674133300781,141.87420654296875
2020-08-04,38.813472747802734,38.840126037597656,77.34668731689453,18.65311050415039,22.5484619140625,189.58999633789062,25.545621871948242,106.0285873413086,6.981194019317627,13.476300239562988,34.776702880859375,45.08256530761719,304.739990234375,143.22654724121094
2020-08-05,39.3957633972168,39.740848541259766,77.33822631835938,18.67901611328125,22.71015167236328,191.35000610351562,25.605548858642578,105.67536926269531,7.036921977996826,13.585771560668945,34.99005889892578,45.19839859008789,306.6327819824219,141.9744110107422
2020-08-06,39.47344970703125,39.59528350830078,77.33822631835938,18.67901611328125,22.814462661743164,193.88999938964844,25.639787673950195,105.79596710205078,7.092649936676025,13.73173713684082,35.14774703979492,45.58357238769531,308.682373046875,142.76739501953125
2020-08-07,39.22116470336914,40.48689651489258,77.34668731689453,18.481111526489258,22.618000030517578,190.80999755859375,25.485692977905273,105.5719985961914,6.991326332092285,13.635642051696777,35.06427001953125,45.37450408935547,308.9040222167969,141.81578063964844
2020-08-10,39.424991607666016,41.442222595214844,77.34668731689453,18.44872283935547,22.65364646911621,190.14999389648438,25.425771713256836,105.45997619628906,7.031856536865234,13.59428596496582,35.18486404418945,45.22195053100586,309.8272705078125,141.18130493164062
2020-08-11,39.647212982177734,41.67876052856445,77.33822631835938,18.111202239990234,22.67972183227539,179.94000244140625,25.24599266052246,105.09811401367188,6.9203996658325195,13.413045883178711,34.897300720214844,44.569313049316406,307.269775390625,139.50335693359375
2020-08-12,40.509368896484375,41.979007720947266,77.33822631835938,18.07521629333496,22.86488151550293,179.10000610351562,25.76820182800293,104.78791046142578,6.986260890960693,13.661188125610352,35.50954055786133,45.523311614990234,311.5538330078125,138.2344512939453
2020-08-13,40.22532653808594,41.483154296875,77.34668731689453,18.047149658203125,22.765789031982422,183.3300018310547,25.733957290649414,104.5725326538086,7.041988372802734,13.718356132507324,35.34256362915039,45.64479064941406,310.99066162109375,136.7568817138672
2020-08-14,40.07996368408203,41.85163879394531,77.33822631835938,18.034914016723633,22.69276237487793,182.5399932861328,25.579864501953125,104.62419128417969,7.041988372802734,13.692814826965332,35.34256362915039,45.55815505981445,310.9999084472656,136.22256469726562
2020-08-17,40.38572311401367,41.7060661315918,77.33822631835938,18.17165184020996,22.8501033782959,186.5,25.87948989868164,104.7965316772461,7.153444290161133,13.79985523223877,35.59302520751953,46.03279113769531,311.9877624511719,136.5648956298828
2020-08-18,40.490989685058594,41.06010055541992,77.34668731689453,18.285362243652344,22.711015701293945,188.17999267578125,25.947982788085938,104.97747802734375,7.158511638641357,13.891082763671875,35.6393928527832,46.07046127319336,312.66180419921875,137.5415802001953
2020-08-19,39.92123031616211,41.037357330322266,77.34668731689453,18.063701629638672,22.694501876831055,182.24000549316406,25.870935440063477,104.83960723876953,7.148377895355225,13.827832221984863,35.5280876159668,45.924495697021484,311.3599548339844,136.6816864013672
2020-08-20,39.89115524291992,40.52329635620117,77.34668731689453,18.129911422729492,22.278112411499023,183.5,25.905176162719727,105.14118194580078,7.143312931060791,13.953117370605469,35.67650604248047,46.33415603637695,312.32940673828125,137.91729736328125
2020-08-21,39.55532455444336,40.17757034301758,77.34668731689453,18.124874114990234,22.28420066833496,182.02999877929688,25.776763916015625,105.21871948242188,7.062252998352051,14.039484024047852,35.926963806152344,46.71650695800781,313.4373779296875,138.7436981201172
2020-08-24,39.993080139160156,41.26024627685547,77.34668731689453,18.145023345947266,22.575410842895508,181.0,25.982223510742188,105.07221984863281,7.097716808319092,14.130707740783691,36.21452713012695,46.887908935546875,316.6134033203125,138.51834106445312
2020-08-25,40.08748245239258,41.31483840942383,77.33822631835938,18.135671615600586,22.629302978515625,181.22000122070312,25.97366714477539,104.8223876953125,7.163577079772949,14.217073440551758,36.381507873535156,47.0583610534668,317.7214050292969,137.4580841064453
2020-08-26,40.399925231933594,40.91907501220703,77.33822631835938,18.200443267822266,22.800556182861328,183.36000061035156,26.239049911499023,104.7792739868164,7.163577079772949,14.494409561157227,36.650508880615234,47.547122955322266,320.9067687988281,136.93222045898438
2020-08-27,40.141788482666016,41.32848358154297,77.33822631835938,18.082414627075195,22.703189849853516,181.24000549316406,26.042150497436523,104.40879821777344,7.153444290161133,14.484678268432617,36.75254821777344,47.52359390258789,321.6084899902344,134.6030731201172
2020-08-28,40.48847961425781,41.642372131347656,77.34668731689453,18.204755783081055,22.85358238220215,184.38999938964844,26.016468048095703,104.58113098144531,7.209171772003174,14.567390441894531,37.07721710205078,47.9341926574707,323.6858215332031,134.50291442871094
2020-08-31,40.31721878051758,40.99640655517578,77.34668731689453,18.247217178344727,22.3693904876709,184.8300018310547,26.07639503479004,104.69312286376953,7.199039936065674,14.609965324401855,36.965904235839844,48.038719177246094,322.5132751464844,135.3961639404297
2020-09-01,40.23367691040039,41.56050109863281,77.34668731689453,18.30838966369629,22.486740112304688,185.0500030517578,26.07639503479004,105.03630828857422,7.219304084777832,14.798503875732422,37.25346374511719,48.434261322021484,325.55084228515625,136.94485473632812
2020-09-02,40.584556579589844,41.8607292175293,77.34668731689453,18.40554428100586,22.558027267456055,182.6199951171875,26.273296356201172,105.1828842163086,7.128113269805908,14.976096153259277,37.874977111816406,49.255462646484375,330.2596435546875,138.24853515625
2020-09-03,39.783390045166016,40.96000671386719,77.33822631835938,18.276004791259766,22.35112953186035,181.13999938964844,25.6911563873291,105.32083129882812,7.057187080383301,14.297355651855469,36.44643020629883,47.07154846191406,318.89398193359375,138.64132690429688
2020-09-04,40.10920333862305,41.134708404541016,77.34668731689453,18.122713088989258,22.405902862548828,181.63999938964844,25.51993751525879,104.73453521728516,7.006525039672852,14.078404426574707,36.08466720581055,46.35298156738281,316.2903137207031,136.0087890625
2020-09-08,39.65724182128906,40.12297821044922,77.34668731689453,18.05650520324707,22.376340866088867,181.2899932861328,25.143259048461914,104.95872497558594,6.824142932891846,13.586987495422363,35.101375579833984,45.0411376953125,307.6482238769531,136.844482421875
2020-09-09,40.116722106933594,40.514198303222656,77.33822631835938,18.114078521728516,22.568450927734375,183.0500030517578,25.708280563354492,104.90696716308594,6.884936809539795,13.9348726272583,35.94551086425781,46.38029098510742,313.7235107421875,136.47683715820312
2020-09-10,39.73576736450195,39.92646026611328,77.33822631835938,18.082414627075195,22.28420066833496,182.4600067138672,25.357282638549805,105.03630828857422,6.808944225311279,13.679433822631836,35.31473159790039,45.50541687011719,308.27618408203125,137.17044067382812
2020-09-11,40.03317642211914,39.86823272705078,77.32975769042969,18.088890075683594,22.318965911865234,182.4499969482422,25.554180145263672,105.20011901855469,6.85453987121582,13.621047973632812,35.426048278808594,45.31330108642578,308.4331359863281,137.46302795410156
2020-09-14,40.34980392456055,40.72983169555664,77.34668731689453,18.222749710083008,22.64255714416504,183.88999938964844,25.699718475341797,105.10527038574219,6.874804973602295,13.833913803100586,35.99189376831055,46.17123031616211,312.49560546875,137.45455932617188
2020-09-15,40.62298583984375,40.5596923828125,77.32975769042969,18.17165184020996,22.871076583862305,183.4499969482422,25.905176162719727,105.05355834960938,6.9102678298950195,13.984745025634766,36.177425384521484,46.58090591430664,314.07440185546875,137.12030029296875
2020-09-16,40.717384338378906,41.02370071411133,77.34668731689453,18.002532958984375,22.773393630981445,183.97000122070312,25.870935440063477,104.99320983886719,7.016657829284668,13.827832221984863,35.964073181152344,46.084590911865234,312.82806396484375,136.71080017089844
2020-09-17,40.780879974365234,40.909976959228516,77.34668731689453,17.945674896240234,22.598949432373047,182.9600067138672,25.87948989868164,105.0276870727539,7.092649936676025,13.661188125610352,35.7692756652832,45.69375991821289,310.0766906738281,137.128662109375
2020-09-18,40.651390075683594,40.677974700927734,77.32975769042969,17.916889190673828,22.540510177612305,183.1999969482422,25.802448272705078,104.932861328125,7.128113269805908,13.4884614944458,35.426048278808594,45.119300842285156,306.5067443847656,136.70249938964844
2020-09-21,39.41999053955078,38.94930648803711,77.32975769042969,17.75352668762207,22.223896026611328,179.52000427246094,25.47713279724121,105.12255859375,6.9457316398620605,13.516437530517578,34.888023376464844,44.87820816040039,303.095458984375,137.39605712890625
2020-09-22,39.35231399536133,39.0278434753418,77.32975769042969,17.72689437866211,22.02765464782715,178.64999389648438,25.41720962524414,105.12255859375,6.927999496459961,13.748764991760254,35.17558670043945,45.97064971923828,306.1822814941406,137.28746032714844
2020-09-23,38.79008102416992,37.90559005737305,77.32975769042969,17.567846298217773,21.573230743408203,174.7899932861328,25.288795471191406,105.12255859375,6.85453987121582,13.336264610290527,34.4984245300293,44.69927215576172,299.081787109375,137.47129821777344
2020-09-24,38.67729949951172,38.00603103637695,77.33822631835938,17.51459503173828,21.404022216796875,175.44000244140625,25.203184127807617,105.17428588867188,6.884936809539795,13.380123138427734,34.600460052490234,44.930015563964844,299.87884521484375,137.9978485107422
2020-09-25,38.704872131347656,38.187744140625,77.32975769042969,17.50164031982422,21.413618087768555,174.94000244140625,25.425771713256836,105.26045227050781,6.874804973602295,13.702961921691895,35.12919616699219,45.90565872192383,304.7269592285156,137.9978485107422
2020-09-28,39.498512268066406,39.511810302734375,77.33822631835938,17.747045516967773,21.769479751586914,176.6999969482422,25.639787673950195,105.24323272705078,6.940664768218994,13.936869621276855,35.69505310058594,46.55263900756836,309.7882995605469,137.60504150390625
2020-09-29,39.31472396850586,38.94566345214844,77.33822631835938,17.772953033447266,21.862802505493164,178.19000244140625,25.87948989868164,105.32083129882812,6.839341163635254,13.91128158569336,35.54664611816406,46.63833236694336,308.1011657714844,137.7637939453125
2020-09-30,39.49015808105469,39.100894927978516,77.32975769042969,17.698829650878906,22.004100799560547,177.1199951171875,25.776763916015625,105.03630828857422,6.925466060638428,14.030673027038574,35.86203384399414,47.068721771240234,310.4372253417969,136.44332885742188
2020-10-01,39.707366943359375,39.511810302734375,77.32975769042969,17.802461624145508,22.191625595092773,178.6999969482422,26.042150497436523,105.0958251953125,6.834274768829346,14.229247093200684,35.97334671020508,47.55842208862305,312.4302062988281,136.66839599609375
2020-10-02,39.59877014160156,40.44321823120117,77.32975769042969,17.80462074279785,22.0669002532959,178.5399932861328,25.85381317138672,104.99229431152344,6.738018035888672,13.93077564239502,35.49098205566406,46.437747955322266,309.4638977050781,136.1580047607422
2020-10-05,40.440860748291016,41.639434814453125,77.32975769042969,17.73697280883789,22.328561782836914,179.41000366210938,25.999347686767578,104.32794952392578,6.925466060638428,14.21584701538086,36.168148040771484,47.506629943847656,314.95159912109375,133.4976348876953
2020-10-06,40.16685104370117,41.3746337890625,77.33822631835938,17.649892807006836,22.038990020751953,177.3000030517578,25.6911563873291,104.56954956054688,6.940664768218994,13.968541145324707,35.815650939941406,46.721221923828125,310.47418212890625,134.2171173095703
2020-10-07,40.5294189453125,42.41559982299805,77.32975769042969,17.652769088745117,22.47684097290039,177.22000122070312,25.8880558013916,104.26756286621094,6.965996265411377,14.230463027954102,36.43715286254883,47.58292007446289,315.8785400390625,133.23826599121094
2020-10-08,40.83518600463867,43.200923919677734,77.32975769042969,17.65349006652832,22.576271057128906,177.85000610351562,26.016468048095703,104.4573974609375,7.031856536865234,14.304780960083008,36.6412353515625,47.6525993347168,318.67803955078125,133.9578094482422
2020-10-09,41.2194709777832,43.19178771972656,77.32975769042969,17.820451736450195,22.69663429260254,181.0800018310547,26.358903884887695,104.40560913085938,7.067319869995117,14.537468910217285,36.95663070678711,48.18563461303711,321.52386474609375,133.93267822265625
2020-10-12,41.294654846191406,43.44746780395508,77.33822631835938,17.94135856628418,22.834444046020508,180.55999755859375,26.555801391601562,104.51776885986328,6.986260890960693,14.894414901733398,37.46682357788086,49.35905838012695,326.6964416503906,134.359375
2020-10-13,40.676448822021484,42.87218475341797,77.32975769042969,17.857873916625977,22.690528869628906,177.72000122070312,26.461633682250977,104.75071716308594,6.996392726898193,14.87248706817627,37.188533782958984,49.396732330322266,324.5644226074219,135.32144165039062
2020-10-14,40.75164031982422,42.7352180480957,77.32975769042969,17.75712013244629,22.574527740478516,178.27000427246094,26.45307159423828,104.7852554321289,7.036921977996826,14.751880645751953,37.04939270019531,48.91926193237305,322.5249938964844,135.6309356689453
2020-10-15,40.29216003417969,43.34701919555664,77.32975769042969,17.654211044311523,22.255294799804688,178.9199981689453,26.067832946777344,104.67306518554688,7.057187080383301,14.665386199951172,36.919532775878906,48.49077224731445,322.1264343261719,135.39674377441406
2020-10-16,40.367347717285156,42.98175811767578,77.33822631835938,17.76863670349121,22.287569046020508,178.3000030517578,26.050710678100586,104.61270141601562,7.031856536865234,14.612998962402344,36.98445510864258,48.41542434692383,321.9318542480469,135.0203094482422
2020-10-19,40.200260162353516,42.51605987548828,77.33822631835938,17.631181716918945,22.372173309326172,178.38999938964844,25.85381317138672,104.44013977050781,7.016657829284668,14.379093170166016,36.390777587890625,47.57161331176758,317.03729248046875,134.5099639892578
2020-10-20,40.43418502807617,42.98175811767578,77.32975769042969,17.70746421813965,22.605051040649414,179.25,25.999347686767578,104.21578979492188,7.082518577575684,14.427825927734375,36.50209426879883,47.851318359375,318.3072509765625,133.2299041748047
2020-10-21,40.559486389160156,42.70783233642578,77.32975769042969,17.879467010498047,22.7219295501709,180.60000610351562,25.828128814697266,104.0777587890625,7.052121162414551,14.414424896240234,36.390777587890625,47.72794723510742,317.7046813964844,132.76974487304688
2020-10-22,40.65974044799805,43.45021438598633,77.33822631835938,17.8765869140625,22.807405471801758,178.8300018310547,25.65691375732422,103.71537780761719,7.057187080383301,14.410770416259766,36.59485626220703,47.402099609375,319.447509765625,131.3893280029297
2020-10-23,40.84354019165039,43.8949089050293,77.33822631835938,17.943517684936523,22.906835556030273,178.63999938964844,25.716840744018555,103.86204528808594,6.991326332092285,14.485081672668457,36.5855827331543,47.6827392578125,320.5320129394531,132.19247436523438
2020-10-26,40.03317642211914,42.7260856628418,77.33822631835938,17.80462074279785,22.547483444213867,178.5500030517578,25.382966995239258,104.1381607055664,6.9102678298950195,14.240211486816406,35.89913558959961,47.027286529541016,314.6086120605469,133.4223175048828
2020-10-27,39.640533447265625,41.94078063964844,77.32975769042969,17.79598617553711,22.537887573242188,179.02000427246094,25.554180145263672,104.37110900878906,6.9507975578308105,14.34376335144043,35.79710006713867,47.27591323852539,313.5240478515625,134.31747436523438
2020-10-28,38.312225341796875,40.54366683959961,77.32975769042969,17.74056625366211,21.892459869384766,176.1300048828125,25.023405075073242,104.36250305175781,6.7785468101501465,13.779709815979004,34.554080963134766,45.729549407958984,302.8080749511719,134.44300842285156
2020-10-29,38.42166519165039,41.21939468383789,77.33822631835938,17.76719856262207,21.9221134185791,175.39999389648438,25.11757469177246,103.92245483398438,6.697488307952881,13.95513916015625,34.804542541503906,46.4810676574707,305.8857116699219,133.13792419433594
2020-10-30,38.27880859375,40.93632125854492,77.33822631835938,17.697389602661133,21.67527961730957,176.1999969482422,24.766582489013672,103.58597564697266,6.702553749084473,13.632303237915039,34.4242057800293,45.05243682861328,302.6968078613281,131.82440185546875
2020-11-02,38.70904541015625,41.8859977722168,77.33822631835938,17.700271606445312,21.960493087768555,177.91000366210938,25.031970977783203,103.7638168334961,6.808944225311279,13.678595542907715,34.86019515991211,45.444210052490234,306.08966064453125,132.81192016601562
2020-11-03,40.584556579589844,42.917842864990234,77.33822631835938,17.739133834838867,22.464630126953125,178.9199981689453,25.511377334594727,103.53070068359375,6.84947395324707,13.933211326599121,35.43532180786133,46.30590057373047,311.4939270019531,132.04136657714844
2020-11-04,39.89951705932617,42.05949401855469,77.32975769042969,17.689472198486328,22.96091651916504,178.82000732421875,26.136322021484375,104.40266418457031,6.915333271026611,14.592288970947266,36.27018737792969,48.14231491088867,318.4555969238281,134.90560913085938
2020-11-05,40.7432861328125,43.36528396606445,77.33822631835938,17.96582794189453,23.52785301208496,182.92999267578125,27.060895919799805,104.38538360595703,6.9457316398620605,14.949237823486328,36.94735336303711,49.3468132019043,324.6662902832031,135.14015197753906
2020-11-06,40.968841552734375,42.69868850708008,77.32975769042969,18.113359451293945,23.854061126708984,183.19000244140625,27.120820999145508,104.03146362304688,6.9203996658325195,14.97725772857666,37.04011154174805,49.5191535949707,324.5921325683594,133.5069580078125
2020-11-09,42.372352600097656,45.32854080200195,77.33822631835938,17.812536239624023,24.42186737060547,175.0800018310547,26.641414642333984,103.26307678222656,6.991326332092285,14.672694206237793,37.20708465576172,48.12348175048828,328.67095947265625,130.7012939453125
2020-11-10,42.64802932739258,46.57042694091797,77.32975769042969,17.747766494750977,24.366046905517578,175.66000366210938,25.999347686767578,102.96951293945312,7.117980480194092,14.413203239440918,37.06793212890625,46.87189865112305,328.18890380859375,129.94757080078125
2020-11-11,42.91536331176758,46.10472869873047,77.32975769042969,17.73697280883789,24.613750457763672,174.89999389648438,26.478755950927734,103.1335678100586,7.123046875,14.706804275512695,37.364784240722656,47.988807678222656,330.6268615722656,130.41659545898438
2020-11-12,42.25538635253906,45.01807403564453,77.32975769042969,17.74344825744629,24.27010154724121,175.9600067138672,26.410268783569336,103.72063446044922,7.062252998352051,14.622743606567383,37.03083801269531,47.70628356933594,327.41949462890625,132.63597106933594
2020-11-13,43.007266998291016,46.333011627197266,77.33822631835938,17.932003021240234,24.74545669555664,177.16000366210938,26.572925567626953,103.58251953125,7.031856536865234,14.723860740661621,37.55958557128906,48.053794860839844,331.9524230957031,132.4601287841797
2020-11-16,43.9178581237793,47.86709213256836,77.33822631835938,17.938478469848633,25.30367088317871,177.14999389648438,26.56436538696289,103.50481414794922,7.097716808319092,14.79451847076416,37.874977111816406,48.12159729003906,336.0960388183594,132.14187622070312
2020-11-17,43.909507751464844,48.25973892211914,77.33822631835938,17.998931884765625,25.250465393066406,176.5,26.367462158203125,103.77242279052734,7.112914562225342,14.75675106048584,37.64307403564453,47.970916748046875,334.2884216308594,133.0044708251953
2020-11-18,43.83433532714844,47.73012924194336,77.33822631835938,17.984540939331055,25.40048599243164,175.49000549316406,26.256174087524414,103.73793029785156,7.128113269805908,14.622743606567383,37.188533782958984,47.42940902709961,330.26531982421875,133.3896942138672
2020-11-19,43.96131134033203,48.13190841674805,77.33822631835938,17.977340698242188,25.246976852416992,175.16000366210938,26.58148765563965,103.85014343261719,7.128113269805908,14.729952812194824,37.374061584472656,47.63941955566406,331.6558532714844,134.0764617919922
2020-11-20,44.31051254272461,47.794044494628906,77.33822631835938,17.980939865112305,25.302797317504883,175.69000244140625,26.727018356323242,104.03146362304688,7.163577079772949,14.623964309692383,37.10505676269531,47.49251174926758,329.3846435546875,135.2657012939453
2020-11-23,44.61961364746094,49.282470703125,77.33822631835938,17.88882064819336,25.576671600341797,172.22999572753906,26.590044021606445,103.82426452636719,7.188907623291016,14.616654396057129,37.24419021606445,47.322994232177734,331.359130859375,134.64601135253906
2020-11-24,45.455039978027344,50.825687408447266,77.33822631835938,17.99101448059082,25.853164672851562,169.58999633789062,26.64997100830078,103.66020202636719,7.351025581359863,14.773809432983398,37.652347564697266,47.47366714477539,336.6985778808594,133.30601501464844
2020-11-25,45.371498107910156,50.232139587402344,77.32975769042969,17.944957733154297,25.700525283813477,169.50999450683594,26.727018356323242,103.69473266601562,7.404220104217529,14.862739562988281,37.615238189697266,47.82682800292969,336.17950439453125,132.89556884765625
2020-11-27,45.42997741699219,50.022117614746094,77.33822631835938,18.071617126464844,25.842695236206055,167.7899932861328,27.292034149169922,104.00554656982422,7.391555309295654,14.991878509521484,37.77293395996094,48.14231491088867,337.11572265625,134.1853485107422
2020-11-30,44.42747116088867,48.44603729248047,77.32975769042969,17.826210021972656,25.485958099365234,166.6699981689453,27.317718505859375,103.93647766113281,7.345958709716797,15.002843856811523,37.77293395996094,48.51901626586914,335.623291015625,134.0178680419922
2020-12-01,45.75578689575195,49.227684020996094,77.32386779785156,18.042827606201172,26.122676849365234,170.17999267578125,27.514619827270508,103.38358306884766,7.315561771392822,15.173397064208984,38.09760665893555,48.967281341552734,339.29412841796875,132.04180908203125
2020-12-02,45.697303771972656,49.66599655151367,77.33228302001953,18.006126403808594,26.314559936523438,171.4600067138672,27.480375289916992,103.21080017089844,7.351025581359863,15.149029731750488,38.15325927734375,48.79212188720703,340.0079040527344,130.9938201904297
2020-12-03,46.16514205932617,50.1682243347168,77.33228302001953,18.125595092773438,26.611116409301758,172.80999755859375,27.4033260345459,103.48722076416016,7.36622428894043,15.135631561279297,38.116153717041016,48.480403900146484,339.915283203125,132.05026245117188
2020-12-04,46.64968490600586,51.61647033691406,77.34073638916016,18.14646339416504,27.208576202392578,172.32000732421875,27.480375289916992,103.08121490478516,7.391555309295654,15.203853607177734,38.52431106567383,48.7365608215332,342.844482421875,130.11363220214844
2020-12-07,46.24867630004883,51.245731353759766,77.32386779785156,18.109039306640625,27.37516975402832,174.88999938964844,27.49749755859375,103.40087890625,7.386488914489746,15.27938461303711,38.42228317260742,48.941856384277344,342.1400146484375,131.28732299804688
2020-12-08,46.3572883605957,51.51967239379883,77.32386779785156,18.097524642944336,27.24433708190918,175.5,27.694398880004883,103.50453186035156,7.391555309295654,15.309840202331543,38.533592224121094,49.022850036621094,343.14111328125,131.90768432617188
2020-12-09,46.55778121948242,51.58360290527344,77.32386779785156,18.05290412902832,27.203344345092773,172.5,27.565988540649414,103.3576431274414,7.396621227264404,15.004061698913574,38.20891189575195,48.283573150634766,340.0635986328125,131.4718017578125
2020-12-10,46.541080474853516,51.93058776855469,77.32386779785156,18.2349796295166,27.23910140991211,172.1699981689453,27.625905990600586,103.59090423583984,7.508076190948486,15.072256088256836,38.134708404541016,48.38246536254883,339.9523620605469,132.63706970214844
2020-12-11,46.373992919921875,51.373573303222656,77.33228302001953,18.127750396728516,26.84661102294922,172.49000549316406,27.608789443969727,103.79825592041016,7.492879390716553,15.053956985473633,38.125431060791016,48.24685287475586,339.5537414550781,133.1065216064453
2020-12-14,46.65803146362305,50.83481979370117,77.32386779785156,18.119117736816406,26.797767639160156,171.5399932861328,27.668710708618164,103.73777770996094,7.518209457397461,15.10519027709961,38.07905197143555,48.640499114990234,338.03350830078125,132.7376708984375
2020-12-15,47.45167922973633,52.22279739379883,77.32386779785156,18.322065353393555,27.09954833984375,173.94000244140625,27.737207412719727,103.63409423828125,7.579004287719727,15.284523010253906,38.56142044067383,49.038856506347656,342.603515625,132.29335021972656
2020-12-16,47.55192947387695,51.93058776855469,77.33228302001953,18.42209815979004,27.26439666748047,174.89999389648438,28.028276443481445,103.54771423339844,7.624598979949951,15.374795913696289,38.552154541015625,49.409912109375,343.14111328125,131.9412078857422
2020-12-17,47.92887496948242,52.26925277709961,77.33228302001953,18.550193786621094,27.372549057006836,176.74000549316406,28.41350746154785,103.4725112915039,7.705657482147217,15.501670837402344,38.87681198120117,49.74235534667969,345.0599365234375,131.59213256835938
2020-12-18,47.75984191894531,51.92049026489258,77.33228302001953,18.501258850097656,27.343772888183594,176.44000244140625,28.404953002929688,103.38607788085938,7.74618673324585,15.491910934448242,38.78404998779297,49.70845031738281,343.68212890625,131.1976776123047
2020-12-21,47.19358444213867,51.617618560791016,77.33228302001953,18.291837692260742,26.89021873474121,175.8800048828125,28.245023727416992,103.45521545410156,7.650430202484131,15.49435043334961,38.58470153808594,49.5478515625,342.453369140625,131.71804809570312
2020-12-22,46.88087844848633,51.470767974853516,77.33228302001953,18.126312255859375,26.79427146911621,174.49000549316406,28.26222038269043,103.62813568115234,7.574431896209717,15.578523635864258,38.53812789916992,49.720726013183594,341.8761291503906,132.39784240722656
2020-12-23,47.48939895629883,52.4803581237793,77.32386779785156,18.300474166870117,27.012327194213867,175.64999389648438,28.399791717529297,103.4119873046875,7.6656293869018555,15.487030982971191,38.42633819580078,49.45432662963867,342.183349609375,131.48309326171875
2020-12-24,47.7344856262207,52.33351516723633,77.33228302001953,18.231386184692383,27.2286376953125,176.35000610351562,28.37399673461914,103.55896759033203,7.67576265335083,15.551688194274902,38.64059066772461,49.526126861572266,343.5146179199219,132.00332641601562
2020-12-28,47.988033294677734,52.34269714355469,77.33228302001953,18.286802291870117,27.500768661499023,175.7100067138672,28.494369506835938,103.56761932373047,7.635230541229248,15.707839012145996,38.836219787597656,49.9569091796875,346.4656677246094,132.0620880126953
2020-12-29,48.22468185424805,51.59926223754883,77.33228302001953,18.43115997314453,27.723180770874023,176.35000610351562,28.76951026916504,103.55028533935547,7.6656293869018555,15.663918495178223,38.87348937988281,49.90684127807617,345.80474853515625,131.89422607421875
2020-12-30,48.444419860839844,52.195838928222656,77.32386779785156,18.62920570373535,28.04636573791504,177.6999969482422,28.855493545532227,103.61946868896484,7.701095104217529,15.655379295349121,38.99458312988281,49.827476501464844,346.2980651855469,132.17959594726562
2020-12-31,48.26694107055664,52.16831588745117,77.33228302001953,18.542150497436523,27.921995162963867,178.36000061035156,28.66633415222168,103.6886215209961,7.731493949890137,15.665145874023438,39.22747039794922,49.98430633544922,348.0576171875,132.3726043701172
2021-01-04,48.292293548583984,51.681880950927734,77.33228302001953,18.57044792175293,28.421232223510742,182.3300018310547,28.958669662475586,103.71453857421875,7.7061614990234375,15.45897102355957,38.77100372314453,49.29656219482422,343.3191223144531,132.21315002441406
2021-01-05,49.103641510009766,53.05858612060547,77.32386779785156,19.04052734375,28.95987319946289,182.8699951171875,29.25101089477539,103.4725112915039,7.924022197723389,15.55656909942627,39.05978775024414,49.6923942565918,345.68365478515625,131.23123168945312
2021-01-06,49.90654373168945,56.032283782958984,77.33228302001953,18.915752410888672,29.1534366607666,179.89999389648438,29.06184959411621,102.86740112304688,7.9442877769470215,15.378457069396973,39.199527740478516,48.95457458496094,347.7503662109375,128.53726196289062
2021-01-07,50.134735107421875,56.656402587890625,77.33228302001953,18.848285675048828,29.542312622070312,179.47999572753906,29.147836685180664,102.50435638427734,7.974686622619629,15.757854461669922,39.777076721191406,49.91817855834961,352.91705322265625,127.40435791015625
2021-01-08,50.26995849609375,55.912967681884766,77.32386779785156,19.04560661315918,30.155406951904297,173.33999633789062,29.560548782348633,102.21044158935547,8.04055118560791,15.911566734313965,39.93544006347656,50.38108444213867,354.9278564453125,126.9930648803711
2021-01-11,49.568477630615234,56.35352325439453,77.33228302001953,18.7742919921875,29.985490798950195,173.0,29.27680015563965,102.01161193847656,7.974686622619629,15.676116943359375,39.97270584106445,50.048545837402344,352.5354309082031,126.78327178955078
2021-01-12,50.09247589111328,57.858726501464844,77.32386779785156,18.938243865966797,29.870752334594727,174.1199951171875,29.336994171142578,101.99434661865234,8.111483573913574,15.654162406921387,39.79571533203125,49.78779983520508,352.60986328125,126.68260192871094
2021-01-13,49.98598861694336,57.06849670410156,77.32386779785156,18.86714744567871,29.73500633239746,173.3699951171875,29.457368850708008,102.34876251220703,8.086149215698242,15.723698616027832,39.85160446166992,50.064605712890625,353.5594177246094,128.10928344726562
2021-01-14,50.33757019042969,58.41858673095703,77.33228302001953,18.999177932739258,30.09409523010254,173.27999877929688,29.55194854736328,102.11534881591797,8.162148475646973,15.540706634521484,39.683921813964844,49.682010650634766,352.3212585449219,126.90911865234375
2021-01-15,49.272674560546875,57.372283935546875,77.33228302001953,18.65459632873535,29.62989616394043,171.1300048828125,29.17362403869629,102.3919677734375,8.045616149902344,15.437012672424316,39.47897720336914,49.511009216308594,349.7518615722656,127.41276550292969
2021-01-19,49.551578521728516,57.84954833984375,77.33228302001953,18.885286331176758,29.90140724182129,172.5800018310547,29.483156204223633,102.45246887207031,8.06081771850586,15.61634349822998,39.81434631347656,50.11750411987305,352.498046875,127.82390594482422
2021-01-20,50.1431884765625,58.1157112121582,77.33228302001953,19.14208984375,30.041542053222656,175.38999938964844,29.75830078125,102.4957046508789,8.07094955444336,16.007944107055664,40.12174987792969,51.24737548828125,357.3761901855469,127.94983673095703
2021-01-21,50.109378814697266,57.34475326538086,77.33228302001953,19.18996810913086,30.18956184387207,175.27999877929688,29.956066131591797,102.34876251220703,8.07094955444336,16.12017822265625,40.177642822265625,51.61391830444336,357.7021179199219,127.05187225341797
2021-01-22,49.61073303222656,57.87708282470703,77.32386779785156,19.015865325927734,29.647415161132812,173.89999389648438,29.938871383666992,102.50435638427734,7.949353218078613,16.13115692138672,40.00997543334961,51.680992126464844,356.4360046386719,127.46302032470703
2021-01-25,49.22196578979492,57.601741790771484,77.33228302001953,19.055036544799805,29.73500633239746,174.0500030517578,30.102230072021484,102.91925811767578,8.025351524353027,16.23362922668457,40.252174377441406,51.990848541259766,357.8416748046875,128.96527099609375
2021-01-26,49.35719299316406,57.0877685546875,77.32386779785156,18.955652236938477,29.643037796020508,173.6199951171875,29.81849479675293,102.88471221923828,8.035484313964844,16.2031307220459,40.24286651611328,51.95684814453125,357.28314208984375,128.72190856933594
2021-01-27,48.097904205322266,56.390228271484375,77.32386779785156,18.687240600585938,29.058841705322266,172.52000427246094,28.984466552734375,103.0057144165039,8.000019073486328,15.771276473999023,39.26472473144531,50.42642593383789,348.551025390625,129.04922485351562
2021-01-28,48.774024963378906,56.142417907714844,77.33228302001953,18.796056747436523,29.380277633666992,172.67999267578125,29.096242904663086,102.73774719238281,7.979753017425537,15.894486427307129,39.702552795410156,50.63615036010742,351.54852294921875,128.33584594726562
2021-01-29,47.954227447509766,54.85749053955078,77.33228302001953,18.5203914642334,28.438749313354492,172.61000061035156,28.597549438476562,102.55621337890625,7.979753017425537,15.55290699005127,38.99458312988281,50.07406234741211,344.5107116699219,127.56378936767578
2021-02-01,48.70557403564453,56.16078567504883,77.33228302001953,18.7365665435791,29.148176193237305,174.22999572753906,29.079050064086914,102.68423461914062,8.136816024780273,15.949384689331055,39.544193267822266,50.787296295166016,350.245361328125,127.71163177490234
2021-02-02,49.2811279296875,56.8399658203125,77.32386779785156,18.856992721557617,29.262039184570312,172.11000061035156,29.34559440612793,102.42472076416016,8.192546844482422,16.2189884185791,40.01927185058594,51.46466827392578,355.1978759765625,126.88831329345703
2021-02-03,49.63608932495117,57.59256362915039,77.32386779785156,19.012958526611328,29.207740783691406,171.85000610351562,29.328397750854492,102.17388916015625,8.258411407470703,16.2104549407959,39.73050308227539,51.15573501586914,355.4770812988281,125.76235961914062
2021-02-04,49.75441360473633,58.71229553222656,77.33228302001953,18.987571716308594,29.200725555419922,168.14999389648438,29.285404205322266,102.13928985595703,8.298943519592285,16.399534225463867,40.26148986816406,51.63753890991211,359.5173034667969,125.42626190185547
2021-02-05,50.32912063598633,59.152828216552734,77.33228302001953,19.194320678710938,29.59574317932129,169.80999755859375,29.44016456604004,101.92303466796875,8.35467529296875,16.467857360839844,40.4105339050293,51.643211364746094,360.932373046875,124.37599182128906
2021-02-08,50.80241012573242,60.80488967895508,77.33228302001953,19.292978286743164,29.61675453186035,171.52000427246094,29.64652442932129,101.96630096435547,8.476271629333496,16.54227066040039,40.75520706176758,52.021087646484375,363.5390625,124.9221420288086
2021-02-09,50.92918014526367,60.759002685546875,77.33228302001953,19.425010681152344,29.81820297241211,172.0800018310547,29.981857299804688,102.04415893554688,8.506670951843262,16.53617286682129,40.69931411743164,52.00407791137695,363.2969970703125,125.01453399658203
2021-02-10,50.8277587890625,60.9150276184082,77.32386779785156,19.42646026611328,29.831344604492188,172.7100067138672,29.947460174560547,102.30365753173828,8.501604080200195,16.520315170288086,40.69931411743164,52.04281234741211,363.1387023925781,125.84639739990234
2021-02-11,51.15737533569336,60.69474792480469,77.33228302001953,19.499727249145508,30.19044303894043,171.2100067138672,30.403173446655273,102.22579193115234,8.476271629333496,16.591068267822266,41.034671783447266,52.29694366455078,363.7251281738281,125.15741729736328
2021-02-12,51.267242431640625,61.181209564208984,77.32386779785156,19.706480026245117,30.21233558654785,170.69000244140625,30.549335479736328,101.88841247558594,8.572535514831543,16.67524528503418,41.24892807006836,52.6171989440918,365.5219421386719,123.60305786132812
2021-02-16,51.740535736083984,61.67681121826172,77.33228302001953,19.84068489074707,30.571434020996094,168.24000549316406,30.600923538208008,101.1531753540039,8.694130897521973,16.610586166381836,41.155765533447266,52.41880416870117,365.2054138183594,121.7209243774414
2021-02-17,51.53769302368164,61.36476135253906,77.33228302001953,19.76015853881836,30.304302215576172,166.3300018310547,30.342988967895508,101.2223892211914,8.729597091674805,16.547151565551758,41.025352478027344,52.25159454345703,365.2891845703125,122.49394226074219
2021-02-18,50.87847900390625,60.08900833129883,77.32386779785156,19.630308151245117,30.120372772216797,166.32000732421875,30.136621475219727,101.2137451171875,8.694130897521973,16.470294952392578,40.86698532104492,51.9662971496582,363.7344970703125,121.99821472167969
2021-02-19,51.21653366088867,61.493247985839844,77.33228302001953,19.74637794494629,30.383129119873047,167.00999450683594,30.26559829711914,100.80718994140625,8.67893123626709,16.386123657226562,40.73657989501953,51.480709075927734,363.0921630859375,120.37662506103516
2021-02-22,51.698280334472656,62.612972259521484,77.32386779785156,19.84068489074707,29.813827514648438,169.50999450683594,29.75830078125,100.64282989501953,8.891724586486816,16.00672149658203,40.401222229003906,50.42546844482422,360.2992858886719,119.46080017089844
2021-02-23,51.68982696533203,62.69560241699219,77.32386779785156,19.908151626586914,29.770034790039062,169.1199951171875,29.40578269958496,100.72066497802734,8.932257652282715,15.961577415466309,40.401222229003906,50.200645446777344,360.7369689941406,119.11631774902344
2021-02-24,52.23917007446289,64.3568115234375,77.31539916992188,20.016239166259766,29.96272087097168,169.0,29.104839324951172,100.58226776123047,9.058920860290527,16.071378707885742,40.988101959228516,50.34612274169922,364.71197509765625,118.33490753173828
2021-02-25,51.26301956176758,62.69560241699219,77.32386779785156,19.964006423950195,29.282182693481445,165.82000732421875,28.494369506835938,99.24153900146484,8.987987518310547,15.541927337646484,39.93544006347656,48.902626037597656,355.9239501953125,116.40241241455078
2021-02-26,50.64183807373047,62.0990104675293,77.32386779785156,19.343034744262695,28.92922019958496,161.80999755859375,28.167640686035156,100.13249206542969,8.805593490600586,15.61634349822998,39.777076721191406,49.352298736572266,354.0900573730469,120.25062561035156
2021-03-01,51.53769302368164,64.14572143554688,77.31539916992188,19.589685440063477,29.667556762695312,161.52999877929688,28.61474609375,100.01996612548828,8.724530220031738,16.055519104003906,40.662052154541016,50.664493560791016,362.6731872558594,118.662353515625
2021-03-02,51.419376373291016,63.42063522338867,77.31539916992188,19.492473602294922,29.54932403564453,162.41000366210938,28.528766632080078,100.20172119140625,8.749862670898438,15.832268714904785,40.26148986816406,49.66310501098633,359.8431701660156,118.6707992553711
2021-03-03,51.52924346923828,64.23748016357422,77.32386779785156,19.62668228149414,29.393423080444336,160.6199951171875,27.952686309814453,99.66512298583984,8.815727233886719,15.391879081726074,39.590763092041016,48.25076675415039,355.07684326171875,117.38373565673828
2021-03-04,51.07286071777344,63.439002990722656,77.32386779785156,19.691970825195312,28.893310546875,159.0399932861328,27.307823181152344,99.17178344726562,8.947455406188965,15.138130187988281,38.86416244506836,47.226715087890625,350.6827697753906,116.62662506103516
2021-03-05,51.47853469848633,65.32051849365234,77.32386779785156,19.884212493896484,29.165699005126953,159.13999938964844,27.385204315185547,99.03326416015625,9.139986038208008,15.338199615478516,39.72119903564453,48.05143737792969,357.1341552734375,116.85379028320312
2021-03-08,51.48698425292969,66.67887115478516,77.31539916992188,19.661502838134766,28.600778579711914,157.49000549316406,26.774734497070312,98.64375305175781,9.018387794494629,14.981978416442871,39.460357666015625,47.00092697143555,355.3560485839844,115.94525146484375
2021-03-09,52.22903823852539,66.47695922851562,77.31539916992188,19.728967666625977,29.09563446044922,160.83999633789062,27.436796188354492,99.11119079589844,9.023453712463379,15.51752758026123,40.13106918334961,48.49544143676758,360.4297180175781,117.5519790649414
2021-03-10,52.52653503417969,68.1290283203125,77.31539916992188,19.795705795288086,29.165699005126953,161.66000366210938,27.419599533081055,99.31890106201172,9.07918643951416,15.498013496398926,40.20559310913086,48.428375244140625,362.6731872558594,117.78752899169922
2021-03-11,52.99136734008789,68.96420288085938,77.32386779785156,20.132308959960938,29.9250545501709,161.52000427246094,27.875303268432617,99.2842788696289,9.200782775878906,15.861550331115723,40.59684753417969,49.395751953125,366.3504943847656,116.93787384033203
2021-03-12,53.304073333740234,69.68927001953125,77.31539916992188,20.234596252441406,29.778791427612305,161.49000549316406,27.84950828552246,98.5658950805664,9.180517196655273,15.762736320495605,40.540950775146484,49.12839889526367,366.84375,114.456298828125
2021-03-15,53.33787536621094,69.75354766845703,77.31539916992188,20.19034194946289,29.82258415222168,162.1999969482422,27.944091796875,98.68706512451172,9.155183792114258,15.917669296264648,40.848365783691406,49.572410583496094,369.031494140625,115.12930297851562
2021-03-16,53.32943344116211,68.54203033447266,77.31539916992188,20.18018913269043,29.74375343322754,162.35000610351562,28.167640686035156,98.66974639892578,9.114652633666992,15.946944236755371,40.96946334838867,49.88699722290039,368.5660705566406,114.66661834716797
2021-03-17,53.591426849365234,69.14776611328125,77.32386779785156,20.334705352783203,29.848857879638672,163.50999450683594,28.210634231567383,98.50531005859375,9.114652633666992,15.98110294342041,41.01603698730469,49.786861419677734,369.82281494140625,113.80855560302734
2021-03-18,53.109683990478516,67.5966796875,77.31539916992188,19.936445236206055,29.287437438964844,162.55999755859375,27.875303268432617,97.89076232910156,8.689064979553223,15.541927337646484,40.4105339050293,48.68532943725586,364.4420471191406,112.6560287475586
2021-03-19,53.473106384277344,67.93626403808594,77.31539916992188,20.05251121520996,29.412681579589844,163.24000549316406,28.064464569091797,97.83019256591797,8.846126556396484,15.59682559967041,40.32670211791992,49.10100555419922,363.7676696777344,113.35428619384766
2021-03-22,53.43084716796875,66.77066040039062,77.31539916992188,19.9777889251709,29.402177810668945,163.0,28.116291046142578,98.15045166015625,8.846126556396484,15.823731422424316,40.796817779541016,49.9250373840332,366.67230224609375,114.6245346069336
2021-03-23,52.272987365722656,63.95954895019531,77.32386779785156,19.549785614013672,28.78032684326172,161.80999755859375,27.77077293395996,98.6351089477539,8.58773422241211,15.75663948059082,40.479034423828125,49.50120162963867,363.7863464355469,115.65921783447266
2021-03-24,52.01943588256836,63.45295333862305,77.31539916992188,19.514963150024414,28.50881576538086,162.3699951171875,27.4857234954834,98.76493835449219,8.815727233886719,15.52875804901123,40.29210662841797,48.66107177734375,361.9371032714844,116.28172302246094
2021-03-25,52.433563232421875,65.2674789428711,77.31539916992188,19.568647384643555,28.67960548400879,161.77999877929688,27.563467025756836,98.6351089477539,8.618132591247559,15.495789527893066,40.479034423828125,48.6175537109375,363.97314453125,115.36479949951172
2021-03-26,53.21956253051758,67.08197784423828,77.31539916992188,19.874780654907227,29.41093635559082,162.24000549316406,28.14220428466797,98.30626678466797,8.825860977172852,15.70705509185791,41.45106506347656,49.36213302612305,369.8385925292969,114.96105194091797
2021-03-29,52.72513961791992,65.23983001708984,77.31539916992188,19.9284610748291,29.2182559967041,160.30999755859375,27.917617797851562,97.96867370605469,8.820794105529785,15.693622589111328,41.51648712158203,49.26372528076172,369.65179443359375,113.98519897460938
2021-03-30,52.65330123901367,66.42801666259766,77.32386779785156,19.784099578857422,29.402177810668945,157.57000732421875,27.805322647094727,97.88213348388672,8.714397430419922,15.621570587158203,41.1706657409668,49.11708450317383,368.6710510253906,114.58244323730469
2021-03-31,52.56878662109375,66.51091003417969,77.31539916992188,19.90742301940918,29.419694900512695,159.9600067138672,28.090373992919922,97.74362182617188,8.73213005065918,15.848715782165527,41.432373046875,50.167240142822266,370.1654968261719,113.94312286376953
2021-04-01,53.304073333740234,67.42279052734375,77.32386779785156,19.93498992919922,29.67369270324707,161.97999572753906,28.755491256713867,98.1766586303711,8.881591796875,16.129594802856445,41.871646881103516,50.82951354980469,374.1628112792969,115.83427429199219
2021-04-05,54.05625915527344,67.68988037109375,77.31539916992188,20.116350173950195,29.848857879638672,161.9199981689453,29.135560989379883,97.89952850341797,8.744797706604004,16.420238494873047,42.39503860473633,51.816280364990234,379.5333251953125,115.32886505126953
2021-04-06,53.7689094543457,67.44120788574219,77.30696105957031,20.058313369750977,29.953964233398438,163.22000122070312,28.910978317260742,98.37584686279297,8.800528526306152,16.43733024597168,42.282894134521484,51.69706726074219,379.3091125488281,116.11223602294922
2021-04-07,53.942176818847656,66.98067474365234,77.30696105957031,20.037277221679688,29.866376876831055,162.75999450683594,28.859148025512695,98.31523895263672,8.810661315917969,16.49228858947754,42.264183044433594,51.7254524230957,379.7481689453125,115.30358123779297
2021-04-08,54.08162307739258,66.98067474365234,77.31539916992188,20.051788330078125,30.06782341003418,164.50999450683594,29.28240394592285,98.65301513671875,8.856260299682617,16.701108932495117,42.535240173339844,52.29689025878906,381.5506896972656,116.25545501708984
2021-04-09,54.25065231323242,67.19248962402344,77.30696105957031,20.10256576538086,29.997751235961914,163.27000427246094,29.394697189331055,98.3931884765625,8.835993766784668,16.850099563598633,42.806278228759766,52.820072174072266,384.3246154785156,115.83427429199219
2021-04-12,53.878780364990234,67.38594818115234,77.30696105957031,20.096759796142578,29.848857879638672,162.27999877929688,29.057819366455078,98.3325424194336,8.830927848815918,16.86963653564453,42.843666076660156,52.9988899230957,384.4647216796875,115.78375244140625
2021-04-13,54.284454345703125,66.57540130615234,77.30696105957031,20.109094619750977,29.93119239807129,163.42999267578125,29.368783950805664,98.7396240234375,8.917057037353516,17.060144424438477,43.0025520324707,53.87306213378906,385.60418701171875,116.6513900756836
2021-04-14,54.453487396240234,67.59779357910156,77.30696105957031,20.208478927612305,30.12212562561035,162.72000122070312,29.28240394592285,98.61834716796875,9.139986038208008,16.87451934814453,42.85301208496094,53.07929611206055,384.28729248046875,116.28073120117188
2021-04-15,54.943687438964844,67.66226196289062,77.31539916992188,20.18816375732422,30.514503479003906,165.35000610351562,29.602006912231445,99.25057983398438,9.20584774017334,17.1639461517334,43.45118713378906,54.037689208984375,388.41552734375,118.22663116455078
2021-04-16,55.366268157958984,68.0859603881836,77.31539916992188,20.297710418701172,30.567060470581055,166.35000610351562,29.783397674560547,98.98208618164062,9.200782775878906,17.162721633911133,43.582035064697266,54.04904556274414,389.7137756347656,117.3084487915039
2021-04-19,55.332454681396484,67.67147827148438,77.30696105957031,20.577726364135742,30.496990203857422,165.88999938964844,29.49835205078125,98.87818145751953,9.210914611816406,17.03205680847168,43.348365783691406,53.36975860595703,387.7990417480469,116.97149658203125
2021-04-20,54.30136489868164,65.5345687866211,77.30696105957031,20.074275970458984,30.304302215576172,166.47999572753906,28.971439361572266,99.1726303100586,9.185582160949707,16.917264938354492,43.058624267578125,52.944007873535156,384.9597473144531,117.51058959960938
2021-04-21,54.64788055419922,66.81486511230469,77.30696105957031,20.162776947021484,30.367361068725586,168.1300048828125,29.291044235229492,99.224609375,9.150115966796875,17.03449821472168,43.45118713378906,53.50314712524414,388.60223388671875,117.74646759033203
2021-04-22,54.47884750366211,66.3266830444336,77.31539916992188,20.059764862060547,29.866376876831055,167.0399932861328,29.40333366394043,99.3025894165039,9.226114273071289,16.89284324645996,43.06798553466797,52.82765197753906,385.05316162109375,118.26033020019531
2021-04-23,55.02819061279297,67.82804870605469,77.31539916992188,20.328176498413086,30.257877349853516,166.39999389648438,29.835224151611328,99.1726303100586,9.281846046447754,17.138301849365234,43.42314910888672,53.61006164550781,389.22802734375,117.9822998046875
2021-04-26,55.332454681396484,68.06754302978516,77.30696105957031,20.282474517822266,30.52764129638672,166.83999633789062,29.878421783447266,99.06871032714844,9.357844352722168,17.239662170410156,43.39510726928711,54.014041900634766,390.0406494140625,117.8138427734375
2021-04-27,55.31554412841797,68.53729248046875,77.31539916992188,20.41377830505371,30.309555053710938,166.4199981689453,29.80067253112793,98.678955078125,9.454107284545898,17.183488845825195,43.3203239440918,53.82008743286133,389.9565734863281,116.7861328125
2021-04-28,55.332454681396484,68.9793930053711,77.30696105957031,20.418855667114258,30.391889572143555,166.91000366210938,29.783397674560547,98.80889129638672,9.464241027832031,17.172494888305664,43.03993225097656,53.416107177734375,389.84442138671875,116.8619384765625
2021-04-29,55.39160919189453,69.18203735351562,77.30696105957031,20.538555145263672,30.26050567626953,166.22000122070312,29.5501766204834,98.63565826416016,9.525038719177246,17.1822566986084,43.16144561767578,53.168235778808594,392.32891845703125,116.51659393310547
2021-04-30,54.67323303222656,68.06754302978516,77.31539916992188,20.354291915893555,29.696462631225586,165.66000366210938,29.066457748413086,98.72227478027344,9.438907623291016,17.058921813964844,42.75020217895508,52.857913970947266,389.7510986328125,116.7861328125
2021-05-03,55.476131439208984,69.51362609863281,77.31539916992188,20.44497299194336,29.805068969726562,167.80999755859375,29.28240394592285,98.89041900634766,9.550372123718262,16.96122932434082,42.96517562866211,52.583553314208984,390.5917053222656,116.85617065429688
2021-05-04,54.81690979003906,69.5688705444336,77.30696105957031,20.287551879882812,29.603620529174805,166.5800018310547,28.617286682128906,99.0203857421875,9.702366828918457,16.69989013671875,42.68478012084961,51.732086181640625,388.1820373535156,117.64911651611328
2021-05-05,55.51838302612305,70.24127197265625,77.31539916992188,20.51534080505371,29.882143020629883,167.27000427246094,28.997356414794922,99.14170837402344,9.727700233459473,16.582653045654297,42.759552001953125,51.79829406738281,388.3034362792969,117.84319305419922
2021-05-06,55.9663200378418,70.63732147216797,77.31539916992188,20.435543060302734,30.03278923034668,170.05999755859375,28.84187126159668,99.18504333496094,9.783430099487305,16.652265548706055,43.011905670166016,52.16443634033203,391.4042663574219,118.0372314453125
2021-05-07,56.80302429199219,71.57684326171875,77.30696105957031,20.718463897705078,30.421667098999023,171.58999633789062,29.144197463989258,99.2197265625,9.859426498413086,16.790260314941406,43.39510726928711,52.60246658325195,394.2528991699219,117.45515441894531
2021-05-10,56.68470764160156,70.66497039794922,77.30696105957031,20.696699142456055,30.172924041748047,172.11000061035156,28.703662872314453,99.0203857421875,9.813830375671387,16.417797088623047,42.96517562866211,51.371604919433594,390.3488464355469,116.26564025878906
2021-05-11,56.09732437133789,70.09390258789062,77.30696105957031,20.512434005737305,29.882143020629883,172.13999938964844,28.23721694946289,98.85574340820312,9.92529296875,16.38237953186035,42.75020217895508,51.325252532958984,386.864990234375,115.60763549804688
2021-05-12,54.8507080078125,67.96621704101562,77.29850769042969,20.21790885925293,28.854766845703125,170.42999267578125,27.295690536499023,98.37907409667969,9.90502643585205,15.94762897491455,41.796875,49.72637176513672,378.6461181640625,114.39281463623047
2021-05-13,55.171875,69.3202133178711,77.29850769042969,20.232419967651367,29.092124938964844,171.1300048828125,27.287052154541016,98.70838928222656,9.641568183898926,16.072193145751953,42.36699295043945,50.123722076416016,383.19451904296875,114.57000732421875
2021-05-14,55.8141975402832,71.16236114501953,77.29850769042969,20.725717544555664,29.56858253479004,172.69000244140625,27.90898323059082,98.9250717163086,9.727700233459473,16.405580520629883,42.96517562866211,51.13603973388672,389.0786437988281,115.6413803100586
2021-05-17,55.8141975402832,71.84394073486328,77.30696105957031,20.754735946655273,28.78645896911621,174.6999969482422,27.6671199798584,98.82971954345703,9.83916187286377,16.322538375854492,42.815616607666016,50.77558517456055,388.08856201171875,115.39676666259766
2021-05-18,56.059288024902344,70.70183563232422,77.30696105957031,20.73297119140625,29.23664665222168,175.0399932861328,27.995359420776367,98.82971954345703,9.80369758605957,16.23461151123047,42.516544342041016,50.50216293334961,384.7449645996094,115.10145568847656
2021-05-19,55.39160919189453,69.8636474609375,77.29850769042969,20.41595458984375,28.983522415161133,175.16000366210938,27.77077293395996,98.53508758544922,9.575703620910645,16.232166290283203,42.55392837524414,50.45484924316406,383.7362060546875,114.82310485839844
2021-05-20,56.0001335144043,69.63336944580078,77.29850769042969,20.508087158203125,29.119285583496094,175.9600067138672,28.40134048461914,98.94239044189453,9.474374771118164,16.522815704345703,43.152095794677734,51.324310302734375,387.8645324707031,115.76793670654297
2021-05-21,55.987449645996094,70.08467864990234,77.30696105957031,20.56321907043457,28.859153747558594,176.0399932861328,28.435890197753906,98.97708129882812,9.580769538879395,16.43977165222168,43.16144561767578,51.150230407714844,387.54693603515625,116.13908386230469
2021-05-24,56.34663391113281,70.19522094726562,77.29850769042969,20.767066955566406,29.047462463378906,176.35000610351562,28.651838302612305,99.07238006591797,9.707432746887207,16.71698760986328,43.57268142700195,51.98939895629883,391.49774169921875,116.5693588256836
2021-05-25,56.0761833190918,68.9149169921875,77.29850769042969,20.788827896118164,29.220001220703125,177.9499969482422,28.772769927978516,99.43638610839844,9.656767845153809,16.747512817382812,43.46986770629883,52.00454330444336,390.6290283203125,117.64911651611328
2021-05-26,56.025482177734375,70.39785766601562,77.29850769042969,20.79100799560547,29.38815689086914,177.63999938964844,28.781404495239258,99.32372283935547,9.692233085632324,16.791481018066406,43.42314910888672,52.18241500854492,391.4042663574219,117.44670104980469
2021-05-27,56.30860900878906,71.4847183227539,77.30696105957031,20.950599670410156,29.54669952392578,177.7100067138672,28.91961097717285,99.150390625,9.83409595489502,16.756067276000977,43.3670654296875,52.34703063964844,391.6097717285156,116.97428894042969
2021-05-28,56.4987678527832,71.36499786376953,77.30696105957031,20.942623138427734,30.080961227416992,178.3800048828125,29.066457748413086,99.14170837402344,9.808764457702637,16.781707763671875,43.553985595703125,52.44163513183594,392.3102111816406,116.78870391845703
2021-06-01,56.9297981262207,72.70976257324219,77.29850769042969,20.730070114135742,30.488229751586914,177.89999389648438,29.126924514770508,99.1235580444336,9.981024742126465,16.714542388916016,43.22686004638672,52.086849212646484,391.9646911621094,116.76250457763672
2021-06-02,57.10728454589844,72.34133911132812,77.29850769042969,20.90345001220703,30.61084747314453,178.77000427246094,29.005992889404297,99.23629760742188,10.031688690185547,16.743854522705078,43.43248748779297,52.07928466796875,392.5810546875,117.03282165527344
2021-06-03,56.68470764160156,72.12028503417969,77.29850769042969,20.815671920776367,30.296411514282227,175.27000427246094,28.703662872314453,98.98477172851562,9.95569133758545,16.5570068359375,43.46052551269531,51.62138366699219,391.1239929199219,116.593505859375
2021-06-04,57.26786804199219,72.13871002197266,77.30696105957031,20.936092376708984,30.550405502319336,177.16000366210938,29.07509422302246,99.53113555908203,10.067156791687012,16.80002784729004,43.946537017822266,52.35647964477539,394.701171875,118.19021606445312
2021-06-07,57.310123443603516,72.33211517333984,77.29010009765625,20.885311126708984,30.353343963623047,177.8699951171875,29.118282318115234,99.45308685302734,10.087421417236328,16.836660385131836,44.077392578125,52.52111053466797,394.3182678222656,117.82696533203125
2021-06-08,57.25095748901367,73.03215026855469,77.29010009765625,20.925214767456055,30.200069427490234,177.32000732421875,29.10100555419922,99.73926544189453,10.183684349060059,16.87330436706543,44.021305084228516,52.48894119262695,394.40234375,118.65491485595703
2021-06-09,56.83683776855469,72.2400131225586,77.29010009765625,21.089160919189453,30.304302215576172,176.97999572753906,28.9023380279541,100.05145263671875,10.127952575683594,16.87940788269043,44.04934310913086,52.45677947998047,393.81396484375,119.70245361328125
2021-06-10,56.92135238647461,71.38341522216797,77.29010009765625,21.01806640625,30.535520553588867,177.74000549316406,29.135560989379883,100.4070053100586,10.168485641479492,17.05281639099121,44.404502868652344,52.9686164855957,395.6445617675781,120.42054748535156
2021-06-11,56.96360397338867,72.21238708496094,77.29850769042969,20.97091293334961,30.381366729736328,175.74000549316406,29.230573654174805,100.25956726074219,10.133020401000977,17.110210418701172,44.432552337646484,53.13323211669922,396.29833984375,120.22626495361328
2021-06-14,56.96360397338867,71.21760559082031,77.29010009765625,20.965110778808594,30.579851150512695,174.7100067138672,29.44651985168457,99.94737243652344,10.092489242553711,17.272632598876953,44.58208465576172,53.60532760620117,397.1855773925781,119.30538177490234
2021-06-15,56.79457092285156,71.69656372070312,77.29010009765625,21.122529983520508,30.481487274169922,174.0500030517578,29.394697189331055,99.96473693847656,10.051957130432129,17.1822566986084,44.423194885253906,53.169189453125,396.45703125,119.16177368164062
2021-06-16,56.32974624633789,71.44786071777344,77.29850769042969,20.837432861328125,30.130207061767578,171.11000061035156,29.368783950805664,99.27960968017578,9.981024742126465,17.123645782470703,44.14280700683594,53.1606559753418,394.2435302734375,119.06039428710938
2021-06-17,55.577552795410156,69.12678527832031,77.29010009765625,20.553789138793945,29.905385971069336,165.85000610351562,29.325592041015625,99.63516998291016,9.737832069396973,17.37398910522461,44.376468658447266,53.86360168457031,394.1127624511719,120.84294128417969
2021-06-18,54.419681549072266,67.39515686035156,77.29850769042969,20.387664794921875,29.492630004882812,164.92999267578125,28.962800979614258,100.19890594482422,9.844229698181152,17.281179428100586,43.87176513671875,53.567481994628906,388.79608154296875,123.11553192138672
2021-06-21,55.35780334472656,69.46757507324219,77.29010009765625,20.60964584350586,29.627878189086914,166.9499969482422,29.20392608642578,99.87798309326172,9.970890998840332,17.426504135131836,44.61518859863281,53.87436294555664,394.3620910644531,121.0542221069336
2021-06-22,55.409854888916016,69.64022064208984,77.29010009765625,20.693071365356445,29.715696334838867,166.25,29.33403205871582,100.06009674072266,9.981024742126465,17.608463287353516,44.86832046508789,54.45403289794922,396.4703674316406,121.34980010986328
2021-06-23,55.20507049560547,69.88025665283203,77.29010009765625,20.65317153930664,29.955446243286133,166.13999938964844,29.11719512939453,99.86066436767578,10.04182243347168,17.63095474243164,44.765201568603516,54.745765686035156,395.99249267578125,121.03729248046875
2021-06-24,55.563438415527344,70.9789047241211,77.29850769042969,20.83090591430664,30.25403594970703,166.0399932861328,29.576887130737305,99.84330749511719,10.082354545593262,17.706745147705078,45.13081359863281,55.21272659301758,398.3350830078125,121.23161315917969
2021-06-25,55.83647918701172,71.21896362304688,77.29850769042969,20.798259735107422,30.247013092041016,166.58999633789062,29.58556365966797,99.63516998291016,10.046889305114746,17.696969985961914,45.45893859863281,55.15400314331055,399.75,119.97285461425781
2021-06-28,55.38425827026367,69.84333801269531,77.29010009765625,20.65752601623535,30.16710090637207,166.5800018310547,29.56821632385254,99.94737243652344,10.04182243347168,17.857101440429688,45.449554443359375,55.91836929321289,400.5558776855469,121.20621490478516
2021-06-29,55.371456146240234,69.62175750732422,77.29010009765625,20.668405532836914,30.166213989257812,164.8300018310547,29.715667724609375,99.9993896484375,10.077288627624512,17.90477752685547,45.47768783569336,56.19967269897461,400.771484375,121.40899658203125
2021-06-30,55.230674743652344,70.16646575927734,77.29010009765625,20.66985511779785,30.113523483276367,165.6300048828125,29.342702865600586,100.15548706054688,10.178619384765625,17.84242820739746,45.56206512451172,56.20442199707031,401.1087646484375,121.94964599609375
2021-07-01,55.35013198852539,70.9697036743164,77.29850769042969,20.823646545410156,29.97916030883789,166.1999969482422,29.299335479736328,100.08348083496094,10.24448299407959,17.907224655151367,45.79643630981445,56.1513786315918,403.3294982910156,121.95645141601562
2021-07-02,55.845001220703125,70.16646575927734,77.29010009765625,20.983247756958008,30.210128784179688,167.2899932861328,29.47281265258789,100.44796752929688,10.315414428710938,18.122364044189453,46.07768249511719,56.811553955078125,406.4123229980469,122.69241333007812
2021-07-06,55.43545150756836,68.51387786865234,77.2816162109375,20.7518310546875,29.779802322387695,168.1199951171875,29.498825073242188,100.97731018066406,10.04182243347168,18.256832122802734,45.84331512451172,56.99436569213867,405.672119140625,124.13037872314453
2021-07-07,55.4525146484375,68.21842193603516,77.2816162109375,20.695974349975586,29.947546005249023,168.75999450683594,29.698318481445312,101.27239227294922,9.920226097106934,18.32529067993164,46.08705520629883,57.15253829956055,407.1057434082031,125.23018646240234
2021-07-08,54.57366943359375,67.36904907226562,77.29010009765625,20.530574798583984,29.482099533081055,168.64999389648438,29.169231414794922,101.5327377319336,10.001290321350098,18.181041717529297,45.61830139160156,56.686527252197266,403.78875732421875,125.72084045410156
2021-07-09,55.69142532348633,69.43709564208984,77.29010009765625,20.714834213256836,29.819326400756836,169.2100067138672,29.715667724609375,101.02069091796875,10.107688903808594,18.31795310974121,46.23705291748047,57.20463180541992,408.09906005859375,123.9527816772461
2021-07-12,55.69142532348633,69.6863784790039,77.29010009765625,20.856298446655273,30.069618225097656,169.0,29.967195510864258,100.96863555908203,10.127952575683594,18.346071243286133,46.36830139160156,57.5598258972168,409.5609130859375,123.79210662841797
2021-07-13,55.5293083190918,68.42152404785156,77.29010009765625,20.74892807006836,29.731510162353516,169.22000122070312,29.84576988220215,100.65623474121094,10.229283332824707,18.33017349243164,46.27455520629883,57.3438720703125,408.16461181640625,122.84467315673828
2021-07-14,55.614627838134766,67.68292999267578,77.2816162109375,20.775772094726562,30.05204963684082,171.0399932861328,29.897815704345703,101.09014892578125,10.117820739746094,18.34973907470703,46.462059020996094,57.25484085083008,408.77374267578125,124.24044036865234
2021-07-15,55.09415054321289,67.2305679321289,77.29010009765625,20.65607452392578,29.847429275512695,171.07000732421875,29.524845123291016,101.51537322998047,10.067156791687012,18.236047744750977,46.405799865722656,56.78030014038086,407.3775329589844,125.6108169555664
2021-07-16,54.58220672607422,65.78105926513672,77.29010009765625,20.616901397705078,29.648069381713867,169.41000366210938,29.264644622802734,101.49799346923828,10.04182243347168,18.128480911254883,46.05893325805664,56.194950103759766,404.18212890625,125.37397766113281
2021-07-19,53.08902359008789,64.1284408569336,77.2816162109375,20.058313369750977,29.20282554626465,169.61000061035156,28.93505096435547,102.3658447265625,9.661833763122559,17.90477752685547,45.33706283569336,55.84544372558594,398.2132263183594,128.12326049804688
2021-07-20,53.55830764770508,65.95186614990234,77.2816162109375,20.235322952270508,29.481218338012695,169.38999938964844,29.264644622802734,102.23561096191406,9.788497924804688,18.17981719970703,45.97455978393555,56.678951263427734,403.9198303222656,126.88822174072266
2021-07-21,54.64193344116211,67.35979461669922,77.2816162109375,20.59876251220703,29.594507217407227,168.75999450683594,29.802400588989258,101.64552307128906,10.01142406463623,18.293506622314453,46.43392562866211,56.989627838134766,407.1900939941406,125.28091430664062
2021-07-22,54.75284957885742,66.19651794433594,77.29010009765625,20.689443588256836,29.625240325927734,169.08999633789062,30.02791976928711,101.87981414794922,10.102621078491211,18.445085525512695,46.38705062866211,57.38459396362305,408.04278564453125,126.4651870727539
2021-07-23,55.034423828125,66.61197662353516,77.2816162109375,20.80188751220703,29.428524017333984,168.55999755859375,30.218738555908203,101.72364807128906,10.133020401000977,18.715242385864258,46.79016876220703,57.96711730957031,412.2406921386719,125.61920928955078
2021-07-26,55.49518585205078,67.38749694824219,77.29010009765625,20.820022583007812,29.367050170898438,168.16000366210938,30.03659439086914,101.65421295166016,10.219151496887207,18.73479652404785,46.82767868041992,57.90364456176758,413.2527160644531,125.2470703125
2021-07-27,55.35013198852539,66.7227783203125,77.2816162109375,20.68581771850586,29.226533889770508,168.44000244140625,29.637605667114258,102.08808898925781,10.178619384765625,18.547767639160156,46.6495475769043,57.2851448059082,411.3692626953125,126.58363342285156
2021-07-28,55.571964263916016,67.35979461669922,77.2816162109375,20.787378311157227,29.569915771484375,169.2899932861328,29.880464553833008,102.17486572265625,10.229283332824707,18.586883544921875,46.52768325805664,57.478370666503906,411.20068359375,126.5920181274414
2021-07-29,55.92180252075195,68.19996643066406,77.29010009765625,20.809141159057617,29.78595733642578,171.1699981689453,30.158016204833984,101.86247253417969,10.381278991699219,18.585660934448242,46.87453842163086,57.90932846069336,412.9060363769531,125.89004516601562
2021-07-30,55.73408508300781,67.7568130493164,77.2816162109375,20.82292366027832,29.551471710205078,169.82000732421875,29.94118309020996,102.14887237548828,10.32048225402832,18.4377498626709,46.771427154541016,57.45658493041992,410.90081787109375,126.48218536376953
2021-08-02,56.04125213623047,67.25823974609375,77.2816162109375,20.79100799560547,29.630517959594727,169.61000061035156,30.279449462890625,102.59691619873047,10.178619384765625,18.414522171020508,46.63079833984375,57.626121520996094,410.0386657714844,127.61026000976562
2021-08-03,56.45082092285156,68.01530456542969,77.2816162109375,20.783750534057617,29.819326400756836,169.49000549316406,30.42690086364746,102.62297821044922,10.163418769836426,18.51353645324707,47.108917236328125,58.15654754638672,413.37451171875,127.67801666259766
2021-08-04,56.083919525146484,66.51041412353516,77.2816162109375,20.548709869384766,30.04853057861328,169.52999877929688,30.522310256958008,102.59691619873047,9.996225357055664,18.546545028686523,46.87453842163086,58.10918045043945,411.3412170410156,127.94058990478516
2021-08-05,56.2033805847168,67.5813980102539,77.2816162109375,20.610370635986328,30.008134841918945,168.86000061035156,30.66976547241211,102.22352600097656,10.122886657714844,18.679784774780273,47.09955596923828,58.474796295166016,413.9461669921875,127.2884292602539
2021-08-06,55.99859619140625,68.57848358154297,77.29010009765625,20.426837921142578,29.717453002929688,164.63999938964844,30.4008731842041,101.62435150146484,10.067156791687012,18.610111236572266,47.32454299926758,58.15654754638672,414.63006591796875,125.1625747680664
2021-08-09,55.69142532348633,68.09839630126953,77.29010009765625,20.138113021850586,29.6568603515625,161.72000122070312,30.46159553527832,101.40727233886719,9.920226097106934,18.591777801513672,47.296417236328125,58.20201110839844,414.2928771972656,124.71371459960938
2021-08-10,55.90473556518555,69.27091217041016,77.2816162109375,20.280296325683594,29.542688369750977,161.77000427246094,30.418231964111328,101.21620178222656,10.082354545593262,18.48420524597168,47.483917236328125,57.94532775878906,414.8082275390625,124.13772583007812
2021-08-11,56.459354400634766,70.18492889404297,77.2816162109375,20.279573440551758,29.71394157409668,164.0,30.478944778442383,101.3291015625,10.173552513122559,18.458532333374023,47.59642028808594,57.93111801147461,415.8389587402344,124.0615234375
2021-08-12,56.459354400634766,69.9264144897461,77.2816162109375,20.347763061523438,29.599775314331055,164.0399932861328,30.40955352783203,101.22493743896484,10.138087272644043,18.572219848632812,47.6807861328125,58.22663879394531,417.0852355957031,123.8582992553711
2021-08-13,56.58732986450195,69.22474670410156,77.29010009765625,20.371702194213867,29.67178726196289,166.38999938964844,30.539657592773438,101.80670928955078,10.092489242553711,18.623559951782227,47.73704147338867,58.450172424316406,417.8442077636719,125.81478118896484
2021-08-16,56.23750305175781,68.69851684570312,77.27316284179688,20.512434005737305,29.489999771118164,167.22000122070312,30.288122177124023,102.03251647949219,10.057023048400879,18.656557083129883,47.90578842163086,58.49752426147461,418.828125,126.11962890625
2021-08-17,55.40132141113281,67.6275405883789,77.27316284179688,20.23894691467285,29.17384910583496,166.97000122070312,30.09730339050293,101.98040771484375,9.950624465942383,18.495201110839844,47.65266799926758,57.692420959472656,416.0825500488281,126.06887817382812
2021-08-18,55.31514358520508,66.90740203857422,77.27316284179688,19.961830139160156,29.160673141479492,167.10000610351562,30.11465072631836,101.92826080322266,9.829029083251953,18.311838150024414,47.02455139160156,57.15253829956055,411.5285949707031,126.49227142333984
2021-08-19,54.54807662963867,65.98419189453125,77.29010009765625,20.07645034790039,28.91916847229004,166.61000061035156,29.967195510864258,102.15406036376953,9.692233085632324,18.410858154296875,47.09016799926758,57.51057052612305,412.165771484375,127.42391967773438
2021-08-20,54.47981643676758,66.95358276367188,77.29010009765625,20.18091583251953,28.892822265625,166.6999969482422,30.14067268371582,102.05853271484375,9.464241027832031,18.63333511352539,47.380802154541016,58.212432861328125,415.44537353515625,127.50865936279297
2021-08-23,55.25627136230469,67.92298889160156,77.27316284179688,20.390565872192383,29.402183532714844,168.72999572753906,30.65241241455078,102.08460235595703,9.768232345581055,18.84970474243164,47.7276725769043,58.96164321899414,419.0999450683594,127.42391967773438
2021-08-24,55.631690979003906,68.71697998046875,77.27316284179688,20.34123420715332,29.533906936645508,168.64999389648438,30.929969787597656,101.80670928955078,10.008891105651855,18.909605026245117,47.73704147338867,59.02794647216797,419.7652282714844,126.43297576904297
2021-08-25,55.86207580566406,69.206298828125,77.27316284179688,20.397096633911133,29.83249855041504,167.47999572753906,30.921293258666992,101.40727233886719,10.112752914428711,18.912050247192383,47.858909606933594,59.233482360839844,420.64599609375,125.3827896118164
2021-08-26,55.4525146484375,68.32921600341797,77.2816162109375,20.315845489501953,29.700767517089844,167.6699981689453,30.71312141418457,101.40727233886719,10.046889305114746,18.810588836669922,47.65266799926758,58.8195686340332,418.1628112792969,125.73004150390625
2021-08-27,56.31429672241211,70.34187316894531,77.2816162109375,20.435543060302734,30.095958709716797,170.19000244140625,31.0340518951416,101.73724365234375,10.158352851867676,19.00372886657715,47.99015426635742,59.45796585083008,421.9016418457031,126.5854263305664
2021-08-30,56.48494338989258,69.81564331054688,77.2816162109375,20.464561462402344,30.271602630615234,169.35000610351562,31.19017219543457,101.93700408935547,10.188752174377441,19.218873977661133,47.95267105102539,60.232749938964844,423.7569274902344,126.91578674316406
2021-08-31,56.54467010498047,69.70484924316406,77.27316284179688,20.27231788635254,30.535062789916992,169.69000244140625,31.27691650390625,101.74591064453125,10.14822006225586,19.152870178222656,47.6807861328125,60.09541320800781,423.1291809082031,126.05191040039062
2021-09-01,56.911556243896484,69.88025665283203,77.27316284179688,20.759082794189453,30.62287712097168,169.6999969482422,31.59782600402832,101.78937530517578,10.097555160522461,19.217649459838867,47.56829071044922,60.03195571899414,423.3540344238281,126.26300048828125
2021-09-02,57.176082611083984,70.2587890625,77.29010009765625,20.450775146484375,30.561399459838867,169.25,31.93610191345215,101.9110336303711,10.234350204467773,19.2127628326416,47.67141342163086,60.183502197265625,424.6564636230469,126.81419372558594
2021-09-03,57.66242599487305,69.9716567993164,77.27316284179688,20.522594451904297,30.85999298095703,171.05999755859375,32.343753814697266,101.66773223876953,10.234350204467773,19.281219482421875,47.63391876220703,60.484703063964844,424.553466796875,125.6609115600586
2021-09-07,57.42351531982422,69.39096069335938,77.27316284179688,20.545082092285156,30.596532821655273,167.7100067138672,32.52590560913086,101.26802062988281,10.117820739746094,19.30078125,47.36204528808594,60.49510955810547,423.0353698730469,124.60088348388672
2021-09-08,56.911556243896484,68.56924438476562,77.27316284179688,20.479066848754883,30.025693893432617,167.2899932861328,32.20498275756836,101.54608154296875,10.188752174377441,19.23476791381836,47.305789947509766,60.23558807373047,422.52008056640625,125.44892883300781
2021-09-09,57.082218170166016,68.72621154785156,77.27316284179688,20.547260284423828,29.946664810180664,168.02999877929688,32.20498275756836,101.83283233642578,10.107688903808594,19.166311264038086,47.137046813964844,59.854835510253906,420.7116394042969,126.96691131591797
2021-09-10,56.911556243896484,68.21842193603516,77.2816162109375,20.241851806640625,30.078392028808594,167.17999267578125,32.257022857666016,101.5113296508789,10.234350204467773,18.971948623657227,46.87453842163086,59.5346794128418,417.39447021484375,125.8474349975586
2021-09-13,57.53443908691406,68.93854522705078,77.2816162109375,20.39419174194336,30.28730583190918,167.74000549316406,32.43048858642578,101.63294219970703,10.310347557067871,18.948720932006836,47.01517105102539,59.28841781616211,418.462646484375,126.6107177734375
2021-09-14,57.167545318603516,67.8214340209961,77.27316284179688,20.37460708618164,30.278488159179688,168.82000732421875,32.447845458984375,102.01529693603516,10.305281639099121,18.91693878173828,46.687042236328125,59.20696258544922,416.20440673828125,128.1456298828125
2021-09-15,57.36379623413086,69.07703399658203,77.27316284179688,20.498655319213867,30.32256317138672,167.8300018310547,32.6386604309082,101.84153747558594,10.482609748840332,19.06362533569336,47.07141876220703,59.719383239746094,419.6808776855469,127.69625091552734
2021-09-16,57.2955322265625,68.72621154785156,77.2816162109375,20.577726364135742,30.111007690429688,164.02999877929688,32.56059646606445,101.51998901367188,10.426877975463867,19.085628509521484,47.07141876220703,59.72695541381836,419.01556396484375,127.1111068725586
2021-09-17,56.61293029785156,68.50462341308594,77.27316284179688,20.284652709960938,29.864194869995117,163.77000427246094,32.1529426574707,101.22457885742188,10.33061408996582,18.89859962463379,46.7057991027832,59.237281799316406,414.9338684082031,126.5004653930664
2021-09-20,55.35866165161133,67.10130310058594,77.2816162109375,20.135934829711914,29.132570266723633,164.94000244140625,31.320281982421875,101.73723602294922,10.209016799926758,18.533100128173828,45.78705596923828,58.01447296142578,408.01519775390625,128.0692901611328
2021-09-21,55.59756851196289,66.88126373291016,77.27316284179688,20.10546875,29.106130599975586,166.0399932861328,31.519765853881836,101.67639923095703,10.198884010314941,18.588109970092773,45.79643630981445,58.10160446166992,407.6297607421875,127.9590072631836
2021-09-22,56.10952377319336,67.97222900390625,77.27316284179688,20.278850555419922,29.493972778320312,165.4199981689453,31.719255447387695,101.77200317382812,10.33568000793457,18.772380828857422,46.20893478393555,58.870723724365234,411.606201171875,128.72232055664062
2021-09-23,56.79210662841797,69.52544403076172,77.2816162109375,20.304964065551758,29.802494049072266,163.50999450683594,32.20498275756836,100.85089874267578,10.482609748840332,18.94735336303711,46.958919525146484,59.9438591003418,416.6072082519531,125.81354522705078
2021-09-24,56.51054382324219,69.71036529541016,77.27316284179688,20.30713653564453,29.441089630126953,163.3000030517578,31.91008186340332,100.54679870605469,10.54340648651123,18.99629783630371,47.09016799926758,59.72885513305664,417.29345703125,124.58393859863281
2021-09-27,56.56174087524414,71.89228057861328,77.27316284179688,20.207754135131836,29.441089630126953,163.63999938964844,31.69324493408203,100.27738952636719,10.690337181091309,18.806642532348633,46.958919525146484,59.67676544189453,416.0995788574219,124.12599182128906
2021-09-28,55.53783416748047,71.05094909667969,77.27316284179688,20.01116180419922,28.88576889038086,162.0500030517578,30.79118537902832,99.8950424194336,10.594072341918945,18.24256706237793,46.08705520629883,58.276832580566406,407.7144775390625,122.1925048828125
2021-09-29,55.162410736083984,71.1711196899414,77.2816162109375,20.167129516601562,28.718284606933594,161.32000732421875,30.62639808654785,99.99932861328125,10.609272956848145,18.215641021728516,46.15268325805664,57.96711730957031,408.4006652832031,122.40450286865234
2021-09-30,55.12828063964844,69.90451049804688,77.2816162109375,20.2447509765625,28.965099334716797,164.22000122070312,30.574350357055664,100.12100982666016,10.665002822875977,18.120208740234375,45.515174865722656,57.216949462890625,403.408935546875,122.38758850097656
2021-10-01,55.46958541870117,71.3005599975586,77.2816162109375,20.188892364501953,29.062063217163086,164.58999633789062,30.687105178833008,100.52969360351562,10.832197189331055,18.323320388793945,46.040184020996094,57.84303283691406,408.20318603515625,123.41757202148438
2021-10-04,54.829654693603516,71.67037963867188,77.26472473144531,20.06121826171875,28.771175384521484,165.36000061035156,30.23607635498047,100.40795135498047,10.979127883911133,17.89261817932129,45.46830749511719,57.05781936645508,402.9389953613281,123.10337829589844
2021-10-05,55.12828063964844,71.91999816894531,77.27316284179688,20.182363510131836,28.700658798217773,164.58999633789062,30.60036849975586,100.09490203857422,11.141255378723145,18.129993438720703,45.97455978393555,57.89133834838867,407.1315612792969,121.91459655761719
2021-10-06,54.87230682373047,71.14338684082031,77.27316284179688,20.17438507080078,28.66539764404297,165.02999877929688,30.33148956298828,100.1209716796875,10.928462028503418,18.275602340698242,46.08705520629883,57.730316162109375,408.8236389160156,122.6023941040039
2021-10-07,55.22213363647461,72.3360366821289,77.27316284179688,20.1555233001709,28.771175384521484,164.16000366210938,30.687105178833008,99.72100830078125,11.065258026123047,18.46648406982422,46.537052154541016,58.436912536621094,412.35821533203125,121.32023620605469
2021-10-08,55.240909576416016,72.29906463623047,77.27316284179688,20.29045295715332,28.876949310302734,164.22999572753906,30.678434371948242,99.50362396240234,11.08552360534668,18.393068313598633,46.54642868041992,58.392391204833984,411.606201171875,120.47109985351562
2021-10-11,55.12828063964844,71.85528564453125,77.27316284179688,20.359373092651367,28.929845809936523,163.9199981689453,30.60036849975586,99.2601318359375,11.181787490844727,18.264591217041016,46.20893478393555,57.96805191040039,408.62615966796875,120.16541290283203
2021-10-12,55.35866165161133,71.96622467041016,77.27316284179688,20.270139694213867,28.762361526489258,164.66000366210938,30.756498336791992,99.71231079101562,11.151389122009277,18.252351760864258,46.09642791748047,57.86198043823242,407.620361328125,122.2202377319336
2021-10-13,55.86207580566406,71.85528564453125,77.27316284179688,20.326725006103516,28.912206649780273,167.58999633789062,31.224868774414062,99.90357971191406,11.227384567260742,18.38939094543457,46.049564361572266,58.0997200012207,409.0868225097656,123.40898895263672
2021-10-14,56.43375015258789,72.66888427734375,77.26472473144531,20.492124557495117,29.070873260498047,168.0,31.632532119750977,100.13837432861328,11.348982810974121,18.72343635559082,46.771427154541016,59.1453971862793,415.9678649902344,123.86758422851562
2021-10-15,56.83477783203125,72.70587158203125,77.27316284179688,20.660425186157227,29.352947235107422,165.3300018310547,31.89272689819336,99.64274597167969,11.445246696472168,18.871490478515625,47.24954605102539,59.64929962158203,419.1358947753906,123.14583587646484
2021-10-18,56.83477783203125,73.09416961669922,77.26472473144531,20.529848098754883,29.238346099853516,164.9199981689453,31.823345184326172,99.50362396240234,11.364182472229004,19.074609756469727,47.4464111328125,60.06036376953125,420.3767395019531,123.72318267822266
2021-10-19,57.11634826660156,73.00171661376953,77.26472473144531,20.687992095947266,29.529237747192383,165.4499969482422,32.04886245727539,99.14705657958984,11.384449005126953,19.201860427856445,47.877662658691406,60.29622268676758,423.6199035644531,122.0164794921875
2021-10-20,57.193138122558594,73.83380126953125,77.26472473144531,20.759809494018555,29.44990348815918,166.89999389648438,32.04018783569336,99.10359191894531,11.506043434143066,19.18596076965332,48.1026611328125,60.4013557434082,425.28375244140625,121.19286346435547
2021-10-21,56.74092102050781,73.63040161132812,77.26472473144531,20.83525848388672,29.24717140197754,166.75,31.918760299682617,98.84274291992188,11.328716278076172,19.327890396118164,48.121421813964844,60.57941436767578,426.3929443359375,121.04846954345703
2021-10-22,56.988372802734375,73.9539794921875,77.26472473144531,20.806238174438477,29.273609161376953,167.77000427246094,32.170291900634766,99.09490966796875,11.364182472229004,19.183507919311523,48.458900451660156,60.551002502441406,425.9510803222656,122.38159942626953
2021-10-25,57.07368469238281,74.89701843261719,77.27316284179688,20.885311126708984,29.485164642333984,168.92999267578125,32.10089874267578,99.21662902832031,11.419913291931152,19.341350555419922,48.524532318115234,60.81147384643555,428.23541259765625,122.19482421875
2021-10-26,57.039554595947266,73.94476318359375,77.2562484741211,20.89546775817871,29.731971740722656,167.67999267578125,32.196311950683594,99.3383560180664,11.440179824829102,19.39029884338379,48.49641418457031,60.82093811035156,428.620849609375,123.20521545410156
2021-10-27,56.57879638671875,71.97547149658203,77.2562484741211,20.777225494384766,29.26479721069336,168.1199951171875,32.07487869262695,99.89490509033203,11.237520217895508,19.414766311645508,47.821414947509766,60.61920166015625,426.72198486328125,125.44682312011719
2021-10-28,56.962764739990234,73.02943420410156,77.27316284179688,20.769241333007812,29.375856399536133,168.0800018310547,32.43917465209961,99.63402557373047,11.278051376342773,19.62277603149414,48.13078308105469,61.22065734863281,430.8393859863281,125.0223159790039
2021-10-29,56.57879638671875,72.72434997558594,77.27316284179688,21.088436126708984,28.991539001464844,166.64999389648438,32.23966979980469,99.67749786376953,11.212185859680176,19.73168182373047,48.27141571044922,61.433780670166016,431.713623046875,125.40441131591797
2021-11-01,57.15901565551758,74.7768325805664,77.27316284179688,21.121078491210938,29.12376594543457,167.52000427246094,32.52590560913086,99.66967010498047,11.278051376342773,19.730451583862305,48.22453308105469,61.190345764160156,432.45623779296875,124.50149536132812
2021-11-02,56.7153205871582,74.554931640625,77.2562484741211,21.044185638427734,29.132570266723633,167.16000366210938,32.51723861694336,99.91329956054688,11.308448791503906,19.772052764892578,48.40265655517578,61.687618255615234,434.2047119140625,125.05418395996094
2021-11-03,57.235801696777344,76.13589477539062,77.2562484741211,20.888940811157227,29.344127655029297,165.77000427246094,32.87284851074219,99.60006713867188,11.044991493225098,19.939693450927734,48.70265579223633,61.83065414428711,436.8555908203125,123.76181030273438
2021-11-04,57.210205078125,75.84931182861328,77.26472473144531,20.718463897705078,29.58212661743164,167.64999389648438,32.87284851074219,100.13956451416016,10.968994140625,20.15871238708496,48.777652740478516,61.65540313720703,438.9143371582031,125.06267547607422
2021-11-05,57.21873092651367,77.27307891845703,77.26472473144531,21.019519805908203,29.687904357910156,169.83999633789062,32.89019012451172,100.68779754638672,11.115922927856445,20.180734634399414,49.087032318115234,61.71318435668945,440.43719482421875,126.93311309814453
2021-11-08,57.49177551269531,77.54121398925781,77.27316284179688,20.973812103271484,29.934715270996094,170.4499969482422,33.02897644042969,100.25267028808594,11.20205307006836,20.23090362548828,49.14327621459961,61.99258804321289,440.81317138671875,126.69501495361328
2021-11-09,57.18461227416992,77.39328002929688,77.2562484741211,21.12470817565918,30.022859573364258,171.2899932861328,32.94223403930664,100.7138900756836,11.267918586730957,20.117109298706055,49.0307731628418,61.898834228515625,439.35614013671875,128.34439086914062
2021-11-10,56.416683197021484,76.35781860351562,77.2562484741211,21.06304359436035,29.79367446899414,173.14999389648438,32.447845458984375,99.85243225097656,11.151389122009277,19.80264663696289,48.946407318115234,61.210235595703125,435.82159423828125,125.9978256225586
2021-11-11,56.66413116455078,77.3193130493164,77.26472473144531,21.059417724609375,29.92589569091797,174.1199951171875,32.69938278198242,99.53043365478516,11.227384567260742,19.82956314086914,48.95578384399414,61.38642120361328,435.96258544921875,125.81082153320312
2021-11-12,56.911556243896484,77.32855987548828,77.26472473144531,21.095687866210938,29.952342987060547,174.4499969482422,33.18509292602539,99.73930358886719,11.222318649291992,20.081626892089844,49.25578689575195,62.04471206665039,439.252685546875,125.25811767578125
2021-11-15,56.68972396850586,77.2823486328125,77.26472473144531,21.175487518310547,29.75841522216797,174.17999267578125,33.08968734741211,99.34769439697266,11.222318649291992,20.052263259887695,49.30265808105469,61.92156982421875,439.4031066894531,123.68531799316406
2021-11-16,56.32282638549805,77.41178894042969,77.2562484741211,21.28067398071289,29.388202667236328,172.9199981689453,33.05499267578125,99.26070404052734,11.217253684997559,20.219894409179688,49.546390533447266,62.1233024597168,441.1422119140625,123.3707504272461
2021-11-17,56.123172760009766,76.2468490600586,77.2562484741211,20.982519149780273,29.22953987121582,174.5,32.93356704711914,99.61747741699219,11.120989799499512,20.17829704284668,49.22764205932617,61.79275131225586,440.070556640625,124.34844970703125
2021-11-18,56.17777633666992,76.41327667236328,77.26472473144531,21.110197067260742,29.22953987121582,173.94000244140625,33.107025146484375,99.67838287353516,11.151389122009277,20.33491325378418,49.14327621459961,61.83726501464844,441.5652770996094,124.8160629272461
2021-11-19,55.58903884887695,75.26683807373047,77.26472473144531,20.812767028808594,29.19428253173828,172.61000061035156,32.83815383911133,99.94813537597656,10.984193801879883,20.40955352783203,48.89952850341797,61.63740158081055,440.7756652832031,126.1338882446289
2021-11-22,55.39278793334961,76.0804443359375,77.26472473144531,20.99847984313965,29.6790828704834,168.74000549316406,32.58662033081055,99.21717071533203,11.055124282836914,20.090194702148438,48.8526496887207,61.73876190185547,439.5347595214844,124.65451049804688
2021-11-23,55.273338317871094,76.67213439941406,77.2562484741211,21.229896545410156,29.58212661743164,167.27999877929688,32.36978530883789,98.8082275390625,11.262852668762207,19.998422622680664,49.15264892578125,61.855262756347656,440.1175537109375,122.85214233398438
2021-11-24,54.91496658325195,76.33930206298828,77.26472473144531,21.17186164855957,29.26479721069336,167.1199951171875,32.170291900634766,99.11278533935547,11.232452392578125,20.12322998046875,49.27452087402344,61.898834228515625,441.2926330566406,124.8246078491211
2021-11-26,53.276737213134766,73.22360229492188,77.2562484741211,20.297710418701172,28.22466278076172,166.85000610351562,31.302932739257812,100.3919448852539,10.573805809020996,19.692523956298828,48.196407318115234,60.51974868774414,431.4504089355469,127.97876739501953
2021-11-29,53.515647888183594,73.10340118408203,77.26472473144531,20.228792190551758,28.51554298400879,166.6199951171875,31.641206741333008,100.1656723022461,10.55860710144043,20.074289321899414,48.54328155517578,61.357994079589844,436.74285888671875,126.95002746582031
2021-11-30,52.95250701904297,71.2081069946289,77.2562484741211,20.5878849029541,28.683027267456055,165.5,31.224868774414062,100.76610565185547,10.269815444946289,19.792856216430664,47.66203308105469,59.64550018310547,428.2448425292969,128.8799591064453
2021-12-01,52.628265380859375,69.93224334716797,77.26472473144531,19.967634201049805,28.735916137695312,166.16000366210938,31.112112045288086,100.9559326171875,10.168485641479492,19.3768367767334,47.305789947509766,58.829044342041016,423.4882507324219,129.6749725341797
2021-12-02,53.319400787353516,71.88301849365234,77.26472473144531,19.966184616088867,29.114946365356445,165.24000549316406,31.467727661132812,100.73824310302734,10.279950141906738,19.5824031829834,47.99015426635742,60.127620697021484,429.9745788574219,129.83682250976562
2021-12-03,53.26820373535156,71.03244018554688,77.2562484741211,20.06194305419922,28.921024322509766,166.6300048828125,31.294261932373047,101.3304214477539,10.279948234558105,19.19696807861328,47.643287658691406,59.59625244140625,426.23321533203125,131.38597106933594
2021-12-06,53.69482421875,72.60415649414062,77.2562484741211,20.07645034790039,28.97831916809082,166.22000122070312,31.39834213256836,100.82530975341797,10.459329605102539,19.393966674804688,48.196407318115234,60.06036376953125,431.2811584472656,129.5813751220703
2021-12-07,54.87230682373047,73.81531524658203,77.2562484741211,20.37751007080078,29.352947235107422,166.80999755859375,32.274356842041016,100.44215393066406,10.604214668273926,19.998422622680664,49.10576629638672,61.4517707824707,440.20220947265625,128.534423828125
2021-12-08,54.906436920166016,74.01870727539062,77.26472473144531,20.43916893005371,29.432273864746094,166.89999389648438,32.35243225097656,100.11994934082031,10.749100685119629,20.163713455200195,49.10576629638672,61.517127990722656,441.3677978515625,126.31269836425781
2021-12-09,54.42008590698242,73.21436309814453,77.2562484741211,20.34123420715332,29.24717140197754,165.8800048828125,32.00548553466797,100.37246704101562,10.604214668273926,19.8990535736084,49.012027740478516,61.11931610107422,438.387939453125,127.01924133300781
2021-12-10,54.59926986694336,73.4362564086914,77.26472473144531,20.34486198425293,29.290359497070312,166.5800018310547,32.04018783569336,100.44215393066406,10.714605331420898,20.102453231811523,49.72452163696289,61.51522445678711,442.51470947265625,126.71273803710938
2021-12-13,53.7716178894043,71.79983520507812,77.26472473144531,20.348487854003906,28.876949310302734,167.0,31.59782600402832,100.92109680175781,10.65941047668457,19.843910217285156,49.330772399902344,60.75558853149414,438.5947570800781,128.58543395996094
2021-12-14,53.49005126953125,71.56867218017578,77.26472473144531,20.384761810302734,28.747371673583984,165.44000244140625,31.3636531829834,100.74695587158203,10.569720268249512,19.564537048339844,49.012027740478516,60.32747268676758,435.57708740234375,128.2790069580078
2021-12-15,53.97639846801758,72.26207733154297,77.26472473144531,20.493574142456055,29.108776092529297,166.14999389648438,32.08354949951172,100.59890747070312,10.604214668273926,20.003202438354492,49.771400451660156,61.0028076171875,442.38311767578125,127.04476928710938
2021-12-16,54.15217971801758,71.53923797607422,77.2562484741211,20.500831604003906,29.2559814453125,168.16000366210938,31.970802307128906,100.89175415039062,10.693906784057617,19.51430320739746,49.57453155517578,60.841793060302734,438.48193359375,127.09419250488281
2021-12-17,53.60667037963867,71.12992095947266,77.26472473144531,20.37242889404297,29.070873260498047,167.8000030517578,31.5111026763916,101.11840057373047,10.569720268249512,19.462839126586914,48.83390426635742,59.83872604370117,433.81524658203125,128.53436279296875
2021-12-20,53.22568130493164,69.88334655761719,77.2562484741211,20.314393997192383,28.533180236816406,167.08999633789062,31.369741439819336,101.03123474121094,10.481657981872559,19.241060256958008,48.09272003173828,58.758689880371094,429.2022399902344,127.57139587402344
2021-12-21,53.89241027832031,72.05088806152344,77.24781799316406,20.44642448425293,28.876949310302734,167.02000427246094,31.701330184936523,100.63027954101562,10.715449333190918,19.689525604248047,48.91103744506836,59.94028091430664,436.824462890625,127.085693359375
2021-12-22,54.57645034790039,72.71141052246094,77.24781799316406,20.27304458618164,29.167829513549805,168.58999633789062,32.07653045654297,100.72615051269531,10.840137481689453,19.954191207885742,49.25904846191406,60.4318962097168,441.1921081542969,127.67366790771484
2021-12-23,55.00939178466797,72.99980163574219,77.24781799316406,20.429737091064453,29.379398345947266,168.97000122070312,32.34703826904297,100.51697540283203,10.894689559936523,20.091426849365234,49.50361251831055,60.89978790283203,443.937255859375,126.56584167480469
2021-12-27,55.51160430908203,74.33942413330078,77.2562484741211,20.617624282836914,29.749608993530273,169.3699951171875,32.69608688354492,100.55184173583984,11.034964561462402,20.402650833129883,50.19024658203125,61.51383590698242,450.2200012207031,126.87257385253906
2021-12-28,55.64149475097656,74.19056701660156,77.24781799316406,20.92884063720703,29.705533981323242,168.63999938964844,32.669898986816406,100.53439331054688,11.01158618927002,20.299728393554688,50.05856704711914,61.33635711669922,449.8520812988281,126.36982727050781
2021-12-29,55.81467056274414,74.55337524414062,77.24781799316406,20.493574142456055,29.6790828704834,168.58999633789062,32.68735122680664,100.02012634277344,11.066136360168457,20.272768020629883,50.17142868041992,61.53661346435547,450.4274597167969,124.98931121826172
2021-12-30,55.71941375732422,74.06964874267578,77.2562484741211,20.707544326782227,29.777509689331055,169.8000030517578,32.600093841552734,100.3513412475586,11.003791809082031,20.226316452026367,50.04914855957031,61.364830017089844,449.1822509765625,126.0374755859375
2021-12-31,55.89259338378906,74.1812744140625,77.2562484741211,20.67308807373047,29.63435173034668,170.9600067138672,32.617549896240234,100.23802947998047,10.957035064697266,20.06943702697754,50.04914855957031,61.233848571777344,448.0502014160156,126.28459167480469
2022-01-03,56.20431137084961,75.17668151855469,77.24781799316406,20.859806060791016,29.875932693481445,168.3300018310547,32.67863082885742,99.30541229248047,11.003791809082031,20.252056121826172,50.23727035522461,61.23100662231445,450.6444396972656,122.96961975097656
2022-01-04,56.60261917114258,76.49769592285156,77.2562484741211,20.701133728027344,29.956464767456055,169.57000732421875,33.01020812988281,99.25311279296875,11.144067764282227,19.93462371826172,50.528865814208984,62.18672561645508,450.4935302734375,122.45830535888672
2022-01-05,56.256263732910156,74.81385040283203,77.2562484741211,20.65946388244629,29.69698143005371,169.05999755859375,32.73098373413086,98.83470916748047,11.0817232131958,19.24828338623047,49.701133728027344,60.66726303100586,441.843017578125,121.79362487792969
2022-01-06,56.08308410644531,75.90229797363281,77.2562484741211,20.74761199951172,29.76856803894043,166.99000549316406,32.5826530456543,98.59065246582031,11.16744613647461,19.163711547851562,49.851627349853516,60.89219284057617,441.4280090332031,122.10893249511719
2022-01-07,56.2909049987793,75.54878234863281,77.2562484741211,20.87583351135254,29.8848819732666,167.75,32.69608688354492,98.26814270019531,11.19861888885498,18.96393585205078,49.7763786315918,60.79349136352539,439.68280029296875,121.23114013671875
2022-01-10,55.72807312011719,75.29761505126953,77.24781799316406,20.56410026550293,29.875932693481445,168.25999450683594,32.102718353271484,98.24198913574219,11.151861190795898,18.983549118041992,49.766971588134766,60.581844329833984,439.13568115234375,121.52946472167969
2022-01-11,56.52468490600586,76.10697174072266,77.2393569946289,20.560890197753906,30.57383918762207,170.2899932861328,32.51283645629883,98.47734069824219,11.37006664276123,19.23847198486328,50.180843353271484,61.09244918823242,443.1354064941406,122.3390121459961
2022-01-12,57.32994842529297,76.1906967163086,77.24781799316406,20.463926315307617,31.110698699951172,170.74000549316406,33.018943786621094,98.49476623535156,11.463582992553711,19.321813583374023,50.30311965942383,61.413238525390625,444.33343505859375,121.87031555175781
2022-01-13,57.13945770263672,76.2837142944336,77.2562484741211,20.314067840576172,31.083850860595703,170.16000366210938,32.818241119384766,98.80857849121094,11.346686363220215,18.775188446044922,49.832820892333984,60.70902633666992,438.2112121582031,122.95258331298828
2022-01-14,56.99225997924805,76.64653778076172,77.2562484741211,20.59855842590332,30.844947814941406,169.6699981689453,32.591373443603516,98.1286849975586,11.486961364746094,18.83156967163086,49.7481689453125,60.52396011352539,438.3904113769531,121.0948257446289
2022-01-18,56.07442855834961,74.95341491699219,77.2393569946289,20.91590118408203,30.287525177001953,169.38999938964844,32.05036544799805,97.38782501220703,11.588271141052246,18.391572952270508,48.68529510498047,58.982669830322266,430.62664794921875,119.3905029296875
2022-01-19,56.031131744384766,73.67891693115234,77.2562484741211,20.859806060791016,30.564897537231445,172.0800018310547,31.936914443969727,97.62313079833984,11.635030746459961,18.235918045043945,47.9986572265625,58.15507888793945,426.1552429199219,120.21709442138672
2022-01-20,55.390380859375,71.84624481201172,77.2562484741211,20.91590118408203,30.242780685424805,171.64999389648438,31.701330184936523,97.83232879638672,11.588271141052246,18.028797149658203,47.41549301147461,57.3521728515625,421.4385681152344,120.9584732055664
2022-01-21,54.57645034790039,70.60897064208984,77.24781799316406,20.643434524536133,30.332263946533203,171.08999633789062,31.16904067993164,98.39888763427734,11.603858947753906,17.505455017089844,46.51251220703125,56.29586410522461,413.16546630859375,122.39868927001953
2022-01-24,53.7105712890625,72.39511108398438,77.2562484741211,20.548070907592773,29.714876174926758,172.02999877929688,30.64548683166504,98.3117446899414,11.564891815185547,17.59859848022461,46.75707244873047,56.48851776123047,414.9200439453125,121.39308166503906
2022-01-25,53.71923065185547,72.11602783203125,77.2393569946289,20.755626678466797,29.820457458496094,172.5800018310547,30.36625099182129,98.18096923828125,11.673994064331055,17.175764083862305,46.39963912963867,55.84315490722656,409.85430908203125,121.19708251953125
2022-01-26,53.3382453918457,71.0741195678711,77.24781799316406,20.883848190307617,29.4375057220459,169.7899932861328,30.348804473876953,97.48365783691406,11.72075366973877,17.190471649169922,46.39963912963867,55.558433532714844,408.8260498046875,119.73133850097656
2022-01-27,53.009212493896484,70.06939697265625,77.2562484741211,20.87583351135254,29.213809967041016,167.60000610351562,30.043394088745117,97.89335632324219,11.775304794311523,17.0593318939209,46.023406982421875,55.37051773071289,406.80731201171875,121.9299545288086
2022-01-28,53.14775466918945,70.80431365966797,77.2393569946289,21.03611183166504,29.211124420166016,167.10000610351562,30.19173812866211,98.11996459960938,11.798685073852539,17.710132598876953,47.33082962036133,56.26832580566406,416.9104309082031,121.97258758544922
2022-01-31,54.0915641784668,71.84624481201172,77.2562484741211,20.755626678466797,30.036991119384766,168.08999633789062,30.90726089477539,98.11996459960938,11.81427001953125,18.275142669677734,47.95162582397461,57.336036682128906,424.4195861816406,121.3419418334961
2022-02-01,54.66304016113281,73.1951675415039,77.24781799316406,20.763641357421875,30.10857391357422,168.22999572753906,31.23012351989746,97.98734283447266,11.876614570617676,18.42588996887207,48.59122848510742,58.04498291015625,427.2873229980469,120.9391860961914
2022-02-02,55.260498046875,73.01841735839844,77.2562484741211,20.79008674621582,30.16225814819336,168.83999633789062,31.535531997680664,98.18803405761719,11.946751594543457,18.526391983032227,49.01449966430664,59.21803283691406,431.43798828125,121.34883880615234
2022-02-03,54.81890106201172,72.18113708496094,77.2562484741211,20.811721801757812,29.571712493896484,168.60000610351562,30.915990829467773,97.76924896240234,11.938958168029785,17.830242156982422,48.149147033691406,57.83619689941406,421.297119140625,120.40157318115234
2022-02-04,54.79293441772461,72.19974517822266,77.2393569946289,21.044124603271484,29.53592300415039,168.86000061035156,30.95961570739746,97.0188980102539,12.040268898010254,18.121936798095703,48.214988708496094,58.04689025878906,423.27801513671875,118.62649536132812
2022-02-07,54.92280960083008,72.25556182861328,77.2393569946289,20.8037109375,29.81866455078125,170.11000061035156,30.942167282104492,97.04507446289062,12.063648223876953,17.9736385345459,48.120933532714844,57.66632080078125,421.9197082519531,118.70330810546875
2022-02-08,55.17391586303711,73.40914154052734,77.24781799316406,20.731586456298828,30.117515563964844,170.6300048828125,31.11667823791504,96.73097229003906,11.977923393249512,18.166061401367188,48.525390625,58.38285827636719,425.3911437988281,117.90970611572266
2022-02-09,56.11772155761719,74.15335845947266,77.2393569946289,20.907888412475586,30.547000885009766,171.2100067138672,31.762405395507812,96.86187744140625,12.087026596069336,18.53252410888672,49.23084259033203,59.442970275878906,431.6172790527344,118.13160705566406
2022-02-10,55.64149475097656,73.35331726074219,77.2393569946289,20.955970764160156,30.57383918762207,170.55999755859375,31.186498641967773,95.971923828125,12.040268898010254,18.13665008544922,48.3466796875,58.559383392333984,423.86285400390625,116.25421142578125
2022-02-11,55.2691650390625,73.14863586425781,77.2393569946289,21.412755966186523,30.269636154174805,173.80999755859375,30.584400177001953,96.9665756225586,12.203922271728516,17.60962677001953,47.58479309082031,57.325599670410156,415.5049133300781,117.97795867919922
2022-02-14,54.84487533569336,72.68350219726562,77.23094177246094,21.46885108947754,30.063833236694336,174.74000549316406,30.340078353881836,96.2947769165039,12.274060249328613,17.629241943359375,47.20854949951172,56.867183685302734,414.1464538574219,116.51017761230469
2022-02-15,55.83198547363281,74.20916748046875,77.24781799316406,21.14028549194336,30.743852615356445,173.0800018310547,30.96834945678711,96.00684356689453,12.07923412322998,18.015310287475586,47.95162582397461,57.73939514160156,420.82537841796875,115.1875
2022-02-16,56.14369201660156,74.32081604003906,77.24781799316406,21.11624526977539,30.945161819458008,174.86000061035156,31.073055267333984,96.20750427246094,12.087026596069336,18.00550651550293,48.02687454223633,58.03928756713867,421.297119140625,115.87015533447266
2022-02-17,55.303794860839844,72.90678405761719,77.2393569946289,20.89987564086914,30.31436538696289,177.25,30.5233154296875,96.72225952148438,12.188337326049805,17.45765495300293,47.00163269042969,56.31484603881836,412.29754638671875,116.73204040527344
2022-02-18,54.81023406982422,72.84166717529297,77.24781799316406,20.91590118408203,30.10409164428711,177.1199951171875,30.340078353881836,97.03636932373047,12.235095024108887,17.237045288085938,46.71943664550781,55.827972412109375,409.6278381347656,117.96092987060547
2022-02-22,54.169490814208984,71.66949462890625,77.24781799316406,21.06816291809082,29.85803985595703,177.49000549316406,29.97358512878418,97.0276107788086,12.398749351501465,17.023786544799805,46.28675842285156,55.14938735961914,405.23193359375,118.26815795898438
2022-02-23,53.7105712890625,70.66477966308594,77.2393569946289,21.196382522583008,29.562772750854492,178.2899932861328,29.68563461303711,96.52162170410156,12.515645027160645,16.596050262451172,45.421424865722656,54.10540771484375,398.0436706542969,116.63815307617188
2022-02-24,52.79273986816406,71.2136459350586,77.2393569946289,21.508922576904297,28.900644302368164,177.13999938964844,29.301692962646484,96.74845123291016,12.60136890411377,17.19169807434082,45.948158264160156,55.03169631958008,404.0337829589844,116.71499633789062
2022-02-25,54.186805725097656,72.94398498535156,77.2393569946289,21.47686195373535,29.62540626525879,176.5500030517578,30.156835556030273,96.72225952148438,12.383163452148438,17.477264404296875,46.92637634277344,56.41450119018555,412.94842529296875,116.80029296875
2022-02-28,53.935707092285156,73.29747772216797,77.2393569946289,21.40073585510254,29.53592300415039,178.3800048828125,29.607097625732422,97.82157897949219,12.609163284301758,17.536094665527344,46.70063400268555,56.166786193847656,411.89190673828125,119.36045837402344
2022-03-01,52.9226188659668,71.92068481445312,77.25794982910156,21.84549903869629,29.14223289489746,181.6199951171875,28.778133392333984,98.77430725097656,13.13129711151123,17.278711318969727,45.60954284667969,54.926361083984375,405.6186828613281,120.740478515625
2022-03-02,53.424842834472656,74.42314147949219,77.25794982910156,22.039430618286133,29.4375057220459,179.72999572753906,29.336591720581055,97.289794921875,13.53653621673584,17.545902252197266,46.52191925048828,56.146854400634766,413.0805358886719,116.61322021484375
2022-03-03,52.6628532409668,74.06964874267578,77.26641082763672,21.98974609375,29.54487419128418,180.8000030517578,28.786863327026367,97.70893096923828,13.731361389160156,17.264007568359375,46.27735900878906,55.8811149597168,411.0239562988281,117.80101013183594
2022-03-04,51.51557159423828,73.31610107421875,77.26641082763672,21.86152458190918,29.070655822753906,183.67999267578125,27.87063980102539,98.67823028564453,14.308048248291016,16.99437141418457,45.64716339111328,54.87415313720703,407.6846008300781,119.83472442626953
2022-03-07,50.125823974609375,71.29737854003906,77.26641082763672,22.527467727661133,27.880626678466797,186.41000366210938,27.032947540283203,98.25910186767578,14.604183197021484,16.326414108276367,43.888240814208984,52.610626220703125,395.6663513183594,118.92040252685547
2022-03-08,50.29900360107422,71.70671081542969,77.26641082763672,22.78310775756836,28.18484878540039,191.50999450683594,26.9631404876709,97.6216049194336,14.853562355041504,16.238170623779297,43.709529876708984,52.64004898071289,392.6665954589844,117.72404479980469
2022-03-09,51.8922233581543,72.9905014038086,77.26641082763672,22.2862548828125,29.25855255126953,185.82000732421875,28.411649703979492,97.01908111572266,13.684601783752441,16.885295867919922,45.167457580566406,54.56001663208008,403.19427490234375,116.57051086425781
2022-03-10,51.75367736816406,73.64171600341797,77.26641082763672,22.466562271118164,28.9274959564209,186.39999389648438,28.202220916748047,96.57366943359375,13.505362510681152,16.75170135498047,44.87586975097656,54.40815734863281,401.3736572265625,114.89569854736328
2022-03-11,51.796974182128906,73.00911712646484,77.25794982910156,22.59878921508789,28.676958084106445,185.08999633789062,27.922988891601562,96.5475082397461,13.739153861999512,16.379114151000977,44.24567794799805,53.76374435424805,396.27020263671875,115.28022766113281
2022-03-14,51.96149444580078,72.24629211425781,77.26641082763672,22.494613647460938,28.305635452270508,182.3000030517578,28.176048278808594,95.3249740600586,13.318330764770508,16.087411880493164,44.377357482910156,53.2645378112793,393.3739929199219,112.58857727050781
2022-03-15,52.065399169921875,72.68350219726562,77.24952697753906,22.2622127532959,28.560640335083008,178.88999938964844,28.455276489257812,95.28128051757812,12.967642784118652,16.60462760925293,45.12983322143555,54.16710662841797,402.02459716796875,112.39201354980469
2022-03-16,53.47677993774414,74.46965789794922,77.26641082763672,21.973716735839844,29.670141220092773,180.00999450683594,29.720535278320312,95.15025329589844,12.8897123336792,17.173315048217773,46.27735900878906,55.78620910644531,410.9390869140625,113.49430847167969
2022-03-17,53.88374710083008,75.4371566772461,77.26641082763672,22.1444091796875,30.135414123535156,180.88999938964844,29.97358512878418,94.9668960571289,13.489776611328125,17.43314552307129,46.82291030883789,56.4761848449707,416.0802917480469,112.64836120605469
2022-03-18,54.359981536865234,75.75345611572266,77.25794982910156,22.150022506713867,30.16225814819336,179.3000030517578,30.27027130126953,95.24634552001953,13.544326782226562,17.81553077697754,47.29320526123047,57.22405242919922,420.6375732421875,114.02408599853516
2022-03-21,54.515846252441406,75.7069320678711,77.25794982910156,22.82157325744629,30.215944290161133,180.6699981689453,30.21315574645996,94.0063247680664,14.082048416137695,17.773868560791016,47.16390609741211,57.59123611450195,420.51458740234375,111.38371276855469
2022-03-22,55.026710510253906,75.9840087890625,77.25794982910156,23.336057662963867,30.341209411621094,179.36000061035156,30.59093475341797,93.49107360839844,14.027497291564941,18.119487762451172,47.7679557800293,58.00693893432617,425.4352111816406,109.95667266845703
2022-03-23,54.463890075683594,74.81790161132812,77.27484893798828,23.560443878173828,30.028043746948242,181.80999755859375,30.16923713684082,94.11983489990234,14.36259937286377,17.875133514404297,46.84299850463867,57.45615768432617,419.956298828125,112.3663558959961
2022-03-24,54.6024284362793,75.55489349365234,77.27484893798828,23.27996063232422,30.502267837524414,183.1300048828125,30.309803009033203,93.59588623046875,14.261289596557617,18.23086929321289,47.42816925048828,58.341773986816406,426.28680419921875,111.48623657226562
2022-03-25,55.026710510253906,76.60904693603516,77.25794982910156,23.55803680419922,30.564897537231445,182.3800048828125,30.45037078857422,92.63530731201172,14.36259937286377,18.1989803314209,47.67357635498047,58.80124282836914,428.3686218261719,109.9395980834961
2022-03-28,54.48986053466797,75.74146270751953,77.25794982910156,23.421001434326172,30.547000885009766,179.05999755859375,30.344945907592773,92.84486389160156,13.746947288513184,18.486021041870117,47.786834716796875,58.755577087402344,431.4156799316406,110.8795394897461
2022-03-29,55.34708786010742,77.02886199951172,77.25794982910156,23.288776397705078,30.87358283996582,179.13999938964844,30.889644622802734,93.3077163696289,13.746947288513184,18.8245849609375,48.52304458618164,59.14559555053711,436.7526550292969,111.71695709228516
2022-03-30,54.94012451171875,75.6574935913086,77.27484893798828,23.17578125,30.770692825317383,180.5800018310547,30.77543067932129,93.67447662353516,14.019705772399902,18.628311157226562,47.99448013305664,58.873531341552734,434.0557556152344,112.58857727050781
2022-03-31,54.186805725097656,74.5007095336914,77.27484893798828,22.913726806640625,30.57383918762207,180.64999389648438,30.397661209106445,93.84912109375,13.746947288513184,18.35599136352539,47.107261657714844,58.16389465332031,427.37506103515625,112.86194610595703
2022-04-01,54.706336975097656,74.9205093383789,77.27484893798828,23.119686126708984,30.83332633972168,179.5,30.59093475341797,93.23805236816406,13.801499366760254,18.41732406616211,47.15446472167969,58.23713684082031,428.5862731933594,113.29161834716797
2022-04-04,54.96609878540039,74.52869415283203,77.26641082763672,23.38974952697754,30.958587646484375,180.3699951171875,30.678787231445312,93.17683410644531,14.089841842651367,18.780420303344727,47.40929412841797,58.28375244140625,432.2578125,112.5042724609375
2022-04-05,54.25607681274414,72.94277954101562,77.25794982910156,23.65660858154297,30.368053436279297,179.24000549316406,30.327381134033203,92.0665512084961,13.972946166992188,18.41732406616211,46.80524826049805,57.74153137207031,426.7978210449219,109.96251678466797
2022-04-06,53.38154220581055,72.01922607421875,77.26641082763672,23.6325626373291,29.90277862548828,179.66000366210938,29.9759578704834,91.74310302734375,13.86384391784668,17.985536575317383,46.30500030517578,57.798606872558594,422.5301818847656,109.07245635986328
2022-04-07,53.3382453918457,71.96324157714844,77.26641082763672,23.72953224182129,29.97435760498047,180.33999633789062,30.002317428588867,91.51580047607422,13.910601615905762,18.054224014282227,46.64479064941406,58.188621520996094,424.6593017578125,108.25090026855469
2022-04-08,53.63264083862305,72.34574890136719,77.25794982910156,23.921062469482422,29.86699104309082,181.47000122070312,29.9759578704834,91.05240631103516,14.082048416137695,17.82607078552246,46.73916244506836,58.352237701416016,423.5236511230469,107.07846069335938
2022-04-11,53.035179138183594,72.0285415649414,77.26641082763672,24.073320388793945,29.455394744873047,182.3699951171875,29.861745834350586,90.61532592773438,13.965153694152832,17.377103805541992,46.04072189331055,57.18980026245117,416.28472900390625,105.38396453857422
2022-04-12,53.08713912963867,72.4483642578125,77.26641082763672,24.20795249938965,29.48223876953125,183.77000427246094,29.65089988708496,91.05240631103516,14.378185272216797,17.288785934448242,45.785892486572266,57.09467697143555,414.7422790527344,105.23845672607422
2022-04-13,53.8317985534668,74.00627899169922,77.26641082763672,24.401884078979492,29.81329917907715,184.64999389648438,29.932029724121094,91.25350952148438,14.705493927001953,17.627342224121094,46.29556655883789,57.58932876586914,419.4925842285156,105.4524154663086
2022-04-14,53.81447982788086,73.89433288574219,77.25794982910156,24.602230072021484,29.31223487854004,184.0399932861328,29.888099670410156,90.43172454833984,14.8457670211792,17.2225399017334,45.75757598876953,57.07850646972656,414.2691955566406,103.33856201171875
2022-04-18,53.73655319213867,74.35145568847656,77.26641082763672,24.85866928100586,29.267498016357422,184.61000061035156,29.91446304321289,90.16942596435547,15.017215728759766,17.2225399017334,45.899147033691406,57.08515930175781,414.43951416015625,102.82508850097656
2022-04-19,53.979000091552734,75.6108627319336,77.25794982910156,25.10869789123535,29.151182174682617,181.82000732421875,29.9759578704834,89.57493591308594,14.619769096374512,17.590543746948242,46.5220832824707,57.68445587158203,421.1296691894531,102.05487060546875
2022-04-20,54.55913543701172,76.25455474853516,77.27484893798828,24.68236541748047,29.18697166442871,182.7100067138672,30.292232513427734,90.27434539794922,14.6275634765625,17.36974334716797,46.77692413330078,57.9507942199707,420.8174133300781,104.10882568359375
2022-04-21,53.89241027832031,74.3980941772461,77.27484893798828,25.018939971923828,28.570484161376953,182.05999755859375,29.87932014465332,89.77603149414062,14.596388816833496,16.99683380126953,46.05960464477539,56.94342803955078,414.524658203125,103.33856201171875
2022-04-22,52.76675796508789,72.0751953125,77.26641082763672,24.954832077026367,28.041685104370117,180.2899932861328,29.343402862548828,89.81973266601562,14.323633193969727,16.50616455078125,44.79485321044922,55.116058349609375,403.1505126953125,102.68816375732422
2022-04-25,52.039424896240234,72.00054931640625,77.27484893798828,24.674354553222656,27.737462997436523,177.0500030517578,29.088626861572266,90.3967514038086,14.22232437133789,16.70242691040039,45.06857681274414,55.25874328613281,405.4877624511719,103.71513366699219
2022-04-26,50.70596694946289,70.15343475341797,77.26641082763672,24.690378189086914,27.16482162475586,177.32000732421875,28.324295043945312,90.99996948242188,14.43273639678955,16.03757095336914,43.90763473510742,54.3617057800293,393.7444763183594,104.75921630859375
2022-04-27,50.87914276123047,70.31202697753906,77.26641082763672,24.922779083251953,27.236400604248047,175.97999572753906,28.482431411743164,90.49292755126953,14.541839599609375,16.08909034729004,44.23797607421875,54.11722183227539,394.85162353515625,103.41561126708984
2022-04-28,51.736366271972656,71.9819107055664,77.28330993652344,25.41562843322754,27.442195892333984,176.92999267578125,28.904129028320312,90.36178588867188,14.635355949401855,16.66072654724121,45.29508972167969,55.23020553588867,404.8253479003906,103.56964111328125
2022-04-29,51.34672546386719,70.0881576538086,77.26641082763672,25.339492797851562,27.352720260620117,176.91000366210938,28.561500549316406,89.88093566894531,14.534046173095703,15.924722671508789,43.75661849975586,53.204017639160156,389.8647766113281,102.22603607177734
2022-05-02,51.06098556518555,70.64788055419922,77.27484893798828,25.8924503326416,27.010028839111328,173.6300048828125,28.473649978637695,89.2113265991211,14.775629997253418,16.13325309753418,43.964263916015625,53.40283966064453,392.2115478515625,100.45404815673828
2022-05-03,51.63245391845703,72.17781066894531,77.26641082763672,25.427648544311523,27.29008674621582,174.08999633789062,28.807493209838867,89.31636810302734,14.526252746582031,16.12834358215332,44.32292938232422,53.81282043457031,394.00946044921875,101.13130950927734
2022-05-04,52.420413970947266,74.37944030761719,77.28330993652344,25.151973724365234,27.89851951599121,175.8000030517578,29.26433753967285,89.89405059814453,14.99383544921875,16.653364181518555,45.691505432128906,55.41094207763672,406.0081787109375,101.68852233886719
2022-05-05,50.72328567504883,72.01922607421875,77.28330993652344,25.57990837097168,26.86060333251953,175.1300048828125,28.456077575683594,88.99249267578125,14.93149185180664,15.802051544189453,44.096412658691406,53.86039352416992,391.57757568359375,98.90240478515625
2022-05-06,50.350955963134766,71.29156494140625,77.28330993652344,25.956554412841797,26.789020538330078,175.4199981689453,28.289152145385742,88.48482513427734,14.97045612335205,15.61069107055664,43.7188720703125,53.906044006347656,389.240234375,97.445068359375
2022-05-09,48.58455276489258,68.7914047241211,77.27484893798828,25.61997413635254,25.87636947631836,172.8800048828125,27.393035888671875,89.14132690429688,14.315841674804688,14.884496688842773,42.43524169921875,52.03110885620117,376.7778015136719,98.3023681640625
2022-05-10,48.515289306640625,68.3902816772461,77.27484893798828,25.387575149536133,26.028478622436523,171.4199981689453,27.38425064086914,89.43890380859375,14.20673656463623,15.056230545043945,42.36916732788086,52.06250762939453,377.64837646484375,99.19388580322266
2022-05-11,48.49797058105469,67.40140533447266,77.27484893798828,25.529422760009766,25.903213500976562,172.82000732421875,27.34032440185547,89.9903564453125,14.541839599609375,14.599905014038086,41.746238708496094,51.829444885253906,371.6490173339844,101.10559844970703
2022-05-12,48.229549407958984,67.6626205444336,77.28330993652344,25.418027877807617,25.786893844604492,170.1699981689453,27.357891082763672,90.2879638671875,14.611977577209473,14.54102611541748,41.75567626953125,51.577362060546875,371.2610168457031,100.91699981689453
2022-05-13,49.485076904296875,69.36981201171875,77.29176330566406,25.748197555541992,26.645862579345703,168.7899932861328,27.964088439941406,89.81529235839844,14.783421516418457,15.093031883239746,42.605125427246094,52.780704498291016,380.1371154785156,99.42533111572266
2022-05-16,49.7015495300293,69.36981201171875,77.28330993652344,25.90847396850586,26.627967834472656,170.39999389648438,28.104656219482422,90.19166564941406,15.009422302246094,14.901671409606934,42.47298812866211,52.82351303100586,378.5946044921875,99.32249450683594
2022-05-17,50.870487213134766,71.56210327148438,77.28330993652344,25.563880920410156,27.406402587890625,169.3300018310547,28.675710678100586,89.50891876220703,14.892526626586914,15.259859085083008,43.407405853271484,53.62256622314453,386.3824462890625,98.12230682373047
2022-05-18,49.814109802246094,68.8287124633789,77.28330993652344,25.563880920410156,26.887441635131836,169.4199981689453,28.034374237060547,90.14791870117188,14.54963207244873,14.536118507385254,41.83118438720703,51.444183349609375,370.8068542480469,100.21401977539062
2022-05-19,50.39425277709961,68.55819702148438,77.30020904541016,25.339492797851562,27.415353775024414,171.91000366210938,28.183727264404297,90.47179412841797,14.72887134552002,14.531213760375977,41.53858947753906,51.219688415527344,368.5357666015625,100.45404815673828
2022-05-20,50.59340286254883,68.36229705810547,77.30020904541016,25.29942512512207,27.460094451904297,172.02999877929688,28.26279640197754,90.89192199707031,14.767837524414062,14.52139949798584,41.57633590698242,51.12076187133789,368.6966552734375,101.5942153930664
2022-05-23,51.37269592285156,69.54705047607422,77.30020904541016,25.195249557495117,28.095367431640625,172.8300018310547,28.825061798095703,90.34048461914062,14.853562355041504,14.796175956726074,42.708953857421875,52.21091079711914,375.59503173828125,99.92254638671875
2022-05-24,51.14756393432617,68.77276611328125,77.29176330566406,24.97086524963379,27.835887908935547,174.1300048828125,28.842636108398438,91.11949157714844,14.853562355041504,14.450251579284668,42.36916732788086,51.96262741088867,372.72772216796875,101.8942642211914
2022-05-25,51.2687873840332,70.62921142578125,77.30020904541016,25.03497314453125,27.91641616821289,173.0800018310547,28.91291618347168,91.30329895019531,14.947076797485352,14.63916015625,42.81277847290039,52.48106002807617,376.0207824707031,102.29718017578125
2022-05-26,51.84027099609375,72.40170288085938,77.31710815429688,25.059009552001953,28.301158905029297,172.75999450683594,29.22040557861328,91.2595443725586,15.12631893157959,15.014522552490234,43.76605987548828,53.4665641784668,383.5342102050781,101.83426666259766
2022-05-27,52.19528579711914,74.05291748046875,77.30020904541016,24.94681739807129,28.775388717651367,172.85000610351562,29.571826934814453,91.39083099365234,15.328937530517578,15.549354553222656,44.75709533691406,54.60237121582031,392.9496765136719,102.08285522460938
2022-05-31,52.10869216918945,73.23198699951172,77.29176330566406,25.091068267822266,28.907804489135742,171.13999938964844,29.571826934814453,90.436767578125,15.20424747467041,15.465941429138184,44.464500427246094,54.031620025634766,390.744873046875,99.92254638671875
2022-06-01,51.883567810058594,73.30660247802734,77.2926025390625,25.52381134033203,28.641170501708984,172.22999572753906,29.36097526550293,89.92755889892578,15.305557250976562,15.362899780273438,43.93595504760742,53.869903564453125,387.5842590332031,99.80833435058594
2022-06-02,52.98323440551758,74.6126708984375,77.30953979492188,25.435665130615234,29.160127639770508,174.35000610351562,29.800241470336914,90.05902862548828,15.625073432922363,15.829036712646484,44.69103240966797,54.56431579589844,394.9652099609375,99.85987091064453
2022-06-03,52.33381652832031,74.18352508544922,77.2926025390625,25.756208419799805,28.784330368041992,172.5800018310547,29.466405868530273,89.88378143310547,15.773139953613281,15.41687297821045,44.115291595458984,54.10295867919922,388.4832458496094,99.64517974853516
2022-06-06,52.6628532409668,75.02311706542969,77.30106353759766,25.94854164123535,28.641170501708984,171.82000732421875,29.606971740722656,89.20891571044922,15.851073265075684,15.497833251953125,44.228546142578125,54.24946212768555,389.666015625,97.80738830566406
2022-06-07,53.00054168701172,76.10530090332031,77.2926025390625,25.86840057373047,28.444326400756836,172.94000244140625,29.747541427612305,89.56822204589844,15.95238208770752,15.6548490524292,44.643836975097656,54.86873245239258,393.40380859375,98.86363983154297
2022-06-08,52.506996154785156,74.6219711303711,77.30106353759766,26.20498275756836,28.211687088012695,172.77999877929688,29.29947853088379,89.23521423339844,16.10045051574707,15.544447898864746,44.12472152709961,54.43115234375,389.12664794921875,97.98768615722656
2022-06-09,51.33806228637695,73.15735626220703,77.30953979492188,26.301145553588867,27.558513641357422,172.22999572753906,28.693283081054688,89.15631866455078,16.123828887939453,15.1273775100708,42.944915771484375,53.27060317993164,379.8720703125,98.31405639648438
2022-06-10,50.13448715209961,71.02104187011719,77.2926025390625,26.357242584228516,26.990345001220703,174.5399932861328,28.00801658630371,88.27993774414062,15.960174560546875,14.55574893951416,41.46308517456055,51.900787353515625,368.85748291015625,97.70430755615234
2022-06-13,48.13430404663086,67.67195892333984,77.30106353759766,26.70985221862793,25.992691040039062,169.92999267578125,27.12068748474121,86.71117401123047,15.765349388122559,13.861448287963867,39.87742614746094,50.06485366821289,354.8526611328125,94.63843536376953
2022-06-14,47.649410247802734,67.92383575439453,77.2926025390625,26.693819046020508,25.974796295166016,168.57000732421875,26.883481979370117,86.018798828125,15.609487533569336,13.873713493347168,39.77360153198242,49.684356689453125,353.7833251953125,93.44471740722656
2022-06-15,48.59321594238281,68.2969741821289,77.30106353759766,26.212993621826172,26.30495834350586,170.77000427246094,27.287609100341797,87.21946716308594,15.593902587890625,14.226998329162598,40.198333740234375,50.123836517333984,358.82696533203125,95.18805694580078
2022-06-16,47.32037353515625,64.59341430664062,77.3179702758789,26.14888572692871,25.48267936706543,172.69000244140625,26.584774017333984,87.78914642333984,15.679627418518066,13.672537803649902,38.83919143676758,48.6474723815918,346.95123291015625,95.94377899169922
2022-06-17,46.965362548828125,64.2389144897461,77.30953979492188,26.1649112701416,25.41109848022461,171.27000427246094,26.338783264160156,87.81543731689453,15.102938652038574,13.832010269165039,38.895816802978516,48.09575271606445,347.69915771484375,96.25298309326172
2022-06-21,47.56867980957031,65.35104370117188,77.32644653320312,26.42135238647461,25.930057525634766,170.6300048828125,26.957447052001953,87.35969543457031,15.056180000305176,14.212276458740234,39.835758209228516,49.70215606689453,356.4520568847656,94.62127685546875
2022-06-22,46.91596603393555,64.17052459716797,77.33490753173828,25.9805965423584,25.393203735351562,171.30999755859375,26.707839965820312,88.46397399902344,14.791216850280762,14.221366882324219,39.52275848388672,49.57792282104492,355.8057556152344,97.22339630126953
2022-06-23,46.31617736816406,63.645835876464844,77.33490753173828,25.70011329650879,24.963716506958008,170.25999450683594,26.27994728088379,88.96353912353516,14.471700668334961,14.51616096496582,39.617610931396484,49.50148391723633,359.29364013671875,98.02207946777344
2022-06-24,47.45401382446289,65.65087127685547,77.3179702758789,25.64401626586914,25.34846305847168,170.08999633789062,26.91287612915039,88.64802551269531,14.588597297668457,15.017311096191406,40.90753173828125,50.89668655395508,370.71697998046875,96.66519927978516
2022-06-27,47.59514236450195,66.38166046142578,77.3179702758789,25.820322036743164,25.48267936706543,169.89999389648438,26.984193801879883,88.14846801757812,14.604183197021484,14.88465404510498,40.86011505126953,51.01137161254883,369.3009033203125,95.84075164794922
2022-06-28,47.45401382446289,65.93196868896484,77.33490753173828,26.052719116210938,25.1516170501709,169.6199951171875,26.93961524963379,88.26239776611328,14.736664772033691,14.410527229309082,40.27205276489258,50.428428649902344,361.75506591796875,96.28731536865234
2022-06-29,46.87186813354492,64.80763244628906,77.34336853027344,26.172922134399414,25.03529930114746,169.49000549316406,26.84156036376953,88.97229766845703,14.51845932006836,14.462116241455078,40.14875793457031,50.14461135864258,361.46044921875,97.7901840209961
2022-06-30,46.53668212890625,64.04869842529297,77.3517837524414,25.964569091796875,24.659502029418945,168.4600067138672,26.591957092285156,89.65586853027344,14.058670997619629,14.24593448638916,39.835758209228516,49.606590270996094,358.5238342285156,98.64897918701172
2022-07-01,46.59843444824219,64.6202392578125,77.34587097167969,25.77223777770996,24.50739288330078,168.32000732421875,26.672183990478516,90.61698150634766,14.105428695678711,14.40561294555664,40.110809326171875,50.05574035644531,362.3157653808594,99.66177368164062
2022-07-05,45.23126220703125,64.04869842529297,77.34587097167969,25.708131790161133,24.19422721862793,164.75,26.00359535217285,90.9505386352539,13.19364070892334,14.648818016052246,39.96854019165039,49.740379333496094,362.9999694824219,100.44483184814453
2022-07-06,44.851985931396484,63.16799545288086,77.34587097167969,25.73217010498047,24.01527214050293,162.13999938964844,25.8431339263916,90.17813873291016,12.975434303283691,14.742170333862305,40.13927459716797,49.81683349609375,364.2260437011719,98.75824737548828
2022-07-07,45.84869384765625,64.78887939453125,77.34587097167969,25.812307357788086,24.722131729125977,162.22999572753906,26.28885841369629,89.62519073486328,13.481983184814453,15.039421081542969,40.70835494995117,50.65778350830078,369.6810302734375,97.88917541503906
2022-07-08,46.1397705078125,64.75141143798828,77.33740234375,25.8924503326416,24.578968048095703,162.3000030517578,26.39583396911621,89.0809555053711,13.715774536132812,15.051706314086914,40.68938446044922,50.69601058959961,369.3769226074219,96.80494689941406
2022-07-11,45.31946563720703,64.09557342529297,77.34587097167969,26.068744659423828,24.055538177490234,161.42999267578125,26.03925132751465,89.78316497802734,13.746947288513184,14.75691032409668,40.328975677490234,50.18092346191406,365.1573791503906,98.47431945800781
2022-07-12,45.257728576660156,64.0206069946289,77.33740234375,25.804288864135742,23.854217529296875,160.8300018310547,25.967937469482422,89.99380493164062,13.10012435913086,14.540727615356445,39.997005462646484,49.70215606689453,361.9261474609375,99.05943298339844
2022-07-13,45.293006896972656,63.973751068115234,77.33740234375,25.956554412841797,23.864957809448242,161.60000610351562,25.932279586791992,90.37998962402344,13.154674530029297,14.476853370666504,39.85472869873047,49.30078887939453,360.0253601074219,100.19527435302734
2022-07-14,44.59619903564453,63.102394104003906,77.34587097167969,26.14888572692871,23.495426177978516,159.3300018310547,25.335010528564453,89.87970733642578,13.037778854370117,14.49405288696289,39.759883880615234,49.00455093383789,359.15106201171875,99.37781524658203
2022-07-15,45.266544342041016,64.5359115600586,77.33740234375,25.94854164123535,24.06896209716797,159.00999450683594,25.65593147277832,90.18689727783203,13.209227561950684,14.786386489868164,40.51865768432617,50.02705764770508,366.0126647949219,99.9371337890625
2022-07-18,45.96335983276367,64.9575424194336,77.33740234375,26.11682891845703,24.238964080810547,159.16000366210938,25.967937469482422,89.92359924316406,13.458603858947754,14.651275634765625,40.262569427490234,49.70883560180664,362.9905090332031,98.89593505859375
2022-07-19,47.083553314208984,67.44041442871094,77.33740234375,25.8924503326416,24.76687240600586,159.5399932861328,26.707839965820312,89.51103210449219,13.520949363708496,15.105751037597656,41.40073776245117,51.15278625488281,372.7981872558594,98.36244201660156
2022-07-20,47.04827880859375,68.30238342285156,77.33740234375,26.012651443481445,24.76687240600586,158.0399932861328,26.583036422729492,89.42327117919922,13.49756908416748,15.331759452819824,41.637855529785156,51.17572784423828,375.17413330078125,98.62057495117188
2022-07-21,47.5422248840332,67.9276123046875,77.36277770996094,25.636001586914062,25.19635772705078,160.27000427246094,26.752412796020508,90.4414291381836,13.248191833496094,15.589702606201172,41.90341567993164,51.34870147705078,378.9945983886719,100.3243408203125
2022-07-22,47.45401382446289,67.22492218017578,77.37126159667969,25.37956428527832,24.910030364990234,160.6699981689453,26.627613067626953,91.47718811035156,13.11570930480957,15.280168533325195,41.51454162597656,50.800174713134766,375.47821044921875,102.01090240478516
2022-07-25,47.7891960144043,68.24617004394531,77.36277770996094,25.499767303466797,25.223201751708984,160.22999572753906,27.00202178955078,91.15241241455078,13.333915710449219,15.20401382446289,41.618892669677734,51.30665588378906,375.9344177246094,101.01277160644531
2022-07-26,47.1717643737793,67.740234375,77.36277770996094,25.73217010498047,24.963716506958008,160.0399932861328,26.725671768188477,91.18751525878906,13.3806734085083,14.889566421508789,41.22052764892578,50.8900032043457,371.4867858886719,101.09019470214844
2022-07-27,48.256675720214844,69.42669677734375,77.36277770996094,25.459699630737305,25.56052017211914,161.6699981689453,27.305110931396484,91.37183380126953,13.661225318908691,15.51600456237793,42.11208724975586,52.17723083496094,381.1329345703125,100.52225494384766
2022-07-28,48.627140045166016,70.1200180053711,77.37126159667969,25.17922019958496,25.9461612701416,163.63999938964844,27.456661224365234,92.27589416503906,13.676809310913086,15.75429630279541,42.605289459228516,52.78022766113281,385.9132385253906,101.32252502441406
2022-07-29,49.37687301635742,70.96326446533203,77.37973022460938,25.03497314453125,25.87636947631836,164.10000610351562,27.92021369934082,92.31099700927734,13.731361389160156,16.088397979736328,43.14591979980469,53.529441833496094,391.53936767578125,101.04715728759766
2022-08-01,49.37687301635742,70.95390319824219,77.38562774658203,24.73846435546875,25.858476638793945,165.02999877929688,27.92913055419922,92.85089874267578,13.443018913269043,16.041725158691406,42.984676361083984,53.1634407043457,390.3799133300781,103.48076629638672
2022-08-02,48.627140045166016,70.1012954711914,77.39411926269531,25.03497314453125,25.58110237121582,164.0500030517578,27.536888122558594,91.56718444824219,13.372880935668945,16.009788513183594,42.624263763427734,52.88630294799805,387.80450439453125,101.29113006591797
2022-08-03,48.77708053588867,70.7103042602539,77.38562774658203,25.17922019958496,25.688467025756836,164.4499969482422,27.643861770629883,91.94525909423828,13.263778686523438,16.402843475341797,43.126949310302734,53.2972297668457,393.8772888183594,102.88591766357422
2022-08-04,48.83000564575195,69.99821472167969,77.40257263183594,24.7945613861084,25.903213500976562,167.1699981689453,27.626035690307617,92.41123962402344,13.123503684997559,16.491281509399414,43.05107498168945,52.79838943481445,393.6111755371094,102.85140228271484
2022-08-05,48.53011703491211,70.46670532226562,77.41950225830078,25.083053588867188,25.795841217041016,165.2899932861328,27.519060134887695,91.07475280761719,13.068951606750488,16.417585372924805,43.13643264770508,53.046844482421875,392.9458312988281,100.40321350097656
2022-08-08,48.84764862060547,70.93516540527344,77.427978515625,25.21928596496582,26.04637336730957,166.69000244140625,27.608203887939453,91.61112976074219,13.232605934143066,16.363536834716797,43.070045471191406,52.95128631591797,392.4897155761719,102.02384948730469
2022-08-09,48.55657196044922,70.33553314208984,77.41950225830078,25.21928596496582,25.95690155029297,167.1999969482422,27.536888122558594,91.33855438232422,13.372880935668945,16.206315994262695,42.85189437866211,53.031558990478516,390.93115234375,101.62733459472656
2022-08-10,50.05604934692383,71.9657974243164,77.427978515625,24.818599700927734,26.493751525878906,166.77999877929688,28.187650680541992,91.39129638671875,13.513155937194824,16.690271377563477,43.715003967285156,53.93558120727539,399.1422424316406,100.96354675292969
2022-08-11,50.197174072265625,73.12759399414062,77.427978515625,24.98689079284668,26.601125717163086,166.33999633789062,28.30353355407715,90.78461456298828,13.793706893920898,16.56498146057129,43.83830261230469,54.250938415527344,399.1422424316406,98.61016082763672
2022-08-12,50.532352447509766,74.33623504638672,77.44490814208984,24.85866928100586,27.129030227661133,167.8699951171875,28.49965476989746,91.14511108398438,13.746947288513184,16.891712188720703,44.492740631103516,55.111961364746094,405.8993225097656,99.610107421875
2022-08-15,49.853179931640625,74.08326721191406,77.43645477294922,24.96285057067871,26.9769229888916,165.7100067138672,28.214391708374023,91.4352798461914,13.544326782226562,17.012088775634766,44.559139251708984,55.182674407958984,407.5719299316406,99.5239028930664
2022-08-16,49.9149169921875,74.7672119140625,77.44490814208984,24.98689079284668,26.914287567138672,165.4199981689453,28.27679443359375,91.32975006103516,13.411845207214355,16.975236892700195,44.59708023071289,55.31169509887695,408.3702087402344,99.93769073486328
2022-08-17,49.38570022583008,73.85838317871094,77.44490814208984,25.059009552001953,26.52059555053711,164.35000610351562,28.16090202331543,90.71426391601562,13.450813293457031,16.80327606201172,44.31254196166992,54.98485565185547,405.4716491699219,98.89462280273438
2022-08-18,49.32394790649414,74.9171371459961,77.47879028320312,25.2753849029541,26.037425994873047,163.9199981689453,28.125246047973633,90.89009857177734,13.653430938720703,16.820470809936523,44.65399169921875,55.33079147338867,406.6501159667969,99.04117584228516
2022-08-19,48.60067367553711,73.71785736083984,77.47879028320312,25.50778579711914,25.46478271484375,162.72000122070312,27.75975227355957,90.10758972167969,13.676809310913086,16.491281509399414,44.07542419433594,54.80520248413086,401.1855773925781,97.44634246826172
2022-08-22,47.700992584228516,72.39678192138672,77.48725891113281,25.563880920410156,25.27688217163086,161.63999938964844,27.421001434326172,89.71188354492188,13.793706893920898,16.07611656188965,43.21232223510742,53.868682861328125,392.83184814453125,97.1187973022461
2022-08-23,48.17729187011719,72.74346160888672,77.47034454345703,25.587921142578125,25.598997116088867,162.77000427246094,27.54580307006836,89.49210357666016,14.019705772399902,16.02206802368164,43.250247955322266,53.96425247192383,391.8815002441406,96.58433532714844
2022-08-24,48.42426681518555,72.81840515136719,77.49574279785156,25.563880920410156,25.590045928955078,163.25,27.54580307006836,89.193115234375,14.159978866577148,16.081026077270508,43.345096588134766,54.13626480102539,393.1359558105469,95.87740325927734
2022-08-25,48.87411117553711,74.07389068603516,77.50421905517578,25.34750747680664,26.17163848876953,163.75,27.831066131591797,89.76465606689453,13.980738639831543,16.361085891723633,43.98057556152344,54.81857681274414,398.6861267089844,97.21360778808594
2022-08-26,47.63924789428711,72.02201080322266,77.50421905517578,25.467716217041016,25.849529266357422,161.75999450683594,27.22488021850586,89.65914154052734,14.011911392211914,15.690425872802734,42.57683563232422,53.25422286987305,385.19097900390625,97.94636535644531
2022-08-29,47.60396194458008,71.4692153930664,77.50421905517578,25.57990837097168,25.721576690673828,161.86000061035156,27.29619789123535,89.14913940429688,14.20673656463623,15.525832176208496,42.28281784057617,53.12425231933594,382.6439514160156,97.13603973388672
2022-08-30,47.101200103759766,70.06381225585938,77.51266479492188,25.69209861755371,25.53636360168457,160.50999450683594,26.948532104492188,89.12277221679688,13.848257064819336,15.371064186096191,41.7706413269043,52.46391677856445,378.4433898925781,97.37740325927734
2022-08-31,46.907142639160156,69.37049865722656,77.52959442138672,25.716140747070312,25.21425437927246,159.27000427246094,26.663270950317383,88.75350189208984,13.53653621673584,15.258061408996582,41.51454162597656,51.947879791259766,375.56378173828125,96.44637298583984
2022-09-01,45.9986457824707,68.44292449951172,77.54570770263672,26.124845504760742,24.963716506958008,157.8699951171875,26.35126304626465,88.0479736328125,13.27157211303711,15.245777130126953,41.552486419677734,51.86186981201172,376.74224853515625,94.68061828613281
2022-09-02,45.716392517089844,68.24617004394531,77.55419921875,26.10080337524414,25.38425636291504,159.25999450683594,26.27994728088379,88.54119110107422,13.326122283935547,15.049246788024902,41.17310333251953,51.47962951660156,372.7697448730469,95.21621704101562
2022-09-06,45.478240966796875,67.45915222167969,77.55419921875,26.4373836517334,24.94582176208496,158.3300018310547,26.190797805786133,87.55470275878906,13.255986213684082,14.985376358032227,41.049800872802734,51.27893829345703,371.36322021484375,92.85782623291016
2022-09-07,45.67228317260742,68.18058776855469,77.56268310546875,26.253063201904297,25.124778747558594,159.94000244140625,26.324520111083984,88.12720489501953,12.944262504577637,15.292451858520508,41.599918365478516,51.95743179321289,378.0347900390625,94.32645416259766
2022-09-08,45.76931381225586,68.3492202758789,77.57964324951172,26.357242584228516,25.097930908203125,158.97999572753906,26.431493759155273,87.80131530761719,12.998814582824707,15.400545120239258,41.87496566772461,52.355934143066406,380.5057067871094,93.35888671875
2022-09-09,47.083553314208984,69.89517211914062,77.57964324951172,26.269088745117188,25.491622924804688,159.82000732421875,27.082252502441406,87.81011962890625,13.36508846282959,15.719904899597168,42.605289459228516,53.12138748168945,386.4169006347656,93.56625366210938
2022-09-12,47.700992584228516,70.75715637207031,77.57115936279297,26.02066421508789,25.786893844604492,160.6300048828125,27.527973175048828,87.59870910644531,13.559913635253906,15.933627128601074,43.00365447998047,53.534217834472656,390.5700378417969,92.79736328125
2022-09-13,46.01628494262695,68.06814575195312,77.588134765625,26.42135238647461,24.811607360839844,158.5399932861328,26.672183990478516,87.10546112060547,13.481983184814453,15.098380088806152,41.23001480102539,51.53696060180664,373.5870361328125,93.01335144042969
2022-09-14,46.36909866333008,68.21807098388672,77.588134765625,26.38929557800293,25.178457260131836,157.92999267578125,26.779157638549805,87.1495132446289,13.528742790222168,15.189275741577148,41.40073776245117,51.67265701293945,375.0125732421875,93.3329849243164
2022-09-15,45.82223892211914,67.83392333984375,77.61357879638672,26.453405380249023,24.677396774291992,154.97999572753906,26.529552459716797,86.8499984741211,13.154674530029297,14.960809707641602,40.84113693237305,51.36207580566406,370.7549743652344,93.27252197265625
2022-09-16,45.59290313720703,66.88761138916016,77.61357879638672,26.373271942138672,24.543184280395508,155.83999633789062,26.315603256225586,86.92048645019531,13.107915878295898,14.818324089050293,40.56608581542969,51.04193878173828,367.9264831542969,92.49502563476562
2022-09-19,45.68992233276367,67.79643249511719,77.61357879638672,26.4373836517334,24.775819778442383,155.9600067138672,26.396854400634766,86.67385864257812,13.154674530029297,14.919046401977539,40.8396110534668,51.10630416870117,370.77978515625,92.71099853515625
2022-09-20,44.940189361572266,66.84833526611328,77.60509490966797,26.6216983795166,24.364227294921875,155.07000732421875,26.11699676513672,86.13655090332031,13.162467956542969,14.791299819946289,40.448848724365234,50.78450393676758,366.5237731933594,91.78665161132812
2022-09-21,44.53445053100586,65.91621398925781,77.62205505371094,26.76594352722168,24.06896209716797,155.7899932861328,25.71978187561035,86.48006439208984,13.068951606750488,14.510635375976562,39.81028747558594,50.16109848022461,360.13018798828125,93.3243408203125
2022-09-22,44.37568283081055,64.5792465209961,77.6559829711914,26.822044372558594,23.863170623779297,155.6999969482422,25.76491928100586,85.17642211914062,13.084538459777832,14.34090518951416,39.52436447143555,50.10346984863281,357.1051025390625,90.9400634765625
2022-09-23,42.805641174316406,62.545555114746094,77.6559829711914,27.118553161621094,23.075780868530273,153.00999450683594,24.681598663330078,85.28213500976562,12.640334129333496,14.109679222106934,38.76188659667969,48.71158981323242,351.1219177246094,91.31151580810547
2022-09-26,41.61488342285156,61.5946044921875,77.63900756835938,27.503206253051758,22.6722469329834,151.22999572753906,24.203136444091797,83.864013671875,12.351990699768066,14.01374626159668,38.36159896850586,48.0478401184082,347.6483459472656,89.56647491455078
2022-09-27,41.4737548828125,61.98064422607422,77.66447448730469,27.695539474487305,22.726825714111328,151.5399932861328,24.221189498901367,83.29145050048828,12.492265701293945,14.035882949829102,38.2186279296875,48.181358337402344,346.76092529296875,87.20811462402344
2022-09-28,42.514564514160156,63.8354606628418,77.67293548583984,27.102514266967773,22.88788604736328,154.69000244140625,24.744792938232422,85.16763305664062,12.827366828918457,14.308927536010742,38.97157669067383,49.482933044433594,353.58392333984375,90.1280288696289
2022-09-29,41.870670318603516,62.68679428100586,77.68991088867188,27.134578704833984,22.422609329223633,154.66000366210938,24.59132194519043,84.77122497558594,12.765022277832031,13.952248573303223,38.36159896850586,48.934452056884766,346.1979064941406,89.66152954101562
2022-09-30,41.89714050292969,62.27251434326172,77.68991088867188,27.198686599731445,22.359975814819336,154.6699981689453,24.383689880371094,84.55105590820312,12.609163284301758,13.728404998779297,37.87552261352539,48.32448959350586,340.84442138671875,88.50394439697266
2022-10-03,42.87620162963867,64.42860412597656,77.66866302490234,26.878135681152344,22.941564559936523,158.42999267578125,25.06978988647461,85.55449676513672,12.913090705871582,14.05310344696045,39.000160217285156,49.7989616394043,349.8431701660156,89.91019439697266
2022-10-04,44.499168395996094,67.0931167602539,77.69412994384766,26.381282806396484,23.693161010742188,160.6999969482422,25.891307830810547,85.73102569580078,13.255986213684082,14.510635375976562,40.15339279174805,50.99679946899414,360.68365478515625,89.65909576416016
2022-10-05,43.85527801513672,66.98954772949219,77.69412994384766,26.63772201538086,23.478422164916992,159.80999755859375,25.692697525024414,84.91908264160156,13.489776611328125,14.505714416503906,40.21057891845703,51.24558639526367,359.8439025878906,88.80181884765625
2022-10-06,43.48481369018555,66.92366027832031,77.71115112304688,26.942241668701172,23.362104415893555,159.6300048828125,25.367700576782227,84.45133972167969,13.583294868469238,14.404861450195312,39.97230911254883,51.112064361572266,356.1318054199219,88.3082504272461
2022-10-07,42.937950134277344,65.46427917480469,77.71115112304688,27.22273063659668,22.905778884887695,157.8800048828125,25.169092178344727,84.03652954101562,13.715774536132812,13.87353229522705,39.03828811645508,50.2917366027832,346.1979064941406,87.4509506225586
2022-10-10,42.62923812866211,65.4548568725586,77.71965789794922,27.439096450805664,22.69103240966797,155.47999572753906,24.961456298828125,83.54229736328125,13.59887981414795,13.706265449523926,38.609397888183594,49.983394622802734,343.5545959472656,86.09141540527344
2022-10-11,42.04707717895508,65.42662811279297,77.71965789794922,27.503206253051758,22.54787254333496,155.16000366210938,24.753822326660156,83.75411987304688,13.396261215209961,13.52669620513916,38.19004821777344,49.94977951049805,341.37884521484375,86.47245025634766
2022-10-12,41.80010986328125,65.50193786621094,77.71965789794922,27.439096450805664,22.29734230041504,155.99000549316406,24.564237594604492,84.02769470214844,13.36508846282959,13.51193618774414,38.12332534790039,49.82970428466797,340.2527770996094,86.896728515625
2022-10-13,42.92030715942383,67.3944091796875,77.74512481689453,27.415056228637695,22.529979705810547,154.91000366210938,25.15103530883789,83.6746826171875,13.53653621673584,13.81203842163086,39.24796676635742,51.34259796142578,349.23248291015625,86.0654296875
2022-10-14,41.9235954284668,65.79383087158203,77.74512481689453,27.695539474487305,22.011016845703125,152.97999572753906,24.6093807220459,83.20694732666016,13.294949531555176,13.420921325683594,38.28535079956055,50.227378845214844,341.27386474609375,85.35539245605469
2022-10-17,42.88502502441406,67.43208312988281,77.74512481689453,27.3509464263916,22.628402709960938,153.4199981689453,25.07881736755371,83.2951889038086,13.240397453308105,13.871074676513672,39.06688690185547,50.92571258544922,350.0435791015625,84.93973541259766
2022-10-18,43.07906723022461,68.13822174072266,77.74512481689453,27.246774673461914,22.628402709960938,153.75,25.105897903442383,83.50699615478516,13.084538459777832,14.02850341796875,39.476707458496094,51.49630355834961,354.1565246582031,85.1388931274414
2022-10-19,42.682151794433594,67.34735107421875,77.74512481689453,27.72759437561035,22.494186401367188,151.69000244140625,25.02465057373047,82.63326263427734,13.084538459777832,13.935029983520508,39.37187194824219,51.54720687866211,351.6467590332031,83.5888442993164
2022-10-20,42.57630920410156,66.33049011230469,77.77910614013672,27.87985610961914,22.68208885192871,151.4499969482422,25.09687042236328,82.0154800415039,13.092330932617188,13.846476554870605,39.114532470703125,51.41944885253906,348.6981506347656,82.1600570678711
2022-10-21,43.40542984008789,68.02523040771484,77.78760528564453,27.59136390686035,23.17420196533203,154.14999389648438,25.467002868652344,82.2008056640625,13.11570930480957,14.156415939331055,40.01995849609375,52.67779541015625,357.1719665527344,80.67930603027344
2022-10-24,43.30840301513672,68.65606689453125,77.77910614013672,27.743619918823242,22.807353973388672,153.64999389648438,25.48505973815918,82.09489440917969,13.162467956542969,14.318764686584473,40.467918395996094,53.446258544921875,361.5424499511719,80.0125732421875
2022-10-25,44.331581115722656,69.91771697998047,77.77910614013672,27.399024963378906,23.147361755371094,154.0,26.008663177490234,83.11865234375,13.217019081115723,14.633625030517578,41.03976058959961,53.493324279785156,367.31585693359375,82.34192657470703
2022-10-26,44.80788040161133,70.31314849853516,77.79611206054688,27.022380828857422,23.487369537353516,154.97999572753906,26.252410888671875,83.54229736328125,13.458603858947754,14.343362808227539,41.06835174560547,54.012996673583984,364.5483703613281,83.52826690673828
2022-10-27,44.43742752075195,70.47321319580078,77.82158660888672,27.09450912475586,23.514211654663086,154.74000549316406,26.198244094848633,84.13362121582031,13.466397285461426,14.11952018737793,40.706180572509766,54.07062530517578,362.60174560546875,84.4028549194336
2022-10-28,44.52562713623047,71.819580078125,77.81309509277344,27.262794494628906,23.509737014770508,153.16000366210938,26.405881881713867,83.70115661621094,13.349501609802246,14.486034393310547,41.73551559448242,54.9927864074707,371.2282409667969,83.82266998291016
2022-10-31,44.252193450927734,71.97964477539062,77.81309509277344,27.46314239501953,23.514211654663086,151.91000366210938,26.36074447631836,83.32166290283203,13.248191833496094,14.338444709777832,41.41146469116211,54.887123107910156,368.5467529296875,83.22516632080078
2022-11-01,44.77260208129883,72.27152252197266,77.81990051269531,27.29485511779785,23.639476776123047,153.4600067138672,26.523237228393555,83.30662536621094,13.4274320602417,14.17855453491211,41.54490661621094,54.90633773803711,366.93408203125,84.00294494628906
2022-11-02,44.32276153564453,70.15308380126953,77.84544372558594,27.535268783569336,23.344209671020508,152.38999938964844,26.333660125732422,83.16510009765625,13.53653621673584,13.686586380004883,40.58229064941406,54.12922286987305,357.72540283203125,83.63838958740234
2022-11-03,44.03168487548828,70.00244140625,77.8709945678711,27.703556060791016,23.371051788330078,151.80999755859375,26.3878231048584,82.80247497558594,13.513155937194824,13.450439453125,40.10573959350586,54.4558219909668,354.0419616699219,83.18696594238281
2022-11-04,45.67228317260742,71.5842056274414,77.88802337646484,27.38300323486328,24.230016708374023,156.47000122070312,26.947540283203125,82.62557220458984,13.99632453918457,13.573432922363281,40.83008575439453,54.94474792480469,359.13775634765625,81.78939056396484
2022-11-07,45.91926193237305,72.50690460205078,77.87947845458984,27.415056228637695,24.453710556030273,155.85000610351562,27.01073455810547,82.33374786376953,13.902809143066406,13.721022605895996,41.41146469116211,55.16568374633789,362.5730895996094,80.9734115600586
2022-11-08,46.404388427734375,72.50690460205078,77.88802337646484,27.006359100341797,25.06214141845703,159.4499969482422,27.14614486694336,82.88207244873047,13.69239616394043,13.794817924499512,41.68785858154297,55.51148986816406,364.5293273925781,81.85881805419922
2022-11-09,45.539981842041016,70.22840118408203,77.93059539794922,27.102514266967773,24.731082916259766,158.64999389648438,26.577409744262695,83.16510009765625,13.388467788696289,13.46027946472168,40.820560455322266,54.11001205444336,357.0192565917969,82.12791442871094
2022-11-10,48.018524169921875,74.13572692871094,77.93912506103516,26.044708251953125,25.572153091430664,163.47999572753906,27.53433609008789,85.03132629394531,13.489776611328125,14.46635627746582,42.9364013671875,55.25213623046875,376.63897705078125,85.2876968383789
2022-11-11,48.93585205078125,74.8795394897461,77.93059539794922,25.65203094482422,26.243223190307617,164.55999755859375,27.705860137939453,84.85443115234375,13.739153861999512,14.690203666687012,43.3271598815918,55.06962966918945,380.28424072265625,84.97521209716797
2022-11-14,48.28314208984375,74.1922378540039,77.93059539794922,25.748197555541992,25.849529266357422,164.9199981689453,27.48017120361328,84.65099334716797,13.567707061767578,14.532772064208984,43.04123306274414,54.9927864074707,377.04925537109375,84.76689910888672
2022-11-15,48.53011703491211,75.25613403320312,77.9476318359375,25.491756439208984,26.100059509277344,165.5,27.696834564208984,85.2789535522461,13.715774536132812,14.709881782531738,43.48918533325195,55.23292541503906,380.26513671875,86.13842010498047
2022-11-16,48.32724380493164,73.82503509521484,77.95613098144531,25.30743980407715,25.572153091430664,165.1199951171875,27.75099754333496,85.90689086914062,13.567707061767578,14.549992561340332,42.974517822265625,54.94474792480469,377.36419677734375,88.02212524414062
2022-11-17,48.09790802001953,73.6367416381836,77.98165893554688,25.499767303466797,25.330568313598633,163.9199981689453,27.723915100097656,85.3231430053711,13.333915710449219,14.463895797729492,43.022178649902344,55.19449996948242,376.2095947265625,87.09330749511719
2022-11-18,48.21257400512695,74.09808349609375,77.98165893554688,25.627988815307617,25.250041961669922,162.7899932861328,27.732946395874023,85.0224609375,13.248191833496094,14.463895797729492,43.184200286865234,55.482669830322266,377.917724609375,86.49431610107422
2022-11-21,47.947959899902344,73.7591323852539,77.99019622802734,25.76422691345215,25.223201751708984,161.8800048828125,27.561424255371094,84.96939849853516,13.19364070892334,14.284327507019043,43.06983184814453,55.34819030761719,376.54351806640625,86.85888671875
2022-11-22,48.8123664855957,75.19023895263672,78.00724029541016,25.595937728881836,25.437938690185547,162.07000732421875,28.166275024414062,85.45584106445312,13.333915710449219,14.495874404907227,43.746524810791016,56.303001403808594,381.6106262207031,88.09156799316406
2022-11-23,49.40333557128906,75.12435913085938,78.0242691040039,25.29942512512207,25.590045928955078,163.0800018310547,28.428071975708008,85.91576385498047,13.139089584350586,14.663145065307617,43.91807556152344,56.18388748168945,384.01544189453125,89.62803649902344
2022-11-25,49.747337341308594,75.2844009399414,78.0242691040039,25.2753849029541,25.509521484375,163.22000122070312,28.58154296875,85.88922119140625,13.037778854370117,14.611486434936523,43.88947296142578,56.336612701416016,383.92950439453125,89.32421875
2022-11-28,48.83882522583008,73.7967758178711,78.03276824951172,25.371553421020508,25.187410354614258,161.92999267578125,28.328767776489258,85.92462158203125,12.952056884765625,14.38026237487793,43.09842300415039,55.655582427978516,377.8031311035156,89.57597351074219
2022-11-29,49.18282699584961,74.4087905883789,78.05831909179688,25.427648544311523,25.545307159423828,162.72999572753906,28.473209381103516,85.56195831298828,13.10012435913086,14.27448844909668,43.06983184814453,55.780452728271484,377.1543273925781,88.52562713623047
2022-11-30,49.923744201660156,75.83048248291016,78.05831909179688,25.03497314453125,26.359539031982422,164.80999755859375,28.82529067993164,86.3314437866211,13.419638633728027,14.914051055908203,44.35648727416992,56.62574768066406,389.034912109375,89.1766586303711
2022-12-01,50.497074127197266,75.2938003540039,78.0754165649414,24.770519256591797,26.23427391052246,167.83999633789062,28.93362045288086,87.27437591552734,13.349501609802246,14.946028709411621,44.2993049621582,56.30876159667969,388.74859619140625,92.02548217773438
2022-12-02,50.54117202758789,75.54801177978516,78.08393096923828,24.690378189086914,26.117958068847656,167.25999450683594,28.82529067993164,87.45165252685547,13.209227561950684,14.901751518249512,44.21352767944336,56.3856086730957,388.300048828125,93.18275451660156
2022-12-05,49.42979431152344,73.03412628173828,78.09248352050781,24.93880844116211,25.661630630493164,164.38999938964844,28.419050216674805,86.5654296875,12.858539581298828,14.596728324890137,43.40340805053711,55.55951690673828,381.31488037109375,91.8775634765625
2022-12-06,49.06816101074219,72.59163665771484,78.11811828613281,24.922779083251953,25.572153091430664,164.83999633789062,28.301685333251953,87.09712219238281,12.663713455200195,14.323685646057129,42.67906188964844,55.07923126220703,375.8182678222656,93.06094360351562
2022-12-07,49.13872528076172,72.2621078491211,78.11811828613281,24.71442222595215,25.598997116088867,166.3300018310547,28.27460289001465,87.85928344726562,12.60136890411377,14.261114120483398,42.621891021728516,54.963966369628906,375.178955078125,95.253662109375
2022-12-08,49.253387451171875,72.23385620117188,78.16932678222656,24.690378189086914,25.688467025756836,166.47000122070312,28.364883422851562,87.36299896240234,12.570195198059082,14.418773651123047,42.9364013671875,55.0504150390625,378.1180725097656,94.99263000488281
2022-12-09,49.332767486572266,71.34881591796875,78.16079711914062,24.87469482421875,25.634788513183594,167.05999755859375,28.292661666870117,86.7160415649414,12.570195198059082,14.312846183776855,42.660003662109375,54.320377349853516,375.2934265136719,92.5214614868164
2022-12-12,49.279850006103516,72.24327087402344,78.16932678222656,24.84264373779297,25.74216079711914,165.67999267578125,28.382936477661133,86.59202575683594,12.710471153259277,14.514851570129395,43.27950668334961,55.21371841430664,380.7041015625,92.81730651855469
2022-12-13,50.01194763183594,72.50690460205078,78.16932678222656,24.642295837402344,25.903213500976562,168.50999450683594,28.834318161010742,87.37184143066406,12.936470985412598,14.672514915466309,43.62261962890625,55.27134323120117,383.5860290527344,93.71355438232422
2022-12-14,50.03841018676758,72.04554748535156,78.19495391845703,24.59421730041504,25.760051727294922,168.10000610351562,28.80723762512207,87.61115264892578,13.045573234558105,14.583828926086426,43.374813079833984,55.20410919189453,381.133544921875,94.1137924194336
2022-12-15,48.965579986572266,70.52986907958984,78.21204376220703,24.58620262145996,24.954769134521484,165.35000610351562,28.310714721679688,87.78163146972656,12.858539581298828,14.115764617919922,42.355010986328125,54.416439056396484,371.8103942871094,94.48101043701172
2022-12-16,48.74208068847656,69.89557647705078,78.21204376220703,24.76250457763672,25.00845718383789,166.7899932861328,28.103078842163086,87.55963134765625,12.694887161254883,13.935933113098145,42.040504455566406,53.86891174316406,367.4207763671875,93.42559814453125
2022-12-19,48.55433654785156,69.27075958251953,78.22146606445312,24.754487991333008,25.1516170501709,166.32000732421875,28.040546417236328,86.84931182861328,12.68427848815918,13.736390113830566,41.72908020019531,53.74336242675781,364.3050537109375,91.85555267333984
2022-12-20,49.001346588134766,69.64942932128906,78.23004150390625,24.914766311645508,25.36635971069336,169.0800018310547,28.430253982543945,86.21885681152344,12.737313270568848,13.748709678649902,41.87282180786133,53.897884368896484,364.8035888671875,90.2244873046875
2022-12-21,49.412593841552734,71.11682891845703,78.23860168457031,24.810585021972656,25.625837326049805,168.8000030517578,28.774642944335938,86.32540893554688,12.896419525146484,13.963030815124512,42.46689224243164,54.67047882080078,370.25836181640625,90.45127868652344
2022-12-22,49.05497741699219,69.93345642089844,78.28997039794922,24.97887420654297,25.27688217163086,166.75999450683594,28.57525634765625,86.29875946044922,12.7461519241333,13.677268028259277,41.84407043457031,54.23588180541992,364.97625732421875,90.43379974365234
2022-12-23,49.430477142333984,70.92747497558594,78.28997039794922,24.954832077026367,25.48267936706543,167.25999450683594,28.792768478393555,85.9080810546875,12.975972175598145,13.716681480407715,42.14110565185547,54.86458206176758,367.07562255859375,89.10802459716797
2022-12-27,49.51094055175781,70.93696594238281,78.28997039794922,24.994905471801758,25.34846305847168,168.6699981689453,28.829021453857422,85.1888656616211,13.090882301330566,13.551628112792969,42.13153076171875,55.14368438720703,365.6280517578125,87.34609985351562
2022-12-28,48.89405822753906,69.32755279541016,78.31566619873047,25.20821189880371,25.06214141845703,167.91000366210938,28.539005279541016,84.98463439941406,12.949454307556152,13.379186630249023,41.594932556152344,54.351776123046875,361.0840759277344,86.83147430419922
2022-12-29,49.814903259277344,70.80440521240234,78.34993743896484,25.070037841796875,25.467599868774414,168.85000610351562,28.8199520111084,85.4019546508789,12.931777000427246,13.714218139648438,42.2369270324707,54.738067626953125,367.58367919921875,87.81709289550781
2022-12-30,49.48411178588867,70.53934478759766,78.34136199951172,25.13912582397461,25.35267448425293,169.63999938964844,28.693073272705078,85.0467758178711,13.064363479614258,13.68712043762207,42.160274505615234,54.83464813232422,366.6155090332031,86.84020233154297
2023-01-03,49.53776168823242,69.86717224121094,78.34993743896484,25.078672409057617,25.072256088256836,171.05999755859375,28.548067092895508,85.71273040771484,12.737313270568848,13.563948631286621,41.81533432006836,53.9558219909668,365.0720520019531,88.4974594116211
2023-01-04,49.82384490966797,70.74760437011719,78.34136199951172,24.888681411743164,25.58712387084961,172.6699981689453,28.47556495666504,86.36979675292969,12.480976104736328,13.595972061157227,42.112361907958984,53.86891174316406,367.8905029296875,89.7098617553711
2023-01-05,49.350013732910156,70.36892700195312,78.3670425415039,24.931861877441406,25.495180130004883,170.52000427246094,28.384933471679688,86.24549865722656,12.42794132232666,13.349623680114746,41.85365676879883,53.81096649169922,363.6916198730469,90.08493041992188
2023-01-06,50.664222717285156,72.413818359375,78.35848236083984,24.612333297729492,26.267486572265625,173.7100067138672,28.974021911621094,87.35541534423828,12.507493019104004,13.640315055847168,43.00347900390625,54.692684173583984,372.0318298339844,91.7421646118164
2023-01-09,50.93243408203125,72.33808898925781,78.3756332397461,24.58642578125,26.589277267456055,174.10000610351562,28.955896377563477,87.57740783691406,12.68427848815918,13.753636360168457,42.9172477722168,54.139320373535156,371.8208923339844,92.23062896728516
2023-01-10,50.96818923950195,73.23746490478516,78.3670425415039,24.698692321777344,26.800739288330078,174.74000549316406,28.901517868041992,87.02686309814453,12.693116188049316,13.874343872070312,43.17595672607422,54.14896774291992,374.4284362792969,90.70421600341797
2023-01-11,51.20957565307617,73.9664306640625,78.3670425415039,24.543245315551758,27.0397891998291,174.6199951171875,28.974021911621094,87.58631134033203,12.92293643951416,14.16503620147705,43.549644470214844,54.53527069091797,379.1641540527344,92.17830657958984
2023-01-12,52.023136138916016,74.99832916259766,78.42700958251953,24.491432189941406,27.288028717041016,176.63999938964844,29.4906063079834,88.3676528930664,13.055525779724121,14.243866920471191,43.71253967285156,54.68979263305664,380.54461669921875,93.99256896972656
2023-01-13,52.36286926269531,75.35809326171875,78.43557739257812,24.52597427368164,27.27883529663086,178.75999450683594,29.798742294311523,87.89705657958984,13.18811321258545,14.335016250610352,43.79877471923828,54.7187614440918,382.0209045410156,93.1115951538086
2023-01-17,52.49696731567383,75.12142181396484,78.43557739257812,24.595060348510742,27.27883529663086,177.58999633789062,29.825931549072266,87.62179565429688,13.276505470275879,14.37936019897461,43.72211456298828,54.58355712890625,381.3211364746094,92.5097427368164
2023-01-18,52.291351318359375,73.78655242919922,78.44416046142578,24.430978775024414,27.012205123901367,177.0800018310547,29.708114624023438,88.81163787841797,13.126238822937012,14.199525833129883,43.08012771606445,53.543460845947266,375.30078125,94.75142669677734
2023-01-19,52.425445556640625,73.57827758789062,78.4784164428711,24.595060348510742,27.113340377807617,179.88999938964844,29.717180252075195,88.6429214477539,13.26766586303711,14.103449821472168,42.8214225769043,53.71438980102539,372.5686340332031,94.1583023071289
2023-01-20,53.0155029296875,74.89420318603516,78.4869613647461,24.577789306640625,27.655790328979492,179.2899932861328,29.979997634887695,88.05689239501953,13.338379859924316,14.490216255187988,43.501739501953125,54.12000274658203,379.50927734375,92.63187408447266
2023-01-23,53.149600982666016,75.81250762939453,78.4869613647461,24.577789306640625,27.977582931518555,179.6300048828125,30.01624870300293,87.77273559570312,13.40909481048584,14.741493225097656,43.92333221435547,54.12965774536133,384.0628356933594,92.19575500488281
2023-01-24,53.17642593383789,75.5190200805664,78.4955062866211,24.569156646728516,28.02355194091797,180.27999877929688,29.88031005859375,88.27886962890625,13.329540252685547,14.69961166381836,43.91375732421875,54.218505859375,383.650634765625,93.52153778076172
2023-01-25,53.28370666503906,75.9166488647461,78.50411224365234,24.551881790161133,27.9683895111084,181.11000061035156,29.871246337890625,88.37654113769531,13.276505470275879,14.670051574707031,43.85626983642578,54.284175872802734,383.7944641113281,93.74832916259766
2023-01-26,53.542972564697266,76.46573638916016,78.54690551757812,24.595060348510742,28.280986785888672,179.47000122070312,29.952808380126953,88.05689239501953,13.347219467163086,14.931181907653809,44.354522705078125,54.9698486328125,388.01251220703125,93.31221008300781
2023-01-27,53.5787353515625,76.48467254638672,78.55548095703125,24.543245315551758,28.179855346679688,179.22000122070312,29.88031005859375,87.92371368408203,13.17043399810791,15.071599006652832,44.18205261230469,54.37110137939453,388.90399169921875,93.07669830322266
2023-01-30,53.0870246887207,75.59476470947266,78.55548095703125,24.543245315551758,27.876449584960938,178.75999450683594,29.74436378479004,87.6484375,12.984811782836914,14.785836219787598,43.66463088989258,53.844764709472656,384.02447509765625,92.73652648925781
2023-01-31,53.58767318725586,77.5355224609375,78.56404113769531,24.327348709106445,28.014358520507812,179.41000366210938,29.844051361083984,88.09239959716797,13.214630126953125,15.046965599060059,44.19163131713867,54.58355712890625,389.6709289550781,93.47794342041016
2023-02-01,54.15985107421875,78.5295639038086,78.56922912597656,24.422344207763672,28.391315460205078,181.6699981689453,29.807802200317383,88.72599029541016,12.949454307556152,15.325338363647461,44.517417907714844,54.10551071166992,393.812255859375,94.6016616821289
2023-02-02,53.97210693359375,79.58041381835938,78.60359191894531,24.284170150756836,28.54761505126953,177.89999389648438,29.336536407470703,88.69039916992188,12.816864967346191,15.78108024597168,45.06357955932617,53.202552795410156,399.54498291015625,94.72409057617188
2023-02-03,53.14066696166992,79.44503784179688,78.62079620361328,24.30143928527832,27.931612014770508,173.4600067138672,29.20059585571289,87.7382583618164,12.51633358001709,15.542123794555664,44.82403564453125,53.028717041015625,395.2981872558594,93.30740356445312
2023-02-06,52.640010833740234,78.35916137695312,78.62938690185547,24.387800216674805,27.43053436279297,173.82000732421875,29.064651489257812,86.98187255859375,12.560528755187988,15.401708602905273,44.58448791503906,53.01905822753906,392.88238525390625,92.61658477783203
2023-02-07,53.23006820678711,79.34373474121094,78.63796997070312,24.551881790161133,27.655790328979492,173.97999572753906,29.4906063079834,86.76830291748047,12.808026313781738,15.712104797363281,45.23605728149414,53.67576599121094,398.0207214355469,91.8732681274414
2023-02-08,52.979736328125,78.01834106445312,78.63796997070312,24.361892700195312,27.58499526977539,174.41000366210938,29.418100357055664,87.08866882324219,12.834545135498047,15.490392684936523,44.63239669799805,53.37638854980469,393.6684875488281,92.31050109863281
2023-02-09,52.93503952026367,76.89176177978516,78.66376495361328,24.508703231811523,27.683372497558594,173.02999877929688,29.526859283447266,86.69712829589844,12.710795402526855,15.352436065673828,44.37369155883789,53.285606384277344,390.2557067871094,91.43601989746094
2023-02-10,52.88139724731445,77.51657104492188,78.67234802246094,24.413707733154297,27.508684158325195,173.36000061035156,29.81687355041504,86.27892303466797,12.896419525146484,15.253894805908203,44.59407043457031,54.303489685058594,391.16650390625,90.41285705566406
2023-02-13,53.31052780151367,78.3402328491211,78.68955993652344,24.52597427368164,27.563846588134766,172.47999572753906,30.025312423706055,86.48358917236328,12.887580871582031,15.483000755310059,45.101905822753906,54.48697280883789,395.7583923339844,91.17369079589844
2023-02-14,53.45357131958008,78.33075714111328,78.68955993652344,24.698692321777344,27.674182891845703,172.61000061035156,30.115942001342773,86.09204864501953,12.931777000427246,15.564295768737793,45.04440689086914,54.27451705932617,395.57623291015625,90.96379852294922
2023-02-15,53.060203552246094,78.88932037353516,78.70674133300781,24.65550994873047,27.435136795043945,170.88999938964844,29.88031005859375,85.83399963378906,12.763830184936523,15.672688484191895,44.986934661865234,53.9365119934082,396.86083984375,90.11554718017578
2023-02-16,52.81882095336914,78.35916137695312,78.749755859375,24.715961456298828,27.51603889465332,170.75,29.708114624023438,85.54926300048828,12.728473663330078,15.372145652770996,44.45992660522461,53.46329879760742,391.396484375,88.83879852294922
2023-02-17,52.863521575927734,78.31181335449219,78.7583236694336,24.646875381469727,27.196086883544922,171.25999450683594,29.689983367919922,85.78949737548828,12.622403144836426,15.251434326171875,44.16288757324219,53.202552795410156,390.4187316894531,89.52963256835938
2023-02-21,52.39862823486328,75.95452880859375,78.7583236694336,24.67278480529785,26.73638343811035,170.6199951171875,29.544981002807617,84.85517120361328,12.648921012878418,14.906543731689453,43.54005432128906,52.852962493896484,382.5865478515625,87.7894287109375
2023-02-22,51.88009262084961,75.95452880859375,78.78409576416016,24.58642578125,26.5800838470459,169.66000366210938,29.39997673034668,85.00642395019531,12.472136497497559,14.933643341064453,43.386756896972656,52.61345291137695,382.0592956542969,88.59395599365234
2023-02-23,52.434391021728516,76.5320053100586,78.80990600585938,24.46552276611328,26.993812561035156,169.57000732421875,29.581235885620117,85.33570098876953,12.560528755187988,15.046965599060059,43.63588333129883,52.864540100097656,384.09161376953125,89.45968627929688
2023-02-24,51.906917572021484,76.2858657836914,78.81851959228516,24.603696823120117,26.35023307800293,168.35000610351562,29.35466194152832,84.81958770751953,12.507493019104004,14.805541038513184,43.281349182128906,52.62117004394531,379.98858642578125,88.29662322998047
2023-02-27,52.50591278076172,76.7308120727539,78.82710266113281,24.733232498168945,26.396198272705078,169.00999450683594,29.59029769897461,85.07762908935547,12.525172233581543,14.894227981567383,43.396339416503906,52.6617317199707,381.2828369140625,88.54148864746094
2023-02-28,52.35392761230469,76.55094146728516,78.835693359375,24.508703231811523,26.396198272705078,169.77999877929688,29.318410873413086,85.21110534667969,12.578207015991211,14.859739303588867,43.29093551635742,52.091949462890625,379.8735046386719,88.94373321533203
2023-03-01,52.90822219848633,77.0053482055664,78.83999633789062,24.70732879638672,26.86509895324707,170.75999450683594,29.517791748046875,84.5299072265625,12.799186706542969,14.7710542678833,43.37717056274414,52.25612258911133,378.4163818359375,87.98820495605469
2023-03-02,52.88139724731445,77.36510467529297,78.8658447265625,24.802322387695312,26.69961166381836,170.66000366210938,29.60841941833496,84.18213653564453,12.75499153137207,14.901619911193848,43.6933708190918,52.62310791015625,381.3594970703125,87.2079849243164
2023-03-03,53.65025329589844,78.26448059082031,78.88310241699219,24.65550994873047,27.14092254638672,172.49000549316406,29.925628662109375,84.85978698730469,12.967132568359375,15.229263305664062,44.37369155883789,53.028717041015625,387.47564697265625,89.32070922851562
2023-03-06,53.44462966918945,76.86334991455078,78.89171600341797,24.81096076965332,27.17770004272461,171.6199951171875,29.83499526977539,84.70821380615234,12.905259132385254,15.258822441101074,44.450340270996094,53.3377571105957,387.7440490722656,88.62813568115234
2023-03-07,52.452266693115234,75.90718841552734,78.89171600341797,24.48279571533203,26.727188110351562,168.6199951171875,29.45435333251953,84.71711730957031,12.613564491271973,15.051891326904297,43.789188385009766,52.54584884643555,381.8004150390625,89.17166137695312
2023-03-08,52.76517868041992,75.86930847167969,78.90897369384766,24.551881790161133,26.947843551635742,168.5399932861328,29.53592300415039,84.69034576416016,12.542850494384766,15.101160049438477,43.82752227783203,52.2464714050293,382.4235534667969,89.25932312011719
2023-03-09,52.425445556640625,73.51200866699219,78.92621612548828,24.335987091064453,26.524919509887695,170.1999969482422,29.409040451049805,85.2164535522461,12.383745193481445,14.840030670166016,43.26219940185547,51.60908126831055,375.367919921875,89.47850799560547
2023-03-10,51.89796829223633,71.54285430908203,78.94344329833984,23.59329605102539,26.341039657592773,173.8699951171875,29.119029998779297,86.78577423095703,12.525172233581543,14.5665864944458,42.706443786621094,51.1262092590332,369.95159912109375,92.56423950195312
2023-03-13,51.00395202636719,68.78793334960938,78.96068572998047,22.876514434814453,26.25828742980957,177.86000061035156,28.729326248168945,87.83797454833984,12.445618629455566,14.660197257995605,42.706443786621094,51.00066375732422,369.42431640625,92.774658203125
2023-03-14,51.3704948425293,69.94290161132812,78.96931457519531,23.36876106262207,26.29506492614746,176.8300018310547,28.838077545166016,87.00871276855469,12.28651237487793,15.00015926361084,43.444252014160156,51.444908142089844,375.5309143066406,91.24930572509766
2023-03-15,49.8596076965332,68.01161193847656,79.01241302490234,22.531082153320312,25.559537887573242,178.2100067138672,27.96804428100586,88.26595306396484,12.003658294677734,15.01494026184082,43.02264404296875,50.62403106689453,373.1822509765625,93.01136016845703
2023-03-16,50.29767608642578,69.42222595214844,79.0468978881836,22.80742835998535,26.04682731628418,178.57000732421875,28.212739944458008,87.47235870361328,12.04785442352295,15.386924743652344,43.66463088989258,50.96202850341797,379.7297668457031,92.2837142944336
2023-03-17,49.58245849609375,67.2258529663086,79.06412506103516,22.36699867248535,25.862943649291992,183.77000427246094,27.931791305541992,88.50670623779297,12.003658294677734,15.2957763671875,43.29093551635742,50.22807693481445,375.2896728515625,93.66881561279297
2023-03-20,50.32449722290039,68.06842803955078,79.07273864746094,22.643346786499023,26.000856399536133,183.83999633789062,28.53237533569336,88.15000915527344,12.056694030761719,15.340118408203125,43.76253890991211,51.144813537597656,378.8983154296875,92.84479522705078
2023-03-21,51.01289367675781,69.85770416259766,79.07273864746094,22.88515281677246,26.35023307800293,180.3699951171875,28.780324935913086,87.38318634033203,12.100889205932617,15.608638763427734,44.20526123046875,51.83504104614258,383.8734436035156,92.04705047607422
2023-03-22,50.62846374511719,67.89801788330078,79.0899887084961,22.531082153320312,26.396198272705078,183.44000244140625,28.72522735595703,88.533447265625,12.145085334777832,15.392794609069824,43.608543395996094,50.950382232666016,377.32977294921875,93.27435302734375
2023-03-23,50.76256561279297,67.1448745727539,79.12446594238281,22.418813705444336,26.5800838470459,185.74000549316406,28.633392333984375,89.04168701171875,12.109728813171387,15.533401489257812,43.868412017822266,50.76567459106445,378.3498229980469,93.27435302734375
2023-03-24,50.44071578979492,67.62986755371094,79.1417007446289,22.19428253173828,26.46056365966797,183.64999389648438,28.569108963012695,89.06843566894531,12.153924942016602,15.590137481689453,44.08976364135742,51.144813537597656,380.8326110839844,93.66881561279297
2023-03-27,50.878787994384766,68.6663589477539,79.13307189941406,22.755613327026367,26.442171096801758,181.9499969482422,28.93643569946289,87.97169494628906,12.383745193481445,15.518599510192871,44.109012603759766,51.73004150390625,381.544677734375,91.46846771240234
2023-03-28,50.92349624633789,68.98966979980469,79.15030670166016,22.746976852416992,26.708803176879883,183.44000244140625,29.12928581237793,87.91820526123047,12.436779975891113,15.442129135131836,44.14751434326172,52.02947235107422,380.688232421875,91.63504028320312
2023-03-29,51.45096206665039,69.47465515136719,79.15030670166016,22.88515281677246,26.873937606811523,182.52999877929688,29.331315994262695,87.76658630371094,12.374905586242676,15.6740083694458,44.773101806640625,52.44749450683594,386.2215270996094,91.45092010498047
2023-03-30,52.13936233520508,69.28446197509766,79.16755676269531,22.902423858642578,27.104572296142578,184.17999267578125,29.542530059814453,87.90038299560547,12.454458236694336,15.804747581481934,45.052215576171875,52.593318939208984,388.48297119140625,91.87171173095703
2023-03-31,52.28240203857422,70.42557525634766,79.15030670166016,22.712432861328125,27.113800048828125,183.22000122070312,29.753751754760742,88.38187408447266,12.569368362426758,16.07609748840332,45.54306411743164,53.01133728027344,393.9584045410156,93.24806213378906
2023-04-03,52.92610168457031,70.98662567138672,79.16937255859375,22.58289337158203,27.049222946166992,184.5399932861328,30.194543838500977,88.79820251464844,12.781509399414062,16.100765228271484,45.93766784667969,54.23625564575195,395.4596252441406,93.68659210205078
2023-04-04,52.88139724731445,69.26544189453125,79.17802429199219,22.461992263793945,26.938514709472656,187.97999572753906,30.065980911254883,89.37000274658203,12.772669792175293,16.048961639404297,45.58155822753906,53.58491134643555,393.265625,94.15238189697266
2023-04-05,52.023136138916016,68.79949188232422,79.2213134765625,22.323820114135742,26.726327896118164,187.8300018310547,29.992515563964844,89.74522399902344,12.816864967346191,15.89848518371582,45.571937561035156,54.265411376953125,392.2359313964844,95.13670349121094
2023-04-06,52.1572380065918,68.59029388427734,79.22992706298828,22.315185546875,26.55104637145996,186.49000549316406,30.075162887573242,89.77203369140625,12.772669792175293,16.01442527770996,45.53343963623047,54.09042739868164,393.76593017578125,95.38278198242188
2023-04-10,52.23769760131836,69.56974792480469,79.23860931396484,22.556991577148438,26.726327896118164,185.11000061035156,30.13026237487793,88.8875503540039,12.799186706542969,15.994691848754883,45.5911865234375,54.30430221557617,394.170166015625,93.84477996826172
2023-04-11,52.684715270996094,70.38753509521484,79.24727630615234,22.58289337158203,27.113800048828125,186.27999877929688,30.194543838500977,88.85179138183594,12.869901657104492,15.925618171691895,45.63930892944336,54.49873352050781,394.2760314941406,94.03816223144531
2023-04-12,52.98868179321289,70.1688232421875,79.26458740234375,22.686525344848633,27.2060546875,187.19000244140625,30.424129486083984,89.11090850830078,12.949454307556152,15.836814880371094,45.49494171142578,54.64065933227539,392.66900634765625,93.94147491455078
2023-04-13,53.75754165649414,70.77741241455078,79.30784606933594,22.755613327026367,27.648876190185547,189.72000122070312,30.846559524536133,88.81607818603516,12.949454307556152,16.172298431396484,46.10129165649414,55.120906829833984,397.8846130371094,93.20323944091797
2023-04-14,53.51615524291992,70.45410919189453,79.30784606933594,22.88515281677246,27.62120246887207,186.36000061035156,30.74553680419922,88.37828826904297,12.958293914794922,16.11802864074707,45.995418548583984,54.86814880371094,396.9126892089844,92.3507308959961
2023-04-17,53.51615524291992,70.81546783447266,79.32514190673828,23.014686584472656,27.56584930419922,185.52999877929688,30.800640106201172,87.81542205810547,12.914097785949707,16.125429153442383,45.9665412902832,54.74177932739258,398.3369140625,91.25213623046875
2023-04-18,53.730716705322266,70.5777359008789,79.33381652832031,23.040599822998047,27.62120246887207,186.25,30.94757652282715,87.95835876464844,12.949454307556152,16.142704010009766,46.01466751098633,54.858421325683594,398.5967102050781,91.57731628417969
2023-04-19,53.426753997802734,70.78692626953125,79.34249877929688,23.00605583190918,27.335214614868164,185.36000061035156,30.68126106262207,87.77076721191406,12.772669792175293,16.13776397705078,45.9665412902832,54.62510299682617,398.5294189453125,91.48944091796875
2023-04-20,53.36417007446289,70.20687103271484,79.40306091308594,22.97150993347168,27.445919036865234,186.08999633789062,30.68126106262207,88.27997589111328,12.648921012878418,16.016895294189453,45.899169921875,54.5959358215332,396.3545837402344,92.27165222167969
2023-04-21,53.399932861328125,69.75994110107422,79.39440155029297,22.97150993347168,26.956968307495117,184.25,30.727174758911133,88.06559753417969,12.622403144836426,16.039094924926758,45.91841125488281,54.61539077758789,396.6625061035156,91.75310516357422
2023-04-24,53.560855865478516,70.0832290649414,79.40306091308594,23.00605583190918,27.021543502807617,184.80999755859375,30.763904571533203,88.49444580078125,12.701955795288086,16.016895294189453,46.01466751098633,54.984806060791016,397.0763244628906,92.64075469970703
2023-04-25,52.56848907470703,68.01973724365234,79.39440155029297,22.729707717895508,26.56949234008789,185.75,30.350664138793945,89.37000274658203,12.551689147949219,15.688807487487793,45.27357864379883,54.547340393066406,390.773193359375,94.00296020507812
2023-04-26,52.56848907470703,67.32556915283203,79.4117202758789,22.772886276245117,26.726327896118164,184.74000549316406,30.240461349487305,89.02155303955078,12.348387718200684,15.777613639831543,45.0425910949707,53.6529541015625,389.1180114746094,93.0010757446289
2023-04-27,53.185367584228516,68.26697540283203,79.43769073486328,22.941286087036133,27.372116088867188,184.75,30.515958786010742,88.44084930419922,12.374905586242676,16.18463706970215,45.8317985534668,54.1876335144043,396.8646240234375,92.07825469970703
2023-04-28,53.36417007446289,69.34151458740234,79.43769073486328,22.936967849731445,27.261409759521484,184.8000030517578,30.497591018676758,89.10198974609375,12.507493019104004,16.298105239868164,46.30340576171875,54.547340393066406,400.25189208984375,93.56353759765625
2023-05-01,53.212188720703125,69.04674530029297,79.44026947021484,23.161502838134766,27.187602996826172,183.97000122070312,30.41494369506836,88.0532455444336,12.410263061523438,16.288240432739258,46.35152053833008,54.60565948486328,399.8477783203125,90.86570739746094
2023-05-02,52.50591278076172,67.46817779541016,79.42289733886719,22.988786697387695,27.095348358154297,187.52000427246094,30.001699447631836,89.19959259033203,12.109728813171387,16.127899169921875,45.68743133544922,53.64323806762695,395.3537292480469,93.13005065917969
2023-05-03,52.443328857421875,67.04029083251953,79.43161010742188,22.902423858642578,27.159929275512695,189.11000061035156,29.992515563964844,89.78170013427734,11.932944297790527,16.053895950317383,45.427574157714844,53.35159683227539,392.64007568359375,93.64989471435547
2023-05-04,52.452266693115234,65.9277114868164,79.45764923095703,22.83333396911621,27.15070343017578,190.44000244140625,29.781301498413086,89.76380157470703,11.985980033874512,15.984827041625977,45.071468353271484,52.875240325927734,389.8590087890625,92.7247543334961
2023-05-05,53.45357131958008,67.981689453125,79.47503662109375,22.954240798950195,27.56584930419922,187.4600067138672,30.3690242767334,89.28019714355469,12.259995460510254,16.32770347595215,45.851043701171875,53.75017547607422,397.0763244628906,92.41639709472656
2023-05-08,53.55191421508789,67.67739868164062,79.48371887207031,22.97150993347168,27.611980438232422,187.69000244140625,30.40575408935547,88.73390197753906,12.33954906463623,16.369646072387695,45.75480651855469,53.847389221191406,397.18212890625,91.1211929321289
2023-05-09,53.37310791015625,67.37310028076172,79.49239349365234,23.07513999938965,27.575077056884766,189.02000427246094,30.571060180664062,88.62642669677734,12.357227325439453,16.288240432739258,45.56231689453125,53.769615173339844,395.44036865234375,90.7951889038086
2023-05-10,53.17642593383789,67.33506774902344,79.50111389160156,22.876514434814453,27.667335510253906,188.75,30.41494369506836,89.28913116455078,12.321869850158691,16.465848922729492,45.68743133544922,53.71128845214844,397.2880859375,91.67627716064453
2023-05-11,52.64895248413086,66.97370910644531,79.5532455444336,22.82469940185547,27.316762924194336,187.1300048828125,30.185359954833984,89.62051391601562,12.092050552368164,16.502853393554688,45.552696228027344,53.419647216796875,396.59515380859375,92.64546203613281
2023-05-12,52.50591278076172,66.90714263916016,79.57062530517578,22.954240798950195,27.335214614868164,186.80999755859375,30.185359954833984,89.08314514160156,12.012497901916504,16.453514099121094,45.58155822753906,53.50713348388672,396.0755615234375,91.87012481689453
2023-05-15,52.96186447143555,67.81053161621094,79.57931518554688,23.101051330566406,27.630430221557617,187.2100067138672,30.515958786010742,88.88612365722656,12.153924942016602,16.515188217163086,45.87991714477539,53.546024322509766,397.4420166015625,90.91856384277344
2023-05-16,52.30028533935547,66.76451873779297,79.57062530517578,22.980148315429688,27.42746925354004,184.8699951171875,30.21291732788086,88.59954071044922,12.03017520904541,16.507787704467773,45.4660758972168,52.80718994140625,394.7860107421875,90.64542388916016
2023-05-17,52.514854431152344,68.7614517211914,79.5879898071289,23.057872772216797,27.75958824157715,184.22999572753906,30.39657211303711,88.31295013427734,12.180441856384277,16.717464447021484,45.92803955078125,53.23493194580078,399.5783386230469,90.381103515625
2023-05-18,52.3807487487793,69.50318145751953,79.63143157958984,23.066505432128906,27.814939498901367,181.83999633789062,30.27719497680664,87.76663208007812,12.056694030761719,16.98141098022461,46.34189987182617,53.28354263305664,403.42755126953125,89.71147155761719
2023-05-19,52.425445556640625,68.62831115722656,79.63143157958984,23.118324279785156,28.064027786254883,183.63999938964844,30.387392044067383,87.435302734375,12.03901481628418,16.934541702270508,46.34189987182617,53.497413635253906,402.84051513671875,89.07707977294922
2023-05-22,52.41651153564453,69.26544189453125,79.6401138305664,23.170137405395508,28.183958053588867,183.2100067138672,30.451679229736328,87.27410125732422,12.03901481628418,16.99620819091797,46.12053680419922,53.20576858520508,403.0041198730469,88.7599105834961
2023-05-23,51.889034271240234,69.11331176757812,79.6401138305664,23.118324279785156,27.89797019958496,183.42999267578125,30.047616958618164,87.41739654541016,12.092050552368164,16.73966407775879,45.64893341064453,52.97245407104492,398.48126220703125,89.01541900634766
2023-05-24,51.16488265991211,68.50469970703125,79.6401138305664,22.97150993347168,27.62120246887207,181.9499969482422,29.634366989135742,87.19348907470703,12.109728813171387,16.675525665283203,45.37944793701172,52.768306732177734,395.5943603515625,88.57489013671875
2023-05-25,50.96818923950195,68.17188262939453,79.6922378540039,23.066505432128906,27.82416534423828,180.1999969482422,29.441518783569336,86.64718627929688,11.915266036987305,17.023344039916992,45.68743133544922,52.282230377197266,399.0201721191406,88.35462188720703
2023-05-26,51.084415435791016,68.77096557617188,79.70964050292969,23.161502838134766,28.303895950317383,180.9199981689453,29.634366989135742,86.80839538574219,12.109728813171387,17.366230010986328,46.39002227783203,52.17528533935547,404.1877746582031,89.06829071044922
2023-05-30,50.82514953613281,68.32402038574219,79.71833801269531,23.196041107177734,28.110157012939453,182.0399932861328,29.358869552612305,87.48902893066406,11.818035125732422,17.413097381591797,46.236026763916016,51.844764709472656,404.3417053222656,89.95816040039062
2023-05-31,50.127811431884766,66.81206512451172,79.73568725585938,23.066505432128906,27.59352684020996,182.32000732421875,29.09255599975586,87.82037353515625,11.69428539276123,17.336627960205078,45.92803955078125,51.54339599609375,402.0995788574219,90.7423324584961
2023-06-01,50.94136428833008,67.63936614990234,79.78018188476562,23.031963348388672,28.10093116760254,183.75999450683594,29.588451385498047,88.06454467773438,11.871070861816406,17.573444366455078,46.361141204833984,52.04890823364258,405.9199523925781,91.09835052490234
2023-06-02,51.915855407714844,70.7679214477539,79.78890991210938,23.092416763305664,28.66368865966797,181.0500030517578,29.992515563964844,87.3643569946289,12.04785442352295,17.743650436401367,47.07335662841797,52.99190139770508,411.7900085449219,90.10009002685547
2023-06-05,51.46884536743164,69.55072021484375,79.78890991210938,23.00605583190918,28.58988380432129,182.13999938964844,29.781301498413086,87.33744812011719,12.03017520904541,17.75105094909668,46.86161804199219,53.06967544555664,411.0008544921875,89.93224334716797
2023-06-06,51.871158599853516,71.93755340576172,79.80635833740234,23.057872772216797,28.765172958374023,182.33999633789062,30.121076583862305,87.39129638671875,12.03017520904541,17.773252487182617,46.900123596191406,53.00162124633789,411.89581298828125,90.46231079101562
2023-06-07,51.889034271240234,73.8964614868164,79.81507110595703,23.13559341430664,28.774396896362305,180.14999389648438,29.854759216308594,86.75389862060547,12.065532684326172,17.467370986938477,46.83273696899414,53.25437927246094,410.4715881347656,89.1194839477539
2023-06-08,52.25558853149414,73.40196990966797,79.85870361328125,23.07513999938965,29.014259338378906,182.52999877929688,30.13026237487793,87.33744812011719,12.074371337890625,17.652379989624023,46.94823455810547,53.546024322509766,412.954345703125,90.16194152832031
2023-06-09,52.36286926269531,72.73632049560547,79.86744689941406,23.178775787353516,29.29102325439453,182.0399932861328,30.203723907470703,87.02324676513672,12.021336555480957,17.714048385620117,46.96748733520508,53.565460205078125,413.69525146484375,90.03826904296875
2023-06-12,52.50591278076172,72.67927551269531,79.87615966796875,23.316946029663086,29.39250373840332,181.8800048828125,30.166994094848633,87.16688537597656,11.853391647338867,17.97553062438965,47.42946243286133,53.44880676269531,417.4482727050781,90.30328369140625
2023-06-13,53.033382415771484,73.63020324707031,79.89361572265625,23.386035919189453,29.540109634399414,180.5399932861328,30.470043182373047,86.54747009277344,12.003658294677734,18.098861694335938,47.6219482421875,53.789058685302734,420.2005310058594,89.41099548339844
2023-06-14,53.12278747558594,72.73632049560547,79.91104888916016,23.29967498779297,29.770751953125,180.63999938964844,30.525142669677734,86.66415405273438,12.03017520904541,18.14820671081543,47.689327239990234,53.203834533691406,420.700927734375,90.12660217285156
2023-06-15,53.51615524291992,73.64920043945312,79.94595336914062,23.377397537231445,30.01061248779297,181.91000366210938,30.864927291870117,87.33744812011719,12.295351028442383,18.407217025756836,48.33415985107422,53.92515563964844,425.9166259765625,90.99232482910156
2023-06-16,53.346290588378906,72.95503997802734,79.95466613769531,23.601932525634766,29.826108932495117,181.6300048828125,30.8098201751709,86.96038818359375,12.463298797607422,18.26907730102539,48.228294372558594,53.79877853393555,424.46588134765625,90.63899230957031
2023-06-20,52.521087646484375,72.55464935302734,79.9721450805664,23.52420997619629,29.383277893066406,179.75,30.566810607910156,87.220703125,12.357227325439453,18.26907730102539,47.88145065307617,53.388397216796875,422.2636413574219,91.26619720458984
2023-06-21,52.79463577270508,72.66934967041016,79.9721450805664,23.567392349243164,29.33715057373047,179.49000549316406,30.76085090637207,87.3015365600586,12.525172233581543,18.08359718322754,47.755863189697266,53.691307067871094,420.10009765625,91.487060546875
2023-06-22,52.274898529052734,71.85711669921875,80.00701141357422,23.748743057250977,29.263349533081055,177.7100067138672,30.511363983154297,86.80781555175781,12.277673721313477,18.271299362182617,47.92009735107422,53.71084213256836,421.61651611328125,90.38277435302734
2023-06-23,51.326595306396484,71.0257797241211,80.0157241821289,23.748743057250977,28.8574275970459,178.1999969482422,29.99390411376953,87.16688537597656,12.145085334777832,18.125587463378906,47.58195495605469,53.45680236816406,418.4290771484375,91.28386688232422
2023-06-26,51.43601608276367,71.50357055664062,80.02446746826172,23.774654388427734,29.041933059692383,178.50999450683594,30.003150939941406,87.3823013305664,12.162764549255371,17.898365020751953,47.42737579345703,53.613136291503906,416.7195129394531,91.38106536865234
2023-06-27,51.69132995605469,72.80310821533203,80.04192352294922,23.852373123168945,29.161865234375,177.69000244140625,30.150991439819336,87.07710266113281,11.968301773071289,18.150283813476562,47.89111328125,53.78901672363281,421.28814697265625,91.14253234863281
2023-06-28,51.86457824707031,72.98465728759766,80.0506362915039,23.921459197998047,28.882539749145508,177.27999877929688,30.13251304626465,87.42721557617188,11.924104690551758,18.216964721679688,47.89111328125,53.72061538696289,421.5006408691406,91.53121185302734
2023-06-29,51.80986404418945,74.05487823486328,80.07679748535156,23.93009376525879,28.95702362060547,177.08999633789062,30.178714752197266,86.52951049804688,11.932944297790527,18.23918914794922,48.18095016479492,54.19939041137695,423.1618957519531,89.87923431396484
2023-06-30,52.484619140625,74.15998840332031,80.10297393798828,23.861011505126953,29.194454193115234,178.27000427246094,30.52060317993164,86.718017578125,12.025754928588867,18.5108642578125,48.741310119628906,54.65861892700195,428.155517578125,90.93932342529297
2023-07-03,52.812870025634766,74.75242614746094,80.12311553955078,23.895553588867188,29.6693115234375,178.47000122070312,30.3912353515625,86.34185791015625,12.03901481628418,18.513334274291992,48.68334197998047,54.67816162109375,428.64813232421875,90.4238052368164
2023-07-05,52.493736267089844,73.81599426269531,80.13189697265625,23.904190063476562,29.096691131591797,177.83999633789062,30.22491455078125,85.92794036865234,12.109728813171387,18.518274307250977,48.567413330078125,54.443668365478516,428.01068115234375,89.5645523071289
2023-07-06,51.69132995605469,72.52600860595703,80.15817260742188,23.921459197998047,28.714941024780273,177.30999755859375,29.67049789428711,85.22602844238281,12.100889205932617,18.39725685119629,48.13264465332031,53.867183685302734,424.6590270996094,88.29783630371094
2023-07-07,52.639625549316406,73.82554626464844,80.1668930053711,23.731470108032227,29.022201538085938,178.63999938964844,29.984670639038086,85.1180648803711,12.189281463623047,18.323163986206055,47.94908905029297,53.68153381347656,423.5869140625,87.766357421875
2023-07-10,52.9314079284668,74.70465087890625,80.18443298339844,23.679655075073242,29.031511306762695,178.77999877929688,29.93846893310547,85.55899047851562,12.215799331665039,18.323163986206055,48.27756881713867,54.062599182128906,424.6590270996094,87.88153076171875
2023-07-11,53.56056594848633,75.61241912841797,80.19319915771484,23.662384033203125,29.34808349609375,179.4499969482422,30.09555435180664,85.73896789550781,12.366066932678223,18.41701316833496,48.63502883911133,54.41435241699219,427.3634948730469,88.33325958251953
2023-07-12,54.56357955932617,76.42464447021484,80.21070861816406,23.446483612060547,30.13020133972168,181.8800048828125,30.566810607910156,86.57583618164062,12.463298797607422,18.617067337036133,48.92487716674805,54.38504409790039,430.8020324707031,89.31651306152344
2023-07-13,55.14714431762695,76.84506225585938,80.24577331542969,23.377397537231445,30.40021514892578,182.00999450683594,31.0010986328125,87.29573822021484,12.640082359313965,18.88627052307129,49.30167770385742,54.16030502319336,434.22125244140625,90.25550842285156
2023-07-14,54.58181381225586,75.93730163574219,80.25453186035156,23.55011749267578,30.46539878845215,181.42999267578125,30.733125686645508,86.86381530761719,12.551689147949219,18.935665130615234,49.22438049316406,53.999080657958984,433.9508056640625,89.7239990234375
2023-07-17,54.435916900634766,76.57752227783203,80.26329040527344,23.610570907592773,30.670236587524414,181.55999755859375,30.770092010498047,87.00778198242188,12.41910171508789,19.098669052124023,49.46590805053711,54.1016845703125,435.4576110839844,89.76830291748047
2023-07-18,55.18361282348633,78.05862426757812,80.26329040527344,23.645109176635742,30.763349533081055,183.63999938964844,31.019577026367188,87.10675048828125,12.58704662322998,19.259204864501953,49.765411376953125,54.38504409790039,438.6932678222656,90.17577362060547
2023-07-19,55.420692443847656,78.7466049194336,80.28079986572266,23.619205474853516,30.68885612487793,183.6699981689453,30.945659637451172,87.40371704101562,12.648921012878418,19.269081115722656,49.79439163208008,54.57068634033203,439.6688537597656,91.19444274902344
2023-07-20,55.07420349121094,78.14462280273438,80.32457733154297,23.705562591552734,30.214004516601562,182.74000549316406,31.111980438232422,86.71083068847656,12.701955795288086,18.88627052307129,49.67845153808594,55.35236358642578,436.75189208984375,90.08718872070312
2023-07-21,54.80977249145508,77.78150177001953,80.32457733154297,23.731470108032227,30.14882469177246,182.17999267578125,31.148941040039062,86.78282928466797,12.781509399414062,18.84181785583496,49.784732818603516,55.576114654541016,436.75189208984375,90.1137466430664
2023-07-24,54.87359619140625,78.69883728027344,80.3333511352539,23.722835540771484,30.474708557128906,181.39999389648438,31.13970184326172,86.57583618164062,13.002490043640137,18.896148681640625,50.03593063354492,55.70021057128906,438.7029113769531,89.78601837158203
2023-07-25,55.12890625,78.58416748046875,80.34209442138672,23.6710205078125,30.68885612487793,182.41000366210938,31.23210334777832,86.41386413574219,13.064363479614258,19.029516220092773,50.316104888916016,55.721710205078125,439.9006652832031,89.61769104003906
2023-07-26,55.393333435058594,79.4155044555664,80.35089111328125,23.705562591552734,30.78196907043457,183.3000030517578,31.204389572143555,86.71083068847656,12.993650436401367,18.977649688720703,50.316104888916016,55.567325592041016,439.9682922363281,89.70629119873047
2023-07-27,54.85536193847656,78.77528381347656,80.39469146728516,23.705562591552734,30.38159942626953,180.4199981689453,31.093502044677734,85.7659683227539,12.975972175598145,18.83440399169922,49.96829605102539,55.2536735534668,437.0513000488281,87.96125030517578
2023-07-28,55.274803161621094,79.86458587646484,80.40343475341797,23.817829132080078,30.716794967651367,181.86000061035156,31.407669067382812,86.04492950439453,13.029007911682129,19.128307342529297,50.432044982910156,55.410011291503906,441.33013916015625,88.41300201416016
2023-07-31,55.53923034667969,80.48571014404297,80.41217803955078,23.774654388427734,30.614368438720703,182.35000610351562,31.546276092529297,86.15291595458984,13.073203086853027,19.165353775024414,50.58662033081055,55.620086669921875,442.17047119140625,88.62559509277344
2023-08-01,54.80977249145508,80.2563705444336,80.43331146240234,23.938730239868164,30.362974166870117,180.4600067138672,31.213619232177734,85.64950561523438,13.011329650878906,19.12089729309082,50.47068786621094,55.580997467041016,440.9051818847656,87.17330932617188
2023-08-02,53.980010986328125,79.4155044555664,80.44210052490234,23.947368621826172,29.627410888671875,179.60000610351562,30.62224769592285,85.47811126708984,12.816864967346191,18.720796585083008,49.804054260253906,55.43053436279297,434.7717590332031,86.2406234741211
2023-08-03,54.04383087158203,79.26261901855469,80.47728729248047,24.02509117126465,29.469125747680664,179.5399932861328,30.613004684448242,84.84659576416016,12.92293643951416,18.666461944580078,49.75574493408203,55.4207649230957,433.52581787109375,84.25093078613281
2023-08-04,54.527103424072266,79.61615753173828,80.49488830566406,23.783287048339844,29.64603614807129,180.19000244140625,30.80704689025879,85.74874877929688,12.962713241577148,18.5849609375,49.4852294921875,55.1960334777832,431.5650329589844,85.74320983886719
2023-08-07,54.837120056152344,80.06526947021484,80.49488830566406,23.904190063476562,29.618101119995117,179.77999877929688,31.084264755249023,85.54121398925781,12.958293914794922,18.720796585083008,50.016605377197266,55.704124450683594,435.3320007324219,84.89936065673828
2023-08-08,54.271793365478516,79.8263931274414,80.5124740600586,23.904190063476562,29.124624252319336,178.63999938964844,31.29677963256836,85.97428894042969,12.958293914794922,18.629419326782227,49.69778060913086,56.47602462768555,433.43890380859375,85.88533782958984
2023-08-09,54.326499938964844,79.4632797241211,80.52128601074219,23.895553588867188,29.227039337158203,177.7899932861328,31.4261474609375,86.02842712402344,13.037847518920898,18.404664993286133,49.44657516479492,56.690975189208984,430.5412902832031,86.32945251464844
2023-08-10,54.33562088012695,78.97595977783203,80.56526947021484,23.981910705566406,29.292217254638672,177.60000610351562,31.416908264160156,85.36982727050781,12.967132568359375,18.44171142578125,49.4755744934082,56.687068939208984,430.69580078125,84.90824890136719
2023-08-11,54.18061065673828,79.16705322265625,80.57405853271484,24.12872314453125,28.95702362060547,177.60000610351562,31.324512481689453,84.91877746582031,12.958293914794922,18.355270385742188,49.436920166015625,57.19516372680664,430.44464111328125,84.71283721923828
2023-08-14,54.04383087158203,78.82305145263672,80.58285522460938,24.0423641204834,28.714941024780273,177.05999755859375,31.093502044677734,84.783447265625,12.878741264343262,18.582489013671875,49.87168884277344,57.44334411621094,432.8207702636719,84.52629852294922
2023-08-15,53.25054931640625,77.61907196044922,80.5916519165039,24.02509117126465,28.37043571472168,176.58999633789062,30.8162841796875,84.62107849121094,12.737313270568848,18.392318725585938,49.3596305847168,56.8180046081543,427.7788391113281,84.01112365722656
2023-08-16,52.926849365234375,76.7877426147461,80.6092300415039,24.03372573852539,28.13766098022461,175.57000732421875,30.548328399658203,84.29629516601562,12.68427848815918,18.21943473815918,49.02149200439453,56.642127990722656,424.6397705078125,83.35380554199219
2023-08-17,52.776397705078125,76.26219177246094,80.64445495605469,24.03372573852539,27.988689422607422,175.3000030517578,30.511363983154297,84.18801879882812,12.710795402526855,18.009504318237305,48.799278259277344,56.464290618896484,421.4040222167969,82.99849700927734
2023-08-18,52.50285339355469,76.73043060302734,80.65324401855469,24.0423641204834,27.95144271850586,175.3300018310547,30.483640670776367,84.44062042236328,12.816864967346191,17.989744186401367,48.88623046875,56.72420120239258,421.6068420410156,83.2916030883789
2023-08-21,52.53932571411133,76.35774993896484,80.66204833984375,24.180538177490234,27.988689422607422,175.80999755859375,30.62224769592285,83.9173812866211,12.772669792175293,18.26388931274414,49.3596305847168,56.742767333984375,424.3499450683594,82.1812973022461
2023-08-22,52.603145599365234,75.59331512451172,80.67082977294922,24.1114501953125,27.904888153076172,176.10000610351562,30.585283279418945,83.95344543457031,12.772669792175293,18.25401496887207,49.17607498168945,56.468204498291016,423.2005920410156,82.81196594238281
2023-08-23,52.97699737548828,76.21440887451172,80.68843078613281,23.852373123168945,28.30525779724121,177.88999938964844,30.936410903930664,84.86463928222656,12.808026313781738,18.530624389648438,49.707435607910156,56.61281967163086,427.91412353515625,84.86384582519531
2023-08-24,52.320491790771484,75.56465148925781,80.71480560302734,23.904190063476562,28.146974563598633,177.85000610351562,30.566810607910156,84.54889678955078,12.808026313781738,18.194734573364258,49.07945251464844,56.22197723388672,421.9835205078125,84.3042221069336
2023-08-25,52.54844665527344,75.48820495605469,80.73239135742188,23.99918556213379,28.156282424926758,177.6199951171875,30.714651107788086,84.52185821533203,12.931777000427246,18.323163986206055,49.417606353759766,56.56786346435547,424.95843505859375,84.57958984375
2023-08-28,53.12289810180664,76.35774993896484,80.75,23.964641571044922,28.3145694732666,178.1300048828125,30.982616424560547,84.7563705444336,12.92293643951416,18.456531524658203,49.79439163208008,56.80432891845703,427.6532287597656,84.66841125488281
2023-08-29,53.806758880615234,77.3992919921875,80.74119567871094,23.835102081298828,28.59389877319336,179.8699951171875,31.33374786376953,85.3608169555664,12.958293914794922,18.83687400817871,50.47068786621094,57.081817626953125,433.8349914550781,85.54776763916016
2023-08-30,53.8341178894043,77.56172943115234,80.7588119506836,23.95600700378418,28.510101318359375,180.32000732421875,31.361469268798828,85.35177612304688,12.993650436401367,18.95542335510254,50.70255661010742,57.14239501953125,435.621826171875,85.45896911621094
2023-08-31,53.96177673339844,77.58084869384766,80.81160736083984,23.852373123168945,28.184215545654297,180.02000427246094,31.324512481689453,85.52320098876953,13.037847518920898,18.982589721679688,50.69289016723633,56.936241149902344,434.9843444824219,85.84091186523438
2023-09-01,54.23531723022461,79.01417541503906,80.82483673095703,23.938730239868164,28.39837074279785,180.11000061035156,31.45387840270996,85.00042724609375,13.196952819824219,18.99247169494629,50.77018356323242,57.471683502197266,435.7956848144531,84.50364685058594
2023-09-05,53.806758880615234,77.01707458496094,80.8425064086914,24.163267135620117,27.988689422607422,178.63999938964844,31.45387840270996,84.48490905761719,13.249987602233887,19.02704620361328,50.547977447509766,57.257694244384766,433.9122009277344,83.31871032714844
2023-09-06,53.68822479248047,76.55841064453125,80.8425064086914,24.189176559448242,27.644180297851562,177.8300018310547,31.370708465576172,84.26782989501953,13.26766586303711,18.829463958740234,50.27745819091797,57.091590881347656,430.9952087402344,83.52364349365234
2023-09-07,53.369083404541016,75.99462890625,80.88668823242188,24.02509117126465,27.318300247192383,178.02000427246094,31.4261474609375,84.55725860595703,13.249987602233887,18.745492935180664,50.03593063354492,57.37201690673828,429.6720275878906,83.75527954101562
2023-09-08,53.26878356933594,75.97553253173828,80.89553833007812,24.137359619140625,27.30898666381836,178.0800018310547,31.361469268798828,84.57533264160156,13.285345077514648,18.743022918701172,50.132545471191406,57.812686920166016,430.3191223144531,84.07599639892578
2023-09-11,53.815879821777344,75.60285949707031,80.89553833007812,24.206445693969727,27.551074981689453,178.41000366210938,31.832717895507812,84.43063354492188,13.347219467163086,18.962831497192383,50.23881530761719,57.76577377319336,433.14910888671875,83.47018432617188
2023-09-12,53.7794075012207,75.96597290039062,80.92205047607422,24.266895294189453,27.47658348083496,177.49000549316406,31.814245223999023,84.54820251464844,13.417933464050293,18.75043487548828,50.04558181762695,58.30318069458008,430.7730407714844,83.95128631591797
2023-09-13,53.606163024902344,75.34486389160156,80.93087005615234,24.240989685058594,27.588314056396484,177.0800018310547,31.758798599243164,84.64769744873047,13.444451332092285,18.809707641601562,50.113216400146484,58.01885223388672,431.2753601074219,83.9334716796875
2023-09-14,54.36297607421875,76.7208480834961,80.95736694335938,24.396434783935547,27.75591278076172,177.1699981689453,32.248531341552734,84.457763671875,13.559361457824707,18.918376922607422,50.432044982910156,58.57677459716797,434.9939880371094,83.32762908935547
2023-09-15,54.0803108215332,75.83219909667969,80.97505950927734,24.44824981689453,27.681427001953125,178.33999633789062,32.05448913574219,84.19547271728516,13.515164375305176,18.626943588256836,49.804054260253906,57.814640045166016,429.75299072265625,82.81982421875
2023-09-18,53.888824462890625,75.43086242675781,80.98388671875,24.44824981689453,27.616249084472656,179.38999938964844,31.90057945251465,84.27687072753906,13.532843589782715,18.64176368713379,50.01057052612305,57.91084671020508,430.0050354003906,83.2919921875
2023-09-19,54.189727783203125,75.18242645263672,80.99273681640625,24.52597427368164,27.430028915405273,179.22000122070312,32.05915451049805,83.9693374633789,13.515164375305176,18.60965919494629,49.91361999511719,57.83525085449219,429.1132507324219,82.67728424072266
2023-09-20,53.82499694824219,74.60908508300781,81.00157165527344,24.422344207763672,27.495206832885742,179.35000610351562,31.92856788635254,83.90603637695312,13.417933464050293,18.328779220581055,49.38034439086914,57.2923698425293,425.16827392578125,82.93563079833984
2023-09-21,53.16848373413086,73.75281524658203,81.0457534790039,24.577789306640625,26.936548233032227,178.0500030517578,31.4808349609375,83.28197479248047,13.364896774291992,17.992517471313477,48.633785247802734,56.17323303222656,418.1409606933594,80.80634307861328
2023-09-22,53.33261489868164,73.61842346191406,81.05461883544922,24.50006675720215,26.9644832611084,178.6199951171875,31.452852249145508,83.60758209228516,13.356058120727539,17.985097885131836,48.662872314453125,56.408836364746094,417.20074462890625,81.45671081542969
2023-09-25,53.1776008605957,74.42477416992188,81.06340026855469,24.66415023803711,26.899307250976562,177.6999969482422,31.322269439697266,82.9925537109375,13.303023338317871,18.088943481445312,48.914955139160156,56.565914154052734,418.9551696777344,79.45215606689453
2023-09-26,52.46638107299805,73.45523834228516,81.07222747802734,24.767780303955078,26.443071365356445,176.27999877929688,30.96782112121582,82.96542358398438,13.303023338317871,17.799659729003906,48.2750358581543,55.95725631713867,412.8002014160156,79.17594909667969
2023-09-27,52.58491134643555,74.40557861328125,81.0987548828125,24.98367691040039,26.237489700317383,174.10000610351562,30.977144241333008,82.5945816040039,13.373736381530762,17.834274291992188,48.48833465576172,56.15359115600586,412.9649658203125,78.76614379882812
2023-09-28,52.958763122558594,75.25994873046875,81.1252670288086,24.957773208618164,26.481557846069336,173.22999572753906,31.266298294067383,82.82069396972656,13.364896774291992,17.977678298950195,48.77922058105469,56.7327995300293,415.359130859375,79.0066909790039
2023-09-29,52.74904251098633,74.82795715332031,81.13411712646484,24.957773208618164,26.57543182373047,171.4499969482422,30.94916343688965,82.83878326416016,13.214630126953125,17.98015594482422,48.517433166503906,56.234092712402344,414.35101318359375,79.01559448242188
2023-10-02,51.8554573059082,73.60883331298828,81.14653778076172,25.018220901489258,26.237489700317383,169.64999389648438,30.594709396362305,82.16683959960938,13.126238822937012,18.138397216796875,48.5659065246582,56.23213195800781,414.18621826171875,77.69286346435547
2023-10-03,50.907161712646484,72.41850280761719,81.16429138183594,25.156396865844727,25.880773544311523,169.16000366210938,30.100345611572266,81.4867172241211,13.064363479614258,17.799659729003906,48.013248443603516,55.41731262207031,408.64190673828125,76.02155303955078
2023-10-04,50.296241760253906,72.09210968017578,81.17314910888672,24.828227996826172,26.106067657470703,169.13999938964844,29.96976089477539,82.00360870361328,12.693116188049316,18.0444393157959,48.19747543334961,55.868900299072266,411.61767578125,77.09403991699219
2023-10-05,50.95275115966797,72.14010620117188,81.22639465332031,24.802322387695312,26.08729362487793,168.8300018310547,30.324207305908203,82.15776062011719,12.631242752075195,18.06916618347168,48.1392936706543,55.84926223754883,411.4625244140625,76.70972442626953
2023-10-06,51.581912994384766,72.57208251953125,81.22639465332031,24.98367691040039,26.425235748291016,169.6999969482422,30.73462677001953,81.6771469116211,12.657759666442871,18.395538330078125,48.71134567260742,56.86042022705078,416.3477783203125,75.78026580810547
2023-10-09,51.545433044433594,73.48403930664062,81.23526763916016,24.75050926208496,26.3876895904541,172.82000732421875,30.613370895385742,82.7199935913086,12.914097785949707,18.477128982543945,49.0410041809082,57.09603500366211,419.0133056640625,77.55879211425781
2023-10-10,52.3660774230957,74.2615966796875,81.23526763916016,24.785053253173828,26.791339874267578,172.52999877929688,31.135711669921875,82.55677032470703,12.92293643951416,18.568614959716797,49.24461364746094,57.66542434692383,421.1942138671875,77.45153045654297
2023-10-11,52.28400802612305,74.50157165527344,81.2530288696289,24.612333297729492,26.99786376953125,173.7899932861328,31.275630950927734,83.01018524169922,12.8433837890625,18.72685432434082,49.31248092651367,58.11701202392578,422.9195556640625,79.06922149658203
2023-10-12,51.70044708251953,73.29203796386719,81.28852844238281,24.79368782043457,26.71624183654785,173.25999450683594,31.126380920410156,82.21219635009766,12.816864967346191,18.650209426879883,49.254302978515625,57.85194778442383,420.34124755859375,76.92424774169922
2023-10-13,51.21717834472656,72.76407623291016,81.3062744140625,24.698692321777344,26.688077926635742,178.8300018310547,30.790592193603516,82.7381362915039,13.143917083740234,18.449932098388672,49.07978439331055,57.18143844604492,418.24755859375,78.30059814453125
2023-10-16,51.69132995605469,73.79122924804688,81.31512451171875,24.87141227722168,27.17622184753418,177.9600067138672,31.042436599731445,82.24845886230469,13.126238822937012,18.665037155151367,49.525779724121094,57.917724609375,422.6481018066406,77.0404052734375
2023-10-17,51.6457405090332,74.90474700927734,81.32402801513672,25.182302474975586,27.401517868041992,178.2899932861328,31.089078903198242,81.4413833618164,13.161596298217773,18.610645294189453,49.50639343261719,57.71647262573242,422.6287536621094,76.19137573242188
2023-10-18,50.8889274597168,73.50323486328125,81.33287048339844,25.070037841796875,26.885211944580078,180.8699951171875,30.594709396362305,81.0605239868164,13.285345077514648,18.30405044555664,49.07978439331055,56.781883239746094,416.9971923828125,75.52107238769531
2023-10-19,50.688323974609375,72.49529266357422,81.36839294433594,25.14776039123535,26.75379180908203,183.08999633789062,30.333534240722656,80.66153717041016,13.40909481048584,18.153228759765625,48.69194793701172,56.29103088378906,413.3332824707031,73.97486877441406
2023-10-20,50.21417236328125,71.54493713378906,81.3861312866211,24.98367691040039,26.39707374572754,183.58999633789062,29.96976089477539,81.13307189941406,13.303023338317871,17.858999252319336,48.2071647644043,55.525299072265625,408.2541809082031,74.39495086669922
2023-10-23,49.97710037231445,71.09376525878906,81.39500427246094,24.802322387695312,26.340749740600586,182.97000122070312,30.025724411010742,81.51393127441406,13.223469734191895,17.930700302124023,48.11020278930664,55.908164978027344,407.5466613769531,75.28868103027344
2023-10-24,50.27800369262695,71.21855163574219,81.4039077758789,24.715961456298828,26.547269821166992,182.9499969482422,30.15631103515625,81.65902709960938,13.09972095489502,18.08399772644043,48.391387939453125,56.33029556274414,410.6192626953125,76.28073120117188
2023-10-25,49.66707992553711,70.67138671875,81.41277313232422,24.949132919311523,26.228105545043945,183.72000122070312,30.04437828063965,80.94263458251953,13.196952819824219,17.69087028503418,47.63512420654297,55.34859085083008,404.7259826660156,74.58265686035156
2023-10-26,49.54854202270508,71.0361557006836,81.44824981689453,24.785053253173828,26.228105545043945,184.00999450683594,29.7365665435791,81.55927276611328,13.064363479614258,17.327409744262695,46.86914825439453,54.67121505737305,399.8795471191406,75.72663879394531
2023-10-27,49.9315071105957,70.44099426269531,81.47486114501953,24.785053253173828,26.03096580505371,186.14999389648438,29.708585739135742,81.68620300292969,13.249987602233887,17.396638870239258,46.47162628173828,54.401248931884766,398.0670471191406,75.40489196777344
2023-10-30,50.53330993652344,70.8633804321289,81.48374938964844,24.715961456298828,26.331363677978516,185.10000610351562,30.063032150268555,81.41415405273438,13.037847518920898,17.60927391052246,46.95641326904297,55.083534240722656,402.8262023925781,75.06525421142578
2023-10-31,50.98466491699219,71.0745620727539,81.48374938964844,24.862775802612305,26.275035858154297,184.08999633789062,30.23093032836914,81.24186706542969,12.975972175598145,17.708175659179688,47.18911361694336,55.112979888916016,405.3560485839844,74.69880676269531
2023-11-01,51.18070983886719,71.6601333618164,81.50871276855469,24.603696823120117,26.622371673583984,183.50999450683594,30.62269401550293,82.17760467529297,12.993650436401367,17.98015594482422,47.4993782043457,55.94744110107422,409.6790771484375,76.31843566894531
2023-11-02,52.17459487915039,73.76241302490234,81.53543853759766,24.413707733154297,27.18560791015625,184.1199951171875,31.219667434692383,82.68682861328125,13.135078430175781,18.306528091430664,48.37199020385742,56.968406677246094,417.5303039550781,78.05826568603516
2023-11-03,52.96788024902344,75.48070526123047,81.54436492919922,24.102815628051758,27.86149024963379,184.7899932861328,31.52747917175293,83.32337188720703,13.073203086853027,18.501855850219727,48.7016487121582,57.57707214355469,421.3396301269531,78.58738708496094
2023-11-06,52.3660774230957,74.35758972167969,81.55329895019531,24.223718643188477,28.105560302734375,183.35000610351562,31.37823486328125,82.84142303466797,13.135078430175781,18.61311912536621,48.8179931640625,58.01883316040039,422.3088073730469,77.82510375976562
2023-11-07,51.86457824707031,73.42643737792969,81.57109832763672,24.154630661010742,27.974138259887695,182.58999633789062,31.163698196411133,83.31427764892578,12.8433837890625,18.801027297973633,48.90525817871094,58.07773208618164,423.5107421875,78.97303009033203
2023-11-08,51.34482955932617,72.66807556152344,81.58000183105469,24.102815628051758,27.72068214416504,180.77000427246094,31.014455795288086,83.6507339477539,12.693116188049316,18.86284637451172,48.90525817871094,58.45078659057617,423.8210144042969,80.3182144165039
2023-11-09,51.48160934448242,71.98650360107422,81.62460327148438,24.327348709106445,27.53293800354004,181.49000549316406,30.958486557006836,82.82322692871094,12.68427848815918,18.70954704284668,48.57560348510742,58.06792449951172,420.5157165527344,78.47080993652344
2023-11-10,51.75516128540039,72.90806579589844,81.63350677490234,24.361892700195312,27.84272003173828,179.50999450683594,31.322269439697266,82.91416931152344,12.728473663330078,19.09278678894043,49.40943145751953,59.27836608886719,427.07781982421875,78.9102554321289
2023-11-13,51.87369155883789,72.86967468261719,81.64240264892578,24.387800216674805,27.683134078979492,180.50999450683594,31.471515655517578,82.86871337890625,12.905259132385254,19.070531845092773,49.38034439086914,59.55029296875,426.6706848144531,78.73088073730469
2023-11-14,53.514976501464844,76.55587005615234,81.65132904052734,23.826467514038086,28.84715461730957,182.1199951171875,32.23638153076172,84.11451721191406,12.887580871582031,19.433992385864258,50.13661575317383,60.522186279296875,434.9483947753906,80.51551818847656
2023-11-15,53.31437683105469,76.920654296875,81.66914367675781,24.00782012939453,28.95041847229004,181.63999938964844,32.03116989135742,83.45976257324219,12.816864967346191,19.416685104370117,50.09783172607422,60.24729919433594,435.86920166015625,79.38552856445312
2023-11-16,52.79463577270508,75.61510467529297,81.704833984375,23.800559997558594,28.997352600097656,183.69000244140625,32.18973922729492,84.08721923828125,12.507493019104004,19.480972290039062,50.06875228881836,60.20804214477539,436.40234375,80.37203216552734
2023-11-17,53.70646286010742,76.94944763183594,81.72265625,23.740108489990234,29.110004425048828,183.6699981689453,32.721412658691406,84.14177703857422,12.701955795288086,19.480972290039062,50.194793701171875,60.56144714355469,436.94512939453125,80.74870300292969
2023-11-20,53.897945404052734,77.189453125,81.72265625,23.662384033203125,29.504268646240234,183.3699951171875,32.9079704284668,84.2599868774414,12.838964462280273,19.69855308532715,50.592315673828125,61.199562072753906,440.3085632324219,81.241943359375
2023-11-21,53.52409362792969,76.23907470703125,81.74938201904297,23.6710205078125,29.297748565673828,185.35000610351562,32.74007034301758,84.3691177368164,12.905259132385254,19.649106979370117,50.50505447387695,60.95413589477539,439.3489685058594,81.2060775756836
2023-11-22,53.66086959838867,76.52706146240234,81.7850341796875,23.869644165039062,29.264894485473633,184.55999755859375,32.81468963623047,84.34183502197266,12.799186706542969,19.730697631835938,50.621402740478516,60.95413589477539,441.04522705078125,81.49304962158203
2023-11-24,54.18061065673828,76.95905303955078,81.79395294189453,23.835102081298828,29.2132625579834,185.52000427246094,33.04789352416992,83.90535736083984,12.728473663330078,19.710918426513672,50.631099700927734,60.89130783081055,441.3166198730469,80.53345489501953
2023-11-27,54.12590026855469,76.69026184082031,81.80289459228516,23.679655075073242,29.16632652282715,186.77000427246094,33.057212829589844,84.54188537597656,12.640082359313965,19.69361114501953,50.427490234375,60.67140197753906,440.52178955078125,81.8786849975586
2023-11-28,54.40856170654297,76.26787567138672,81.82069396972656,23.54148292541504,29.56998062133789,189.25999450683594,33.113182067871094,84.91472625732422,12.772669792175293,19.738113403320312,50.3790168762207,60.522186279296875,440.95794677734375,82.04010772705078
2023-11-29,54.654754638671875,76.80545806884766,81.82962036132812,23.420576095581055,29.523040771484375,189.5399932861328,33.09452819824219,85.36029815673828,12.887580871582031,19.68619155883789,50.21418380737305,60.399471282958984,440.6478271484375,83.07142639160156
2023-11-30,54.36297607421875,77.14144897460938,81.86526489257812,23.567392349243164,29.485492706298828,188.75,33.14116287231445,84.9420166015625,12.67543888092041,19.681243896484375,50.35961151123047,60.522186279296875,442.3828430175781,82.11185455322266
2023-12-01,55.06507873535156,79.54129791259766,81.88229370117188,23.239225387573242,29.954856872558594,192.00999450683594,33.54224395751953,85.74345397949219,12.595885276794434,19.738113403320312,50.60200881958008,60.75779724121094,444.99993896484375,83.6583251953125
2023-12-04,54.70035171508789,80.09808349609375,81.88229370117188,23.411941528320312,29.4103946685791,187.86000061035156,33.15981674194336,85.38786315917969,12.525172233581543,19.5477294921875,50.291748046875,60.37492752075195,442.6639099121094,83.32547760009766
2023-12-05,54.217079162597656,78.8021469116211,81.90018463134766,23.221952438354492,29.269590377807617,187.14999389648438,33.0665397644043,85.98963928222656,12.410263061523438,19.636741638183594,50.23357391357422,60.173683166503906,442.5766906738281,85.11577606201172
2023-12-06,54.38121032714844,78.50456237792969,81.90914916992188,23.239225387573242,29.241422653198242,187.83999633789062,33.22510528564453,86.3452377319336,12.109728813171387,19.50899314880371,49.98148727416992,59.933162689208984,440.7932434082031,86.24932861328125
2023-12-07,54.654754638671875,79.5029067993164,81.94496154785156,23.031963348388672,29.44794464111328,188.14999389648438,33.43963623046875,86.21757507324219,12.12740707397461,19.7491397857666,50.35961151123047,60.3651123046875,444.15667724609375,85.7545166015625
2023-12-08,54.572696685791016,80.20367431640625,81.96287536621094,23.28240394592285,29.485492706298828,185.63999938964844,33.38368225097656,85.66138458251953,12.1981201171875,19.867977142333984,50.592315673828125,60.98064041137695,446.066162109375,85.05279541015625
2023-12-11,54.527103424072266,80.5684585571289,81.98076629638672,23.394670486450195,29.429166793823242,183.58999633789062,33.56089782714844,85.67052459716797,12.153924942016602,19.875404357910156,51.135276794433594,61.494075775146484,447.8011169433594,84.87287902832031
2023-12-12,54.18061065673828,79.82929229736328,81.98076629638672,23.2651309967041,29.462024688720703,183.49000549316406,33.54224395751953,85.85285949707031,11.950623512268066,20.048704147338867,51.50371551513672,62.05266571044922,449.8463134765625,85.1247787475586
2023-12-13,55.23832702636719,82.48835754394531,81.98973846435547,23.101051330566406,30.133216857910156,187.6300048828125,34.083255767822266,87.12933349609375,12.100889205932617,20.283903121948242,52.066062927246094,62.829193115234375,456.0498046875,87.12197875976562
2023-12-14,56.09543991088867,85.25299072265625,82.02555084228516,22.86787986755371,30.593196868896484,188.72999572753906,33.98064422607422,87.85360717773438,12.313031196594238,20.222009658813477,52.153324127197266,62.89693069458008,457.5134582519531,89.38829803466797
2023-12-15,55.62128829956055,84.60022735595703,82.05242156982422,23.00605583190918,30.236474990844727,187.0,33.588890075683594,87.78045654296875,12.321869850158691,20.286378860473633,52.05636978149414,63.06481170654297,456.7601013183594,89.4875717163086
2023-12-18,55.9710578918457,84.67548370361328,82.06233978271484,22.988786697387695,30.292804718017578,187.85000610351562,33.60573959350586,87.58843231201172,12.395543098449707,20.472063064575195,52.491363525390625,63.649436950683594,459.3293762207031,88.77457427978516
2023-12-19,56.655765533447266,86.59532165527344,82.06233978271484,22.988786697387695,30.696455001831055,189.1300048828125,33.86784362792969,87.75302124023438,12.515262603759766,20.573570251464844,52.76384735107422,64.17106628417969,462.1225891113281,89.2529067993164
2023-12-20,56.30415344238281,85.25432586669922,82.08031463623047,22.962875366210938,30.160974502563477,188.10000610351562,33.59638214111328,88.18283081054688,12.367916107177734,20.293807983398438,52.004791259765625,63.157325744628906,455.7187805175781,89.85762023925781
2023-12-21,57.22019958496094,86.37342834472656,82.13429260253906,22.902423858642578,30.709697723388672,189.42999267578125,34.12059020996094,88.04566192626953,12.386334419250488,20.529006958007812,52.491363525390625,63.895484924316406,460.03985595703125,89.28901672363281
2023-12-22,57.50704574584961,86.9522705078125,82.14328002929688,22.97150993347168,30.709697723388672,190.27000427246094,34.29844284057617,87.96334838867188,12.349496841430664,20.54633331298828,52.54001998901367,64.01359558105469,460.9644470214844,88.88285827636719
2023-12-26,57.692100524902344,88.03279876708984,82.16127014160156,22.92833137512207,31.02190589904785,191.72000122070312,34.420135498046875,88.01822662353516,12.469217300415039,20.598325729370117,52.76384735107422,64.39745330810547,462.9108581542969,89.13557434082031
2023-12-27,58.015953063964844,87.98455810546875,82.16127014160156,22.946104049682617,31.258426666259766,192.58999633789062,34.635440826416016,88.70409393310547,12.432379722595215,20.64041519165039,52.75411605834961,64.59426879882812,463.7478332519531,90.71502685546875
2023-12-28,57.86790466308594,87.63724517822266,82.21524047851562,22.91944694519043,31.107057571411133,191.47000122070312,34.48566818237305,88.36571502685547,12.331079483032227,20.641651153564453,52.69573211669922,64.6041259765625,463.9229736328125,90.0561752319336
2023-12-29,57.82164001464844,86.63392639160156,82.21524047851562,22.892784118652344,31.125974655151367,191.1699981689453,34.4763069152832,88.14625549316406,12.248196601867676,20.54507064819336,52.62760925292969,64.46240234375,462.5799865722656,89.24390411376953
2024-01-02,57.22019958496094,86.30589294433594,82.22425842285156,22.946104049682617,30.51102638244629,190.72000122070312,34.11122512817383,87.81703186035156,12.146895408630371,20.23550796508789,52.257808685302734,63.865962982177734,459.9911804199219,88.72943878173828
2024-01-03,56.7112922668457,84.36676025390625,82.25122833251953,22.892784118652344,30.18935775756836,189.1300048828125,33.849124908447266,88.02738189697266,12.312661170959473,20.047290802001953,51.91720962524414,63.324642181396484,456.234619140625,89.09947967529297
2024-01-04,57.062896728515625,84.23169708251953,82.27822875976562,23.070524215698242,29.99068260192871,189.32000732421875,34.12059020996094,87.4969711303711,12.257406234741211,19.960615158081055,51.742042541503906,63.383697509765625,454.7649841308594,87.74566650390625
2024-01-05,57.044395446777344,84.38606262207031,82.28722381591797,22.990543365478516,29.99068260192871,189.35000610351562,34.22356033325195,87.17691040039062,12.321869850158691,19.980424880981445,51.78097152709961,63.797061920166016,455.3879089355469,86.90628814697266
2024-01-08,57.47928237915039,85.05174255371094,82.29619598388672,23.132734298706055,30.198816299438477,187.8699951171875,34.719688415527344,87.46953582763672,12.119267463684082,20.401430130004883,52.501094818115234,64.74584197998047,461.8890075683594,87.7636947631836
2024-01-09,56.951866149902344,83.96157836914062,82.30521392822266,23.159391403198242,29.763620376586914,187.92999267578125,34.382694244384766,87.43296813964844,12.229778289794922,20.463340759277344,52.510826110839844,64.80293273925781,461.18829345703125,87.20414733886719
2024-01-10,57.10916519165039,84.06771087646484,82.32320404052734,23.372678756713867,29.650089263916016,187.5,34.67287826538086,87.2957992553711,12.146895408630371,20.65898895263672,52.77357482910156,65.41118621826172,463.7965087890625,86.79798889160156
2024-01-11,56.9796257019043,83.5660400390625,82.36817932128906,23.177165985107422,29.66901397705078,187.8699951171875,34.69160842895508,87.76215362548828,12.220569610595703,20.708518981933594,52.900089263916016,65.77534484863281,463.5921325683594,87.28533172607422
2024-01-12,57.2109489440918,83.43097686767578,82.38617706298828,23.18605613708496,29.5460262298584,189.7100067138672,34.72905349731445,87.99993133544922,12.266613960266113,20.698610305786133,53.03632736206055,65.78026580810547,463.9132385253906,87.11387634277344
2024-01-16,56.06358337402344,82.26361846923828,82.39517974853516,23.328248977661133,28.741859436035156,187.91000366210938,34.32653045654297,87.28665924072266,12.17452335357666,20.678802490234375,52.89035415649414,65.56865692138672,462.2101135253906,85.57955169677734
2024-01-17,55.471397399902344,81.87772369384766,82.41316223144531,23.372678756713867,28.401269912719727,185.83999633789062,34.176753997802734,87.00315856933594,12.137686729431152,20.587169647216797,52.62760925292969,65.19465637207031,459.640869140625,85.44414520263672
2024-01-18,55.98030471801758,82.80388641357422,82.44913482666016,23.408226013183594,28.79862403869629,187.3699951171875,34.52311325073242,86.81112670898438,12.229778289794922,20.84967803955078,53.16283416748047,66.18870544433594,463.7283630371094,84.6499252319336
2024-01-19,55.98955535888672,83.68180084228516,82.45814514160156,23.44377326965332,29.167593002319336,187.92999267578125,34.710330963134766,86.82026672363281,12.202150344848633,21.181528091430664,53.97054672241211,67.17292785644531,469.5093078613281,84.92068481445312
2024-01-22,56.322662353515625,85.23503875732422,82.46714782714844,23.532644271850586,29.072986602783203,187.22000122070312,34.85074234008789,87.0854721069336,12.266613960266113,21.255823135375977,54.116519927978516,67.37960815429688,470.5019836425781,85.42610931396484
2024-01-23,56.22087860107422,84.60794830322266,82.47616577148438,23.532644271850586,29.12974739074707,187.9499969482422,34.560550689697266,86.86599731445312,12.321869850158691,21.307830810546875,54.26248550415039,67.32057189941406,471.87420654296875,84.74921417236328
2024-01-24,56.637264251708984,84.54042053222656,82.48514556884766,23.452661514282227,29.385189056396484,186.39999389648438,34.972434997558594,86.61907958984375,12.42317008972168,21.404417037963867,54.3403434753418,67.96818542480469,472.3900146484375,84.2527847290039
2024-01-25,57.044395446777344,85.34115600585938,82.53011322021484,23.470436096191406,29.271657943725586,187.13999938964844,34.991153717041016,86.99401092529297,12.50605297088623,21.411846160888672,54.70039749145508,68.45242309570312,474.95928955078125,84.80333709716797
2024-01-26,57.044395446777344,85.6498794555664,82.53909301757812,23.594852447509766,29.366268157958984,187.00999450683594,34.916263580322266,86.83853912353516,12.570517539978027,21.392032623291016,54.525238037109375,68.25556945800781,474.35589599609375,84.6408920288086
2024-01-29,57.294219970703125,86.42166900634766,82.5481185913086,23.62151527404785,29.413570404052734,188.3300018310547,35.19709777832031,87.35980987548828,12.469217300415039,21.654542922973633,54.95341873168945,68.89530181884766,478.1125183105469,85.61563110351562
2024-01-30,57.03514099121094,86.48921203613281,82.55709838867188,23.630401611328125,29.404109954833984,188.58999633789062,35.30942916870117,87.47868347167969,12.552099227905273,21.565387725830078,55.070194244384766,69.04295349121094,477.74273681640625,86.39183044433594
2024-01-31,56.7483024597168,84.12557220458984,82.56610870361328,23.452661514282227,29.167593002319336,188.4499969482422,35.393680572509766,88.21025848388672,12.450798034667969,21.082468032836914,54.18463897705078,68.09809112548828,469.9471740722656,87.24024200439453
2024-02-01,57.23870849609375,84.47288513183594,82.60765075683594,23.674837112426758,29.555482864379883,190.41000366210938,35.63706588745117,88.75662994384766,12.266613960266113,21.409366607666016,54.73933029174805,69.40709686279297,476.0979919433594,88.9515380859375
2024-02-02,56.590999603271484,84.04840087890625,82.62574768066406,23.817026138305664,29.564945220947266,188.61000061035156,35.52473068237305,87.6015625,12.137686729431152,21.855140686035156,55.05073547363281,71.37554931640625,481.1100769042969,86.98670196533203
2024-02-05,55.90627670288086,82.72671508789062,82.62574768066406,23.710384368896484,29.337886810302734,187.57000732421875,35.33750915527344,86.74903106689453,12.183732032775879,21.845233917236328,55.118858337402344,71.75940704345703,479.3582458496094,85.23011779785156
2024-02-06,56.322662353515625,82.94860076904297,82.64381408691406,23.71927261352539,29.62454605102539,188.5500030517578,35.459205627441406,87.21653747558594,12.220569610595703,21.857614517211914,55.21617126464844,71.5527114868164,480.7499694824219,86.06314086914062
2024-02-07,56.38743209838867,82.86177825927734,82.6528549194336,23.737043380737305,29.877153396606445,188.5,35.683868408203125,87.0606918334961,12.257406234741211,22.139938354492188,55.673545837402344,72.5762939453125,484.75958251953125,85.6466064453125
2024-02-08,56.23938751220703,83.92298126220703,82.68898010253906,23.82591438293457,29.773082733154297,188.3300018310547,35.534088134765625,86.7765121459961,12.349496841430664,22.14984703063965,55.741661071777344,72.66487884521484,484.9737243652344,85.14862060546875
2024-02-09,56.322662353515625,84.81055450439453,82.6980209350586,23.897008895874023,29.89607048034668,187.60000610351562,35.79619216918945,86.62067413330078,12.377124786376953,22.399967193603516,56.03361511230469,73.07825469970703,487.7765808105469,84.97659301757812
2024-02-12,56.70203399658203,86.38308715820312,82.7160873413086,23.852577209472656,30.04744529724121,187.11000061035156,35.889808654785156,86.70317840576172,12.386334419250488,22.271188735961914,56.05306625366211,73.03888702392578,487.5624694824219,85.0761947631836
2024-02-13,55.68421173095703,83.45026397705078,82.7160873413086,23.71927261352539,29.394649505615234,184.52999877929688,35.34687423706055,85.74978637695312,12.331079483032227,21.96162986755371,55.4886474609375,72.29086303710938,480.84722900390625,83.61841583251953
2024-02-14,56.20237350463867,84.5018310546875,82.73416900634766,23.852577209472656,29.877153396606445,184.4199981689453,35.82427978515625,86.07064056396484,12.17452335357666,22.236520767211914,55.84870910644531,73.46208953857422,485.217041015625,84.04397583007812
2024-02-15,56.766807556152344,86.48921203613281,82.77934265136719,24.00365447998047,29.905532836914062,185.66000366210938,36.245521545410156,86.3089828491211,12.220569610595703,22.271188735961914,56.111454010009766,73.97389221191406,488.56488037109375,84.47859954833984
2024-02-16,56.8500862121582,85.40869140625,82.79740142822266,23.950332641601562,30.056907653808594,186.33999633789062,36.30168533325195,85.93315124511719,12.257406234741211,22.097835540771484,55.72220230102539,73.6884765625,486.1318359375,83.98965454101562
2024-02-20,56.868587493896484,84.46324920654297,82.80645751953125,23.772594451904297,30.340728759765625,187.47000122070312,36.61996078491211,86.07981872558594,12.192940711975098,21.867523193359375,55.3134765625,72.7633056640625,483.4554748535156,84.06210327148438
2024-02-21,57.0258903503418,84.57901000976562,82.81549072265625,23.90589714050293,30.23666000366211,187.47999572753906,36.47954559326172,85.80479431152344,12.257406234741211,21.80808448791504,55.517845153808594,72.42865753173828,483.89337158203125,83.46450805664062
2024-02-22,57.386749267578125,84.71408081054688,82.86066436767578,24.1369571685791,30.50156593322754,187.55999755859375,37.050559997558594,85.81396484375,12.275823593139648,22.52379035949707,56.889976501464844,75.23368835449219,493.9078369140625,83.87196350097656
2024-02-23,57.31272506713867,85.12891387939453,82.86969757080078,24.19916534423828,30.529945373535156,188.6199951171875,37.17224884033203,86.20816040039062,12.09164047241211,22.494077682495117,56.92890167236328,75.34195709228516,494.24847412109375,84.99469757080078
2024-02-26,57.284969329833984,85.24468231201172,82.86969757080078,24.1813907623291,30.473180770874023,188.1999969482422,37.20969772338867,86.07981872558594,12.202150344848633,22.4296875,56.831581115722656,75.42068481445312,492.4382629394531,84.7411880493164
2024-02-27,57.553306579589844,85.89105987548828,82.88780212402344,24.261375427246094,30.52048110961914,188.0,37.25650405883789,85.88729858398438,12.285033226013184,22.471786499023438,56.79265594482422,75.49942016601562,493.35308837890625,84.14359283447266
2024-02-28,57.294219970703125,85.21575164794922,82.89682006835938,24.208053588867188,30.435335159301758,188.33999633789062,37.02248001098633,86.1989974975586,12.238987922668457,22.39749526977539,56.7440071105957,75.46990966796875,492.7010803222656,84.67781829833984
2024-02-29,57.655086517333984,85.92963409423828,82.93296813964844,24.305810928344727,30.681318283081055,189.30999755859375,37.23777389526367,86.37316131591797,12.211359977722168,22.536176681518555,56.880245208740234,75.92263793945312,494.4722900390625,85.27540588378906
2024-03-01,58.358314514160156,86.46989440917969,82.95564270019531,24.501319885253906,30.98406219482422,192.88999938964844,37.69646453857422,86.7674789428711,12.285033226013184,22.820974349975586,57.62956237792969,77.45801544189453,499.1144714355469,85.80674743652344
2024-03-04,58.080726623535156,86.02613830566406,82.9647216796875,24.554645538330078,30.91783905029297,196.00999450683594,37.761993408203125,86.57445526123047,12.321869850158691,22.744205474853516,57.59063720703125,77.66471862792969,498.5793151855469,85.46160888671875
2024-03-05,58.21951675415039,86.12259674072266,82.9647216796875,24.332468032836914,30.539403915405273,197.19000244140625,37.7713508605957,87.10755920410156,12.238987922668457,22.357868194580078,57.0554084777832,77.06433868408203,493.59637451171875,86.67871856689453
2024-03-06,59.1077995300293,86.09366607666016,82.98283386230469,24.43022918701172,31.07866668701172,198.80999755859375,38.17387390136719,87.31896209716797,12.331079483032227,22.48664665222168,57.46413040161133,77.77296447753906,496.09759521484375,87.18733978271484
2024-03-07,59.681480407714844,86.72074127197266,83.01913452148438,24.510208129882812,31.409801483154297,199.94000244140625,38.698081970214844,87.46602630615234,12.367916107177734,22.816024780273438,58.23291778564453,79.16072082519531,501.02203369140625,87.10562133789062
2024-03-08,59.61671447753906,86.56639862060547,83.0281982421875,24.216941833496094,31.381410598754883,201.6300048828125,38.698081970214844,87.53035736083984,12.331079483032227,22.563419342041016,57.57117462158203,77.75328826904297,498.01483154296875,86.95120239257812
2024-03-11,59.052284240722656,86.3637924194336,83.03726959228516,24.101408004760742,31.362491607666016,202.0,38.06154251098633,87.42007446289062,12.432379722595215,22.45197868347168,57.619834899902344,76.79859161376953,497.5865783691406,86.9057846069336
2024-03-12,59.33911895751953,86.20941925048828,83.06449127197266,24.1813907623291,32.024749755859375,199.7899932861328,38.548309326171875,87.06159210205078,12.395543098449707,22.848217010498047,58.3010368347168,78.3831787109375,502.9393310546875,86.17916107177734
2024-03-13,59.33911895751953,86.67249298095703,83.06449127197266,24.48354721069336,31.920679092407227,201.19000244140625,38.47342300415039,86.86858367919922,12.552099227905273,22.75658416748047,58.23291778564453,78.16666412353516,502.15093994140625,85.76134490966797
2024-03-14,59.08929443359375,85.42799377441406,83.10076904296875,24.57241439819336,31.665233612060547,200.35000610351562,38.38916778564453,86.22516632080078,12.607353210449219,22.759061813354492,58.2037239074707,77.5958023071289,501.1583251953125,84.4443130493164
2024-03-15,59.283607482910156,85.83316040039062,83.118896484375,24.68794822692871,31.239503860473633,199.7100067138672,38.48278045654297,86.07811737060547,12.671818733215332,22.508935928344727,57.57117462158203,77.3497543334961,497.7170104980469,84.41706085205078
2024-03-18,59.43165588378906,85.57269287109375,83.12799072265625,24.839027404785156,31.239503860473633,200.02999877929688,38.777950286865234,85.9770278930664,12.782328605651855,22.699626922607422,57.898311614990234,77.9087142944336,500.675048828125,84.16273498535156
2024-03-19,59.64447021484375,86.41201782226562,83.1461410522461,25.0345401763916,31.03136444091797,199.8000030517578,39.03257751464844,86.22516632080078,12.791537284851074,22.83831024169922,58.2498664855957,78.45091247558594,503.4574279785156,84.3989028930664
2024-03-20,60.440223693847656,88.14856719970703,83.15520477294922,25.221166610717773,31.513864517211914,202.17999267578125,39.46637725830078,86.42740631103516,12.736282348632812,23.095396041870117,58.708831787109375,79.29871368408203,508.1141052246094,84.37165069580078
2024-03-21,60.440223693847656,89.3750228881836,83.18241119384766,25.37224006652832,31.68415641784668,201.97000122070312,39.70213317871094,86.43659210205078,12.717864990234375,23.090436935424805,59.06037902832031,79.60430908203125,509.7931213378906,84.55329895019531
2024-03-22,60.070106506347656,88.18437194824219,83.19147491455078,25.274484634399414,31.4665584564209,200.35000610351562,39.6361198425293,86.85939025878906,12.634982109069824,23.13506317138672,58.992027282714844,79.68317413330078,508.8267517089844,85.3616943359375
2024-03-25,60.14413070678711,88.34893798828125,83.20964813232422,25.3011474609375,31.4665584564209,200.99000549316406,39.532386779785156,86.62960052490234,12.745491981506348,23.058208465576172,58.845542907714844,79.43672180175781,507.4208679199219,84.93480682373047
2024-03-26,60.42171859741211,87.9714126586914,83.21869659423828,25.23591423034668,31.471298217773438,201.63999938964844,39.64554977416992,86.75828552246094,12.644190788269043,22.99375343322754,58.61117935180664,79.01283264160156,506.48370361328125,85.1709213256836
2024-03-27,60.9676399230957,90.02356719970703,83.27311706542969,25.27165985107422,31.641714096069336,203.10000610351562,39.70213317871094,87.08918762207031,12.653400421142578,23.03589630126953,58.884605407714844,79.16069793701172,510.74017333984375,86.0156478881836
2024-03-28,60.939876556396484,90.7108383178711,83.27311706542969,25.629106521606445,31.935224533081055,205.72000122070312,39.65498733520508,87.0064468383789,12.77311897277832,22.986316680908203,59.00178909301758,79.08182525634766,510.6425476074219,85.9429931640625
2024-04-01,60.606781005859375,90.01388549804688,83.29590606689453,25.888259887695312,31.883155822753906,207.82000732421875,39.18346405029297,86.21920013427734,12.86521053314209,23.006149291992188,58.97248840332031,78.973388671875,509.75408935546875,84.34093475341797
2024-04-02,60.37545394897461,88.63933563232422,83.31412506103516,25.79889678955078,32.029903411865234,210.88999938964844,38.98542404174805,86.03485107421875,12.994138717651367,22.802860260009766,58.650238037109375,78.5199203491211,506.51300048828125,83.87616729736328
2024-04-03,61.07867431640625,89.40404510498047,83.31412506103516,25.816768646240234,32.067771911621094,212.74000549316406,39.174034118652344,86.13626098632812,13.141487121582031,22.887149810791016,58.68929672241211,78.94380950927734,507.0694580078125,83.85794067382812
2024-04-04,60.671546936035156,88.31021118164062,83.3505859375,25.512935638427734,32.07724380493164,211.52000427246094,38.843971252441406,86.43124389648438,13.187531471252441,22.567340850830078,57.849491119384766,77.88899993896484,500.8800354003906,84.45938110351562
2024-04-05,60.976898193359375,88.75550079345703,83.3687973022461,25.87932014465332,32.110382080078125,215.13999938964844,39.07972717285156,85.85967254638672,13.233577728271484,22.8995418548584,58.52328872680664,79.30855560302734,506.11279296875,83.28382110595703
2024-04-08,61.47655487060547,89.15235900878906,83.3779067993164,26.022300720214844,32.455955505371094,216.47999572753906,39.27777099609375,85.66609191894531,13.233577728271484,22.904502868652344,58.493995666503906,79.01283264160156,506.3958740234375,83.27469635009766
2024-04-09,61.504310607910156,89.22013092041016,83.38700866699219,25.87038803100586,32.66425323486328,217.6699981689453,39.38150405883789,86.00719451904297,13.169114112854004,22.926815032958984,58.601409912109375,78.67764282226562,506.9815979003906,84.04931640625
2024-04-10,60.77333068847656,86.95503234863281,83.40523529052734,26.36187744140625,32.08671188354492,215.61000061035156,38.589351654052734,84.86408996582031,13.215160369873047,22.780548095703125,58.2498664855957,78.1255874633789,501.9051818847656,82.21759033203125
2024-04-11,60.939876556396484,87.24542236328125,83.43257904052734,26.52273178100586,32.35181427001953,219.8000030517578,38.92884063720703,84.7442626953125,13.159904479980469,23.122663497924805,58.83577346801758,79.51559448242188,505.69293212890625,81.84394836425781
2024-04-12,60.162635803222656,86.01605987548828,83.44168853759766,26.15634536743164,31.41448974609375,216.88999938964844,38.35358428955078,85.09455871582031,13.19674015045166,22.80038070678711,58.05455780029297,78.19459533691406,498.71282958984375,82.28138732910156
2024-04-15,59.968318939208984,85.34815216064453,83.45990753173828,26.48698616027832,30.96003532409668,220.9499969482422,38.287567138671875,84.55067443847656,13.19674015045166,22.35413932800293,57.361228942871094,77.01162719726562,492.46490478515625,81.00556945800781
2024-04-16,59.052284240722656,84.9512710571289,83.46902465820312,26.4244327545166,30.363554000854492,221.22000122070312,37.702880859375,84.21881866455078,13.19674015045166,22.378929138183594,57.37098693847656,76.95247650146484,491.5667419433594,80.46788024902344
2024-04-17,59.043033599853516,84.14784240722656,83.4781494140625,26.022300720214844,30.4960994720459,219.58999633789062,37.646305084228516,84.75347900390625,12.994138717651367,22.165727615356445,56.824127197265625,76.01596069335938,488.6575622558594,81.36096954345703
2024-04-18,59.2095832824707,84.16719055175781,83.52368927001953,26.111663818359375,30.590782165527344,220.33999633789062,37.4388313293457,84.45848083496094,12.966511726379395,22.069042205810547,56.63859176635742,75.5624771118164,487.6520080566406,80.9509048461914
2024-04-19,59.23733901977539,85.24166870117188,83.5328140258789,26.147409439086914,30.325679779052734,221.02999877929688,37.19363784790039,84.5691146850586,13.030975341796875,21.57817840576172,55.98432540893555,73.74858856201172,483.3956298828125,81.24251556396484
2024-04-22,59.58895492553711,86.03543853759766,83.55101013183594,26.120601654052734,30.52450942993164,215.57000732421875,37.627445220947266,84.57833862304688,13.04018497467041,21.783945083618164,56.56047058105469,74.60623931884766,487.8472900390625,81.1058120727539
2024-04-23,60.04235076904297,87.51646423339844,83.56012725830078,26.32613182067871,30.91269302368164,215.0399932861328,37.99523162841797,84.68897247314453,13.095439910888672,22.155813217163086,57.26356506347656,75.80894470214844,493.63641357421875,81.1331558227539
2024-04-24,59.72774887084961,87.3519058227539,83.56012725830078,26.344005584716797,30.8842830657959,214.63999938964844,38.02351760864258,84.43084716796875,13.086231231689453,22.138456344604492,57.19520950317383,75.6314926147461,493.402099609375,80.55902862548828
2024-04-25,59.403892517089844,87.01309967041016,83.60569763183594,26.352941513061523,30.76120376586914,215.9199981689453,37.44826126098633,84.10820007324219,13.159904479980469,22.026901245117188,57.17567825317383,75.0301513671875,491.5276794433594,79.99402618408203
2024-04-26,60.05160140991211,87.3519058227539,83.60569763183594,26.996349334716797,31.16832160949707,216.6199951171875,37.81604766845703,84.33866882324219,13.159904479980469,22.455785751342773,57.9862060546875,75.96665954589844,496.18438720703125,80.41323852539062
2024-04-29,60.80108642578125,87.75846099853516,83.6239242553711,26.62102699279785,31.660648345947266,216.17999267578125,38.080101013183594,84.67972564697266,13.159904479980469,22.495445251464844,57.9764289855957,75.93708038330078,497.9415283203125,81.08757781982422
2024-04-30,59.66297912597656,85.55142974853516,83.63301849365234,26.746135711669922,31.196725845336914,211.8699951171875,37.65573501586914,84.28334045410156,12.984930992126465,22.076480865478516,56.960845947265625,74.7738265991211,490.0535583496094,80.39498901367188
2024-05-01,59.53342819213867,85.56110382080078,83.64948272705078,26.495922088623047,31.054710388183594,213.7899932861328,37.646305084228516,84.61710357666016,12.791537284851074,21.9996280670166,56.43352508544922,74.4485092163086,488.4623718261719,80.98759460449219
2024-05-02,60.40321350097656,87.08084869384766,83.69524383544922,25.977622985839844,31.646448135375977,213.1300048828125,37.95750427246094,85.01469421386719,12.809955596923828,22.28472328186035,56.912017822265625,75.29631042480469,493.0310974121094,81.33509063720703
2024-05-03,60.78258514404297,87.95205688476562,83.70439910888672,25.897192001342773,32.200321197509766,212.9600067138672,38.3724479675293,85.48623657226562,12.846792221069336,22.671466827392578,57.57605743408203,76.71587371826172,499.14239501953125,82.15811920166016
2024-05-06,61.171207427978516,88.80390167236328,83.70439910888672,26.058048248291016,32.56010818481445,215.1999969482422,38.721378326416016,85.5602035522461,12.97572135925293,22.991270065307617,58.23033142089844,78.02701568603516,504.29693603515625,82.47821807861328
2024-05-07,61.161949157714844,88.67806243896484,83.71353912353516,26.209964752197266,32.503299713134766,214.2100067138672,38.589351654052734,85.78208923339844,12.97572135925293,22.981353759765625,58.33774948120117,78.11572265625,504.8534240722656,82.98118591308594
2024-05-08,61.21747970581055,88.71676635742188,83.73184204101562,26.31719970703125,32.62637710571289,213.5800018310547,38.381874084472656,85.54167938232422,12.929675102233887,22.94416618347168,58.367042541503906,78.10588073730469,504.9022216796875,82.47821807861328
2024-05-09,61.75414276123047,89.91707611083984,83.77759552001953,26.451242446899414,32.72106170654297,216.9499969482422,38.52333450317383,85.80059814453125,12.984930992126465,23.01358413696289,58.47446823120117,78.31289672851562,507.8114318847656,82.8805923461914
2024-05-10,61.7078742980957,89.47180938720703,83.77759552001953,26.433372497558594,32.739990234375,218.7100067138672,38.381874084472656,85.52320098876953,12.94809341430664,23.033416748046875,58.708831787109375,78.42134094238281,508.4654846191406,82.41419982910156
2024-05-13,61.76339340209961,89.57827758789062,83.79591369628906,26.540603637695312,32.93882369995117,216.25999450683594,38.32529067993164,85.62490844726562,13.049394607543945,23.033416748046875,58.796714782714844,78.22416687011719,508.53375244140625,82.62451171875
2024-05-14,62.19828414916992,90.27525329589844,83.80504608154297,26.478046417236328,33.431148529052734,218.08999633789062,38.54219436645508,85.87455749511719,12.97572135925293,23.18960189819336,59.031089782714844,78.68750762939453,510.8670959472656,83.09091186523438
2024-05-15,62.642425537109375,90.76891326904297,83.81417846679688,26.236770629882812,33.88561248779297,220.88999938964844,39.04201126098633,86.5217514038086,13.021766662597656,23.558988571166992,59.88066101074219,80.17607879638672,517.193115234375,84.22489929199219
2024-05-16,62.133514404296875,90.30427551269531,83.85077667236328,26.30826187133789,33.639442443847656,220.02999877929688,38.68365478515625,86.35535430908203,13.0678129196167,23.4771785736084,59.76348114013672,79.71273803710938,516.1289672851562,84.1426010131836
2024-05-17,62.56840896606445,90.45916748046875,83.85995483398438,26.54953956604004,33.734127044677734,223.66000366210938,38.862831115722656,86.08720397949219,13.187531471252441,23.484615325927734,59.75371551513672,79.60430908203125,516.8709106445312,83.57559967041016
2024-05-20,62.725704193115234,90.31397247314453,83.87825012207031,26.719327926635742,33.77672576904297,224.55999755859375,39.10802459716797,85.95775604248047,13.316460609436035,23.6209659576416,59.96855163574219,80.04791259765625,517.4663696289062,83.32868957519531
2024-05-21,62.83673858642578,90.36237335205078,83.88739776611328,26.66571044921875,33.6015739440918,224.22999572753906,39.1457405090332,86.17965698242188,13.279623031616211,23.69533920288086,60.00761795043945,80.274658203125,518.735595703125,83.75849151611328
2024-05-22,62.077999114990234,89.33629608154297,83.90569305419922,26.531665802001953,33.42168426513672,220.11000061035156,38.64592742919922,86.0687026977539,13.10464859008789,23.618486404418945,59.997840881347656,80.16621398925781,517.2418823242188,83.85908508300781
2024-05-23,61.569087982177734,88.27149963378906,83.96061706542969,26.469114303588867,33.478492736816406,215.72000122070312,38.693084716796875,85.76359558105469,13.021766662597656,23.558988571166992,59.91971969604492,80.32395935058594,513.4638671875,83.31953430175781
2024-05-24,62.448116302490234,89.1136474609375,83.96973419189453,26.52273178100586,33.5826416015625,215.9199981689453,39.09858703613281,85.87455749511719,13.086231231689453,23.779630661010742,60.28104019165039,81.15203857421875,516.8612060546875,83.56645965576172
2024-05-28,62.845985412597656,88.90068817138672,83.96061706542969,26.80868911743164,33.98028564453125,218.19000244140625,39.174034118652344,85.3937759399414,13.325669288635254,23.92093849182129,60.51540756225586,81.56607055664062,517.2223510742188,82.36846160888672
2024-05-29,61.76339340209961,87.73909759521484,83.97889709472656,26.728260040283203,32.99562072753906,216.16000366210938,38.45732116699219,84.97769927978516,13.187531471252441,23.809377670288086,60.05643844604492,81.33934020996094,513.6005249023438,81.37166595458984
2024-05-30,62.58690643310547,88.79421997070312,83.99718475341797,26.531665802001953,32.654781341552734,216.57000732421875,38.589351654052734,85.40299987792969,13.012557983398438,23.420156478881836,59.62676239013672,80.07749938964844,510.19342041015625,82.15811920166016
2024-05-31,63.16983413696289,90.07196807861328,84.0155029296875,26.48698616027832,32.607444763183594,215.3000030517578,39.01371765136719,85.80059814453125,12.938883781433105,23.415197372436523,60.01737976074219,80.26481628417969,514.8404541015625,82.71598052978516
2024-06-03,63.253116607666016,89.35565185546875,84.02928924560547,26.24570655822754,32.90094757080078,217.22000122070312,39.24005126953125,86.3625259399414,12.745491981506348,23.59369659423828,60.075965881347656,80.77742767333984,515.2601318359375,84.05387878417969
2024-06-04,62.58690643310547,87.30351257324219,84.04766845703125,25.816768646240234,32.616912841796875,215.27000427246094,39.19289779663086,86.8354721069336,12.616562843322754,23.6457576751709,60.28104019165039,80.86614990234375,515.836181640625,85.03571319580078
2024-06-05,62.50363540649414,88.07789611816406,84.05684661865234,26.102725982666016,33.10924530029297,217.82000732421875,39.249473571777344,87.15077209472656,12.662609100341797,24.109352111816406,61.198974609375,82.7096176147461,521.9669189453125,85.6596908569336
2024-06-06,62.58690643310547,87.70038604736328,84.06604766845703,26.165281295776367,33.31753158569336,219.42999267578125,39.42865753173828,87.11367797851562,12.8375825881958,24.11182975769043,61.17945098876953,82.61104583740234,521.9570922851562,85.53123474121094
2024-06-07,61.652347564697266,87.00342559814453,84.10281372070312,26.379749298095703,32.73052215576172,211.60000610351562,39.08916473388672,86.19562530517578,12.662609100341797,24.074642181396484,61.14038848876953,82.69976043701172,521.3225708007812,83.96212005615234
2024-06-10,62.21678161621094,87.032470703125,84.1211929321289,26.612092971801758,32.87254333496094,213.5399932861328,39.372074127197266,86.0101547241211,12.846792221069336,24.158931732177734,61.364990234375,83.21239471435547,522.933349609375,83.40234375
2024-06-11,61.40253448486328,86.33550262451172,84.13036346435547,26.540603637695312,32.69265365600586,214.14999389648438,38.938270568847656,86.46455383300781,12.819165229797363,24.389488220214844,61.55052185058594,83.87287902832031,524.1927490234375,84.26493835449219
2024-06-12,62.170528411865234,87.71974182128906,84.14875030517578,26.451242446899414,33.29859161376953,214.72000122070312,39.400360107421875,86.94677734375,12.86521053314209,24.71425437927246,61.950897216796875,84.96713256835938,528.4979858398438,84.89807891845703
2024-06-13,60.89361572265625,86.53878784179688,84.15796661376953,26.27251625061035,33.23232650756836,212.97000122070312,38.65536117553711,87.52172088623047,12.874420166015625,24.815893173217773,62.52705001831055,85.72618865966797,529.5620727539062,86.14604187011719
2024-06-14,60.58827209472656,84.92223358154297,84.20391082763672,26.27251625061035,33.10924530029297,215.72999572753906,38.50447463989258,87.72571563720703,12.8375825881958,24.90514373779297,62.917659759521484,86.18953704833984,529.8842163085938,86.87096405029297
2024-06-17,60.74557113647461,85.89990234375,84.21309661865234,26.52273178100586,33.52582931518555,214.61000061035156,38.315860748291016,87.31770324707031,12.86521053314209,25.145618438720703,63.52311325073242,87.1161880493164,534.1015014648438,86.0083999633789
2024-06-18,61.18046188354492,86.05477905273438,84.2314682006836,26.52273178100586,33.82880401611328,215.47000122070312,38.44789505004883,87.69789123535156,12.966511726379395,25.1629695892334,63.80631637573242,87.37250518798828,535.4586181640625,86.79756164550781
2024-06-20,61.19895935058594,85.96765899658203,84.24987030029297,26.85336685180664,33.92348098754883,218.16000366210938,38.42903137207031,87.47534942626953,13.003348350524902,24.98695945739746,63.396156311035156,86.72186279296875,534.0039672851562,86.21944427490234
2024-06-21,60.66229248046875,85.84182739257812,84.27740478515625,26.7729434967041,33.86667251586914,214.77999877929688,38.27814483642578,87.49388122558594,12.929675102233887,24.942337036132812,63.054378509521484,86.12052154541016,533.2880249023438,86.21944427490234
2024-06-24,61.44818115234375,86.84175109863281,84.29582214355469,26.880178451538086,33.611045837402344,215.6300048828125,38.58546447753906,87.56807708740234,12.984930992126465,24.682024002075195,62.73609161376953,85.03429412841797,531.5545043945312,86.56814575195312
2024-06-25,61.22203063964844,86.11223602294922,84.29582214355469,26.817623138427734,33.68678665161133,214.55999755859375,39.10714340209961,87.64226531982422,12.902048110961914,24.991912841796875,62.61857223510742,86.1787338256836,533.6014404296875,86.71495819091797
2024-06-26,60.816837310791016,86.16087341308594,84.30500793457031,26.969541549682617,33.71519470214844,212.5800018310547,38.794132232666016,87.11367797851562,12.91125774383545,25.135107040405273,62.49126052856445,86.5339126586914,534.2673950195312,85.47616577148438
2024-06-27,61.17491149902344,86.32624053955078,84.3233871459961,27.00018310546875,33.79183578491211,214.99000549316406,38.993316650390625,87.30841827392578,12.966511726379395,25.217010498046875,62.49126052856445,86.80028533935547,535.1096801757812,85.81570434570312
2024-06-28,61.20317840576172,87.26974487304688,84.35095977783203,27.090301513671875,33.83974075317383,215.00999450683594,39.17353439331055,86.84475708007812,12.938883781433105,25.02591323852539,62.226844787597656,86.28726196289062,533.0039672851562,84.21902465820312
2024-07-01,61.269142150878906,86.77366638183594,84.38050079345703,27.53189468383789,33.77267074584961,215.57000732421875,39.11662292480469,86.19828796386719,13.10464859008789,25.224454879760742,62.18766784667969,86.82002258300781,534.1008911132812,82.7655029296875
2024-07-02,61.46703338623047,87.14329528808594,84.38970947265625,27.441774368286133,33.81100082397461,215.55999755859375,39.391693115234375,86.52383422851562,13.095439910888672,25.442846298217773,62.63816452026367,87.34291076660156,537.6952514648438,83.40989685058594
2024-07-03,62.35279846191406,87.14329528808594,84.41740417480469,27.450788497924805,34.443336486816406,217.99000549316406,39.71418380737305,87.10054779052734,13.169114112854004,25.619050979614258,62.96134567260742,88.06312561035156,540.0949096679688,84.50533294677734
2024-07-05,62.418766021728516,85.83015441894531,84.44509887695312,27.41473960876465,34.73076248168945,220.92999267578125,40.10308074951172,87.58424377441406,13.22436809539795,25.904449462890625,63.2551383972168,88.9609146118164,543.2092895507812,85.2049331665039
2024-07-08,62.07011032104492,86.26787567138672,84.46356964111328,27.279556274414062,35.037357330322266,218.19000244140625,39.95132064819336,87.61214447021484,13.05860424041748,25.93174934387207,63.235557556152344,89.22731018066406,543.8360595703125,85.38903045654297
2024-07-09,61.909912109375,85.83988189697266,84.46356964111328,27.396717071533203,35.094844818115234,218.55999755859375,39.76161193847656,87.49121856689453,12.94809341430664,25.96401596069336,63.098445892333984,89.41474914550781,544.3649291992188,85.0116195678711
2024-07-10,62.654335021972656,86.83202362060547,84.48200988769531,27.558931350708008,35.49723434448242,219.36000061035156,40.387630462646484,87.57493591308594,12.94809341430664,26.229562759399414,63.39225387573242,90.41120147705078,549.7515258789062,85.2785873413086
2024-07-11,63.27627182006836,90.03217315673828,84.49122619628906,27.180423736572266,35.45891189575195,223.25,40.15050506591797,88.133056640625,12.984930992126465,25.70591163635254,62.902587890625,88.52681732177734,545.0112915039062,86.10704803466797
2024-07-12,63.84165954589844,90.61580657958984,84.52816772460938,27.12635040283203,35.50682067871094,223.11000061035156,40.42557144165039,88.3190689086914,12.938883781433105,25.832481384277344,63.34328079223633,88.78333282470703,548.4490356445312,86.47528076171875
2024-07-15,63.58723068237305,92.09427642822266,84.54662322998047,27.144376754760742,35.34394073486328,223.8300018310547,40.31175231933594,88.04003143310547,12.86521053314209,25.93423080444336,63.6370849609375,89.10890197753906,549.9572143554688,85.48109436035156
2024-07-16,64.10549926757812,95.40142822265625,84.54662322998047,27.30659294128418,35.25770950317383,228.2899932861328,40.596309661865234,88.4306869506836,12.80074691772461,25.949119567871094,64.15612030029297,88.95105743408203,553.2186279296875,86.68700408935547
2024-07-17,63.954734802246094,95.09989929199219,84.57431030273438,26.828950881958008,34.328365325927734,227.22999572753906,40.15998840332031,88.50511932373047,12.828374862670898,25.26416015625,63.421634674072266,85.95182800292969,545.4617919921875,86.70542907714844
2024-07-18,63.44588851928711,93.73812866210938,84.58354949951172,26.84697723388672,33.85890579223633,225.77999877929688,39.552940368652344,88.2539291381836,12.754701614379883,25.080509185791016,63.03969192504883,85.67557525634766,541.2700805664062,86.04261016845703
2024-07-19,63.0218391418457,93.00860595703125,84.61124420166016,26.73883056640625,33.59063720703125,221.72999572753906,39.42015075683594,87.97489929199219,12.579726219177246,24.936573028564453,62.42271041870117,85.192138671875,537.6756591796875,85.53631591796875
2024-07-22,63.4176139831543,94.22447204589844,84.62969970703125,26.892038345336914,33.782257080078125,221.8000030517578,39.628822326660156,87.89118957519531,12.579726219177246,25.274085998535156,63.127830505371094,86.46484375,543.2190551757812,85.28779602050781
2024-07-23,63.21030807495117,95.0415267944336,84.62969970703125,26.666736602783203,33.724769592285156,222.5800018310547,39.742645263671875,87.95628356933594,12.487635612487793,25.32124137878418,62.94175338745117,86.72135162353516,542.3670043945312,85.1681137084961
2024-07-24,62.56010055541992,93.22260284423828,84.65740203857422,26.342302322387695,33.06368637084961,221.8000030517578,39.10714340209961,87.7609634399414,12.460007667541504,24.402996063232422,61.67841339111328,83.65306091308594,530.07568359375,84.2475814819336
2024-07-25,62.145484924316406,94.95399475097656,84.65740203857422,26.180084228515625,32.98704147338867,218.3300018310547,38.44318771362305,87.95628356933594,12.487635612487793,24.162267684936523,61.65882873535156,82.63687896728516,527.3136596679688,84.93798065185547
2024-07-26,62.94646072387695,96.38384246826172,84.70354461669922,26.252180099487305,33.16907501220703,220.6300048828125,38.87950134277344,88.37487030029297,12.377124786376953,24.388103485107422,62.54023361206055,83.58399963378906,533.219482421875,85.60077667236328
2024-07-29,62.720306396484375,95.58624267578125,84.70354461669922,26.17107391357422,32.91039276123047,220.32000732421875,38.964866638183594,88.52372741699219,12.294241905212402,24.427814483642578,62.52063751220703,83.37682342529297,533.5328369140625,86.06105041503906
2024-07-30,62.937034606933594,96.2671127319336,84.71276092529297,26.062929153442383,32.71877670288086,222.52000427246094,38.936405181884766,88.70974731445312,12.248196601867676,24.164749145507812,62.26601791381836,82.13371276855469,530.8297729492188,86.39244079589844
2024-07-31,64.05839538574219,96.97718811035156,84.73123931884766,26.080949783325195,33.66728591918945,226.5500030517578,39.97977828979492,89.36083984375,12.524471282958984,24.785186767578125,63.264930725097656,84.84683227539062,539.4581909179688,87.2761459350586
2024-08-01,62.18318557739258,93.41714477539062,84.75161743164062,25.612323760986328,32.88165283203125,225.77000427246094,38.50009536743164,89.742431640625,12.386334419250488,24.3483943939209,62.33456802368164,83.3274917602539,531.8189697265625,88.02886962890625
2024-08-02,60.78856658935547,89.49720001220703,84.79798889160156,24.765186309814453,32.099857330322266,225.33999633789062,36.982479095458984,91.13257598876953,12.17452335357666,23.814823150634766,61.63924026489258,81.09779357910156,521.9172973632812,90.77198028564453
2024-08-05,58.913360595703125,86.45267486572266,84.79798889160156,24.170392990112305,30.630138397216797,222.47999572753906,35.967567443847656,91.2258529663086,12.156105041503906,22.988399505615234,60.19961929321289,78.5129165649414,506.7171630859375,91.25228118896484
2024-08-06,59.214900970458984,87.27947235107422,84.81649780273438,24.233474731445312,31.070859909057617,220.6999969482422,36.337486267089844,90.41417694091797,12.036384582519531,23.226646423339844,60.6207389831543,79.7757568359375,511.38885498046875,89.21107482910156
2024-08-07,59.30913543701172,86.32624053955078,84.8350601196289,24.296558380126953,31.147504806518555,220.5500030517578,36.46079635620117,90.0876235961914,12.165313720703125,23.008255004882812,60.2779655456543,78.99634552001953,507.9708251953125,88.58303833007812
2024-08-08,60.053558349609375,88.1743392944336,84.84432220458984,24.602970123291016,32.153499603271484,224.00999450683594,37.39033508300781,89.81706237792969,12.266613960266113,23.663436889648438,61.63924026489258,81.67987060546875,519.7136840820312,88.03810119628906
2024-08-09,60.59067916870117,87.92143249511719,84.86288452148438,24.620994567871094,32.41218948364258,224.55999755859375,37.523128509521484,90.1809310913086,12.331079483032227,23.834674835205078,61.9526252746582,82.49874114990234,522.0054321289062,88.90631103515625
2024-08-12,60.939334869384766,87.22109985351562,84.89067077636719,24.75617218017578,32.69002914428711,228.41000366210938,37.523128509521484,90.43282318115234,12.515262603759766,23.914091110229492,61.815521240234375,82.90325164794922,522.2797241210938,89.22957611083984
2024-08-13,61.92876434326172,88.38833618164062,84.89996337890625,24.873332977294922,33.25530242919922,228.05999755859375,38.547515869140625,90.83401489257812,12.395543098449707,24.462556838989258,62.589195251464844,84.82711029052734,530.868896484375,89.84837341308594
2024-08-14,62.23029708862305,87.80471801757812,84.90921783447266,24.891359329223633,33.42776107788086,226.1999969482422,38.67082977294922,90.95530700683594,12.303451538085938,24.514671325683594,62.78506088256836,85.34014129638672,532.5436401367188,90.41178894042969
2024-08-15,62.83338165283203,89.93489837646484,84.91850280761719,25.152706146240234,33.83974075317383,226.91000366210938,39.48654556274414,90.38618469238281,12.404752731323242,25.05073356628418,63.96025085449219,87.33304595947266,541.671630859375,89.68212890625
2024-08-16,63.35165786743164,90.43099212646484,84.96485900878906,25.242828369140625,34.06968307495117,231.99000549316406,39.53396987915039,90.56342315673828,12.349496841430664,25.070585250854492,63.93087387084961,87.20478820800781,542.8860473632812,89.99617004394531
2024-08-19,64.13377380371094,91.18968200683594,84.96485900878906,25.323938369750977,34.491241455078125,231.61000061035156,40.036678314208984,90.68473052978516,12.285033226013184,25.390729904174805,64.29324340820312,88.19137573242188,548.0767822265625,90.41178894042969
2024-08-20,63.954734802246094,89.75009155273438,84.98336791992188,25.188756942749023,34.337955474853516,232.4600067138672,39.8280143737793,91.04859924316406,12.229778289794922,25.363426208496094,64.35199737548828,88.18151092529297,547.1856079101562,91.13218688964844
2024-08-21,64.55782318115234,90.61580657958984,85.001953125,25.170730590820312,34.452919006347656,232.14999389648438,40.084110260009766,91.23519134521484,12.156105041503906,25.45277214050293,64.67517852783203,88.62547302246094,549.0659790039062,91.1876220703125
2024-08-22,64.06780242919922,90.09053802490234,85.001953125,25.19776725769043,33.935543060302734,229.3699951171875,39.75212860107422,90.81535339355469,12.156105041503906,25.082992553710938,64.2736587524414,87.56983184814453,544.7566528320312,90.28248596191406
2024-08-23,65.42474365234375,93.24205017089844,85.03900909423828,25.161720275878906,34.57747268676758,232.02000427246094,40.56785202026367,91.23519134521484,12.367916107177734,25.375837326049805,64.61642456054688,88.40843200683594,550.544921875,90.87359619140625
2024-08-26,65.13262939453125,93.2031478881836,85.04827880859375,25.188756942749023,34.19422912597656,232.75999450683594,40.14101791381836,91.12325286865234,12.496844291687012,25.209564208984375,64.48909759521484,87.66848754882812,549.2325439453125,90.64268493652344
2024-08-27,65.47187042236328,92.58062744140625,85.06682586669922,25.134679794311523,34.34752655029297,233.38999938964844,40.40659713745117,91.0859146118164,12.450798034667969,25.28153419494629,64.72413635253906,88.02365112304688,549.9866943359375,90.48567962646484
2024-08-28,64.80281829833984,92.22073364257812,85.07608795166016,25.125669479370117,34.16549301147461,231.75,40.178958892822266,91.03926849365234,12.303451538085938,25.038320541381836,64.26385498046875,87.2935791015625,546.7938232421875,90.37482452392578
2024-08-29,64.8687744140625,92.83353424072266,85.07608795166016,25.206777572631836,34.10800552368164,232.9499969482422,40.378143310546875,90.88066101074219,12.432379722595215,24.963869094848633,64.5968246459961,86.83975219726562,546.8427734375,90.07927703857422
2024-08-30,65.16089630126953,93.29069519042969,85.12244415283203,25.27887535095215,34.127166748046875,231.2899932861328,40.75755310058594,90.56342315673828,12.285033226013184,25.221969604492188,65.26278686523438,88.05325317382812,552.06298828125,89.11873626708984
2024-09-03,63.69088363647461,90.6644287109375,85.15596771240234,25.098636627197266,33.66728591918945,230.2899932861328,39.742645263671875,91.16046142578125,12.045594215393066,24.48737335205078,64.15612030029297,85.2907943725586,540.7020263671875,90.57630157470703
2024-09-04,63.60607147216797,90.07108306884766,85.16529083251953,25.04456329345703,33.06368637084961,230.42999267578125,39.46757888793945,91.69384765625,11.935084342956543,24.400510787963867,64.26385498046875,84.97509002685547,539.5953369140625,91.74382781982422
2024-09-05,63.84165954589844,89.50692749023438,85.1745834350586,25.071598052978516,33.17865753173828,232.35000610351562,39.52448654174805,91.90906524658203,11.962712287902832,24.430295944213867,63.9015007019043,84.7087173461914,538.2828979492188,92.26274108886719
2024-09-06,62.42818832397461,88.00898742675781,85.22113800048828,24.864320755004883,32.34511947631836,230.6300048828125,38.44318771362305,92.0400619506836,11.796947479248047,23.87686538696289,63.020103454589844,82.79472351074219,529.2235717773438,92.25346374511719
2024-09-09,62.90876770019531,87.7755355834961,85.22113800048828,24.97246742248535,32.78584289550781,231.60000610351562,39.012290954589844,92.17107391357422,11.852202415466309,24.164749145507812,63.832950592041016,83.96878051757812,535.1488037109375,92.65190887451172
2024-09-10,62.90876770019531,87.28919982910156,85.24906921386719,25.062585830688477,32.40260696411133,232.6199951171875,38.92692184448242,92.56407928466797,11.66801929473877,24.365772247314453,64.15612030029297,84.51139831542969,537.4798583984375,93.30052947998047
2024-09-11,63.0218391418457,87.21138763427734,85.24906921386719,25.08962059020996,33.02537155151367,232.25,39.315818786621094,92.49859619140625,11.778528213500977,24.87700843811035,64.48909759521484,86.55364227294922,542.9938354492188,93.22640228271484
2024-09-12,63.8510856628418,88.28134155273438,85.25837707519531,25.152706146240234,33.446922302246094,236.3300018310547,39.80903625488281,92.34886932373047,11.990340232849121,25.16240882873535,64.92981719970703,87.60929107666016,547.5675659179688,92.7908935546875
2024-09-13,64.2939682006836,90.5477066040039,85.30494689941406,25.224803924560547,33.600223541259766,238.67999267578125,39.86594772338867,92.52665710449219,12.017967224121094,25.261680603027344,65.35092163085938,87.88554382324219,550.4274291992188,93.04109191894531
2024-09-16,64.89704895019531,91.33557891845703,85.32357025146484,25.30591583251953,33.619380950927734,238.66000366210938,40.25483703613281,92.76995849609375,12.119267463684082,25.159927368164062,65.39988708496094,87.59943389892578,551.2402954101562,93.89356231689453
2024-09-17,64.74627685546875,92.29854583740234,85.3328857421875,25.260852813720703,33.57147979736328,237.33999633789062,39.61933517456055,92.60150909423828,12.202150344848633,25.164888381958008,65.41947174072266,87.4613037109375,551.4655151367188,93.43952178955078
2024-09-18,64.74627685546875,92.27910614013672,85.35147094726562,25.143693923950195,33.446922302246094,235.50999450683594,39.5150032043457,92.19915008544922,12.128477096557617,25.10036277770996,65.04731750488281,87.16532897949219,549.8299560546875,92.28124237060547
2024-09-19,66.03724670410156,94.3411865234375,85.3701400756836,25.39603042602539,34.04093933105469,239.1699981689453,40.66270446777344,92.12428283691406,12.340288162231445,25.693500518798828,65.9189224243164,89.37528228759766,559.2124633789062,91.97547912597656
2024-09-20,65.43417358398438,93.28096771240234,85.4073486328125,25.486156463623047,33.62895584106445,242.2100067138672,40.45402908325195,92.09619140625,12.349496841430664,25.646347045898438,65.81119537353516,89.31608581542969,558.2457885742188,91.62337493896484
2024-09-23,65.86763000488281,93.20967864990234,85.41666412353516,25.486156463623047,33.973876953125,242.67999267578125,40.298404693603516,92.0400619506836,12.349496841430664,25.693500518798828,65.99583435058594,89.7890396118164,559.6408081054688,91.42877197265625
2024-09-24,66.1220474243164,93.23896789550781,85.42597198486328,25.630346298217773,34.98944854736328,246.07000732421875,40.47025680541992,92.14299774169922,12.542889595031738,25.80021858215332,65.9074478149414,90.0062484741211,561.2420654296875,91.41023254394531
2024-09-25,65.66032409667969,91.86192321777344,85.44459533691406,25.59429931640625,34.62537384033203,245.72999572753906,40.05972671508789,91.76869201660156,12.450798034667969,25.82257843017578,65.62264251708984,90.09510040283203,560.0043334960938,90.65043640136719
2024-09-26,67.01725769042969,92.39906311035156,85.44459533691406,25.711456298828125,35.736759185791016,246.97999572753906,40.718482971191406,91.70318603515625,12.349496841430664,25.894624710083008,66.14314270019531,89.90750885009766,562.2245483398438,90.86354064941406
2024-09-27,66.40473937988281,93.32686614990234,85.47252655029297,25.61235237121582,35.47784423828125,245.02000427246094,40.11701965332031,92.0681381225586,12.395543098449707,25.75052833557129,65.94673156738281,89.19661712646484,561.4091186523438,91.33611297607422
2024-09-30,66.59320831298828,93.70774841308594,85.4818344116211,25.575984954833984,34.4383430480957,243.05999755859375,40.17430114746094,91.81547546386719,12.367916107177734,25.882204055786133,66.06456756591797,89.4928207397461,563.6588134765625,90.90061950683594
2024-10-01,66.33878326416016,92.68228149414062,85.50147247314453,25.603260040283203,34.35171890258789,245.61000061035156,39.98335647583008,92.14959716796875,12.579726219177246,25.514514923095703,65.57353210449219,88.83130645751953,558.6093139648438,91.55691528320312
2024-10-02,66.00897979736328,92.3404769897461,85.51083374023438,25.630535125732422,34.10146713256836,245.66000366210938,39.70648956298828,91.88681030273438,12.68102741241455,25.54929542541504,65.59317779541016,89.17687225341797,558.8450927734375,90.78533935546875
2024-10-03,65.45301055908203,92.2135009765625,85.5295181274414,25.34868049621582,33.93783950805664,245.49000549316406,39.40098190307617,91.41756439208984,12.88362979888916,25.569169998168945,65.36730194091797,89.16699981689453,557.8233642578125,89.93008422851562
2024-10-04,66.08435821533203,93.59056091308594,85.54820251464844,25.25776481628418,34.01484298706055,245.0,39.61101531982422,90.53540802001953,12.920465469360352,25.854873657226562,65.73067474365234,90.52953338623047,562.8925170898438,88.82388305664062
2024-10-07,65.5472412109375,93.16083526611328,85.5669174194336,25.066829681396484,34.082218170166016,244.1699981689453,39.43916702270508,90.20692443847656,13.10464859008789,25.574142456054688,64.9351806640625,89.88775634765625,557.8037109375,88.1545639038086
2024-10-08,65.2457046508789,92.72135925292969,85.5669174194336,25.057737350463867,34.46721649169922,242.3699951171875,39.78286361694336,90.2820053100586,12.782328605651855,25.991514205932617,65.53426361083984,90.97383880615234,563.0791625976562,88.30329132080078
2024-10-09,65.00070190429688,92.96551513671875,85.5762710571289,25.057737350463867,34.47684097290039,241.0500030517578,39.69694137573242,89.94412231445312,12.69023609161377,26.1579647064209,66.20207214355469,91.76371002197266,566.9793701171875,87.80130004882812
2024-10-10,65.06666564941406,92.80924987792969,85.58561706542969,24.98499870300293,34.496089935302734,242.82000732421875,39.63965606689453,89.93475341796875,12.920465469360352,26.172874450683594,66.07439422607422,91.52674102783203,565.9871215820312,87.45733642578125
2024-10-11,65.37762451171875,94.70391845703125,85.63236999511719,25.112289428710938,34.813720703125,245.47000122070312,40.09791946411133,89.96292114257812,12.938883781433105,26.254858016967773,66.3199234008789,92.48448181152344,569.3762817382812,87.10408782958984
2024-10-14,65.32109069824219,95.01643371582031,85.62300872802734,25.121381759643555,34.919593811035156,245.07000732421875,40.298404693603516,89.80339050292969,12.754701614379883,26.483421325683594,66.8895263671875,93.02751922607422,574.0328979492188,87.1691665649414
2024-10-15,64.7368392944336,94.80158996582031,85.65106201171875,25.04864501953125,34.40946578979492,245.9199981689453,39.887882232666016,90.26322937011719,12.496844291687012,26.195232391357422,66.33956146240234,92.03031158447266,569.5728759765625,88.22893524169922
2024-10-16,65.07608032226562,96.36418914794922,85.65106201171875,25.13047218322754,34.63084411621094,247.14999389648438,40.202938079833984,90.40399932861328,12.469217300415039,26.24492073059082,66.45740509033203,92.48448181152344,572.0485229492188,88.60075378417969
2024-10-17,64.84993743896484,96.42279052734375,85.66974639892578,25.0213680267334,34.813720703125,248.6300048828125,40.298404693603516,89.93475341796875,12.469217300415039,26.264795303344727,66.4377670288086,92.85967254638672,572.0975341796875,87.19705200195312
2024-10-18,65.36820220947266,95.8954086303711,85.69778442382812,25.139564514160156,34.72709274291992,251.27000427246094,40.47980499267578,90.03800201416016,12.404752731323242,26.39398193359375,66.85025024414062,92.87942504882812,574.2981567382812,87.26213836669922
2024-10-21,64.60491943359375,93.96167755126953,85.71648406982422,24.93954086303711,34.6789665222168,251.22000122070312,40.0406379699707,89.3435287475586,12.469217300415039,26.533109664916992,66.57526397705078,92.9682846069336,573.35498046875,85.73756408691406
2024-10-22,64.45415496826172,93.71752166748047,85.72584533691406,24.930448532104492,34.57309341430664,253.92999267578125,39.725582122802734,89.25904846191406,12.662609100341797,26.523170471191406,66.11367797851562,92.69181823730469,573.0504760742188,85.82124328613281
2024-10-23,63.455299377441406,92.84831237792969,85.72584533691406,24.694053649902344,34.52496337890625,250.8699951171875,39.27687072753906,89.05259704589844,12.625772476196289,26.115734100341797,65.6717529296875,91.81307983398438,567.8143310546875,85.5888442993164
2024-10-24,63.71916198730469,93.19013214111328,85.73518371582031,24.78497314453125,34.274715423583984,252.8000030517578,39.37234115600586,89.24966430664062,12.625772476196289,26.27473258972168,65.53426361083984,91.75383758544922,569.0423583984375,86.1373062133789
2024-10-25,63.50242614746094,92.70182800292969,85.77257537841797,24.73951530456543,34.52496337890625,253.32000732421875,39.24822235107422,89.05259704589844,12.671818733215332,26.413854598999023,65.46550750732422,91.51688385009766,568.8458251953125,85.6539077758789
2024-10-28,63.549537658691406,94.1179428100586,85.77257537841797,24.830432891845703,34.390220642089844,253.3300018310547,39.58237075805664,88.84611511230469,12.367916107177734,26.44367218017578,65.53426361083984,91.84269714355469,570.6043701171875,85.4215087890625
2024-10-29,63.23857879638672,93.43428802490234,85.79129028320312,24.903169631958008,34.303592681884766,256.0899963378906,39.52509689331055,88.88365173339844,12.349496841430664,26.65235710144043,65.652099609375,92.19815063476562,571.52783203125,85.5516586303711
2024-10-30,63.16318893432617,93.57101440429688,85.8006591796875,24.721328735351562,33.87046813964844,257.5,39.37234115600586,88.75225830078125,12.487635612487793,26.533109664916992,65.47532653808594,91.56624603271484,569.798828125,85.80265808105469
2024-10-31,63.15376281738281,92.5357894897461,85.81932067871094,24.484935760498047,33.46621322631836,253.50999450683594,39.09547424316406,88.70535278320312,12.561308860778809,25.767921447753906,64.49324798583984,89.67054748535156,558.6289672851562,85.94210815429688
2024-11-01,63.07838439941406,92.47720336914062,85.85591125488281,24.52130126953125,33.533592224121094,252.47000122070312,39.25776672363281,88.18003845214844,12.460007667541504,25.986543655395508,64.70930480957031,90.26295471191406,560.9867553710938,84.73045349121094
2024-11-04,63.12549591064453,92.76042938232422,85.87469482421875,24.43038558959961,33.95709228515625,252.8300018310547,39.23867416381836,88.6507568359375,12.634982109069824,25.88716697692871,64.6994857788086,89.83838653564453,559.7783203125,86.0456314086914
2024-11-05,63.74742889404297,94.75273895263672,85.87469482421875,24.503122329711914,34.130340576171875,253.39999389648438,39.76377487182617,88.69783020019531,12.699445724487305,26.27473258972168,65.40657806396484,91.31941223144531,566.547119140625,86.5026626586914
2024-11-06,63.21030807495117,101.74542999267578,85.89346313476562,24.584949493408203,33.6779670715332,245.6999969482422,39.773319244384766,87.78466796875,12.579726219177246,27.010108947753906,66.71275329589844,94.241943359375,580.6345825195312,84.13349151611328
2024-11-07,64.41646575927734,100.4953384399414,85.90286254882812,24.82134246826172,34.53459167480469,249.64999389648438,40.33659744262695,88.49072265625,12.699445724487305,27.447359085083008,67.07612609863281,94.82447052001953,585.1242065429688,85.1875
2024-11-08,63.50242614746094,100.67113494873047,85.94978332519531,24.748605728149414,33.908966064453125,247.9600067138672,39.945167541503906,88.6789779663086,12.524471282958984,27.5765438079834,67.3412857055664,95.6637191772461,587.6587524414062,86.26947784423828
2024-11-11,63.29512023925781,102.40953826904297,85.94038391113281,24.675870895385742,33.32183837890625,242.13999938964844,40.27931213378906,88.4342269897461,12.321869850158691,27.646106719970703,67.302001953125,95.515625,588.21875,85.84976196289062
2024-11-12,62.315101623535156,101.0617904663086,85.94978332519531,24.639501571655273,32.85983657836914,240.0500030517578,39.40098190307617,87.87882232666016,12.248196601867676,27.61629295349121,67.1448745727539,95.32803344726562,586.3914794921875,84.56256103515625
2024-11-13,62.01356887817383,100.16328430175781,85.96856689453125,24.648591995239258,32.6480827331543,237.6300048828125,39.477352142333984,87.82231903076172,12.211359977722168,27.596420288085938,67.12522888183594,95.34777069091797,586.6763916015625,83.76042175292969
2024-11-14,61.96645736694336,99.5382308959961,85.96856689453125,24.52130126953125,32.26308822631836,237.00999450683594,39.71603775024414,87.81289672851562,12.192940711975098,27.367856979370117,66.75204467773438,94.241943359375,582.9039306640625,84.24544525146484
2024-11-15,62.13607406616211,98.71786499023438,85.99671173095703,24.503122329711914,32.34971237182617,236.58999633789062,39.410526275634766,87.8505630493164,12.137686729431152,26.811355590820312,65.83869934082031,92.71156311035156,575.4376831054688,84.02156066894531
2024-11-18,62.748565673828125,98.86437225341797,86.0060806274414,24.512210845947266,32.61920928955078,241.08999633789062,39.544185638427734,88.04824829101562,12.395543098449707,26.93061065673828,66.15296173095703,92.76094055175781,577.7955322265625,84.17080688476562
2024-11-19,62.710880279541016,98.57137298583984,86.03423309326172,24.503122329711914,32.638458251953125,243.25,39.69694137573242,88.23655700683594,12.432379722595215,27.19891929626465,65.99583435058594,93.4224624633789,579.9075927734375,84.59986877441406
2024-11-20,62.503570556640625,98.60067749023438,86.04362487792969,24.603132247924805,32.61920928955078,244.6199951171875,39.51554489135742,88.10472869873047,12.450798034667969,27.22873306274414,65.96636962890625,93.570556640625,580.1041259765625,84.32938385009766
2024-11-21,62.66376876831055,100.36837005615234,86.05302429199219,24.666778564453125,32.705833435058594,246.66000366210938,39.80195617675781,88.05768585205078,12.515262603759766,27.27842140197754,66.73237609863281,94.3110580444336,583.21826171875,84.26408386230469
2024-11-22,63.05953598022461,102.33140563964844,86.08116912841797,24.775882720947266,32.676963806152344,249.83999633789062,40.021541595458984,88.11416625976562,12.552099227905273,27.31816864013672,67.11540985107422,94.37030029296875,585.0259399414062,84.31071472167969
2024-11-25,62.974735260009766,103.92330932617188,86.09056091308594,24.666778564453125,32.81171417236328,242.47999572753906,39.964256286621094,89.06495666503906,12.377124786376953,27.34798240661621,67.52787780761719,94.3110580444336,587.0103149414062,86.49334716796875
2024-11-26,62.588382720947266,102.80995178222656,86.09056091308594,24.748605728149414,32.66733169555664,242.9499969482422,39.75422286987305,88.87667083740234,12.377124786376953,27.566608428955078,67.71446990966797,95.46624755859375,590.075439453125,86.15755462646484
2024-11-27,62.927616119384766,102.81971740722656,86.11872100830078,24.594039916992188,32.272708892822266,243.49000549316406,39.92607116699219,89.23441314697266,12.303451538085938,27.387731552124023,67.46894073486328,94.89360046386719,588.2874145507812,86.75450897216797
2024-11-29,63.68146896362305,103.0248031616211,86.13750457763672,24.73951530456543,32.099456787109375,245.58999633789062,40.52754211425781,89.61097717285156,12.340288162231445,27.61629295349121,67.83232116699219,95.60448455810547,591.9420166015625,87.64994049072266
2024-12-02,63.66261672973633,103.25920867919922,86.1610336303711,24.839527130126953,32.686580657958984,243.44000244140625,40.88077926635742,89.6034164428711,12.229778289794922,27.854795455932617,68.17604064941406,95.54524230957031,593.0029296875,87.86055755615234
2024-12-03,64.26569366455078,102.5853271484375,86.17987060546875,24.82134246826172,32.686580657958984,243.92999267578125,41.167198181152344,89.34847259521484,12.367916107177734,27.98398208618164,67.93053436279297,96.04878997802734,593.2780151367188,87.10240173339844
2024-12-04,64.25627899169922,102.53649139404297,86.18928527832031,24.903169631958008,32.96571350097656,244.6699981689453,41.32950210571289,89.68840789794922,12.294241905212402,28.42123031616211,68.0189208984375,96.9670181274414,596.9619140625,88.03837585449219
2024-12-05,64.82166290283203,101.42313385009766,86.19871520996094,24.73951530456543,33.32183837890625,242.86000061035156,41.50135040283203,89.67896270751953,12.312661170959473,28.321855545043945,67.76358032226562,96.89790344238281,595.9796142578125,88.2162094116211
2024-12-06,64.55782318115234,100.87622833251953,86.23638916015625,24.866804122924805,33.07158660888672,242.9499969482422,41.24357604980469,89.96223449707031,12.211359977722168,28.53054428100586,68.03855895996094,97.45081329345703,597.1093139648438,88.34724426269531
2024-12-09,64.67089080810547,100.59300231933594,86.24578857421875,24.875896453857422,33.114898681640625,245.36000061035156,40.95716094970703,89.65064239501953,12.312661170959473,28.33179473876953,67.83232116699219,95.86119079589844,594.034423828125,87.53295135498047
2024-12-10,64.39761352539062,100.59300231933594,86.26465606689453,24.857709884643555,32.89833450317383,248.58999633789062,40.48935317993164,89.49008178710938,12.340288162231445,28.252296447753906,67.48860168457031,95.15031433105469,592.1875610351562,87.1211166381836
2024-12-11,64.8781967163086,101.33524322509766,86.27405548095703,25.003183364868164,33.18708801269531,250.9600067138672,41.023990631103516,89.2257080078125,12.50605297088623,28.73181915283203,67.86178588867188,96.2561264038086,596.7655639648438,86.29743957519531
2024-12-12,64.2280044555664,100.29025268554688,86.29290771484375,24.89407730102539,32.879085540771484,247.27999877929688,40.62301254272461,88.88574981689453,12.450798034667969,28.522899627685547,67.40021514892578,95.48600006103516,593.6906127929688,85.24915313720703
2024-12-13,63.96415710449219,99.62614440917969,86.3211669921875,24.684961318969727,33.119720458984375,244.2899932861328,40.72802734375,88.47027587890625,12.450798034667969,28.612436294555664,68.07783508300781,96.53257751464844,593.5728149414062,84.37869262695312
2024-12-16,63.596656799316406,99.49917602539062,86.3305892944336,24.675870895385742,33.01383590698242,244.8800048828125,40.565731048583984,88.49860382080078,12.3587064743042,28.950693130493164,68.5394287109375,97.30270385742188,596.1072998046875,84.63140106201172
2024-12-17,63.02797317504883,98.1113052368164,86.34001922607422,24.684961318969727,32.56146240234375,243.94000244140625,40.250675201416016,88.49860382080078,12.285033226013184,28.821359634399414,68.22515869140625,96.24625396728516,593.6513061523438,84.83731079101562
2024-12-18,61.64730453491211,94.20765686035156,86.34001922607422,24.466753005981445,31.781829833984375,239.25999450683594,39.21958541870117,87.81455993652344,12.165313720703125,27.826488494873047,66.31008911132812,93.11638641357422,575.9584350585938,83.77649688720703
2024-12-19,61.656959533691406,93.83494567871094,86.35231018066406,24.403108596801758,31.791460037231445,239.60000610351562,39.24822235107422,87.41667175292969,12.146895408630371,27.84638786315918,66.0449447631836,93.35334777832031,575.7815551757812,82.50800323486328
2024-12-20,61.753509521484375,94.2665023803711,86.39013671875,24.421293258666992,32.05133056640625,242.10000610351562,38.75177764892578,87.73878479003906,12.220569610595703,28.154796600341797,66.68328857421875,94.37030029296875,582.697265625,82.9778060913086
2024-12-23,62.05281066894531,94.24688720703125,86.39013671875,24.484935760498047,32.26308822631836,240.9600067138672,39.0350456237793,87.35035705566406,12.263886451721191,28.423410415649414,66.90193176269531,95.38240051269531,586.1866455078125,82.21674346923828
2024-12-24,62.41005325317383,95.21790313720703,86.40904235839844,24.575857162475586,32.359336853027344,241.44000244140625,39.14031219482422,87.3977279663086,12.32164478302002,28.791513442993164,67.443603515625,96.50035095214844,592.7021484375,82.56438446044922
2024-12-26,62.680389404296875,95.74754333496094,86.42796325683594,24.512210845947266,32.234214782714844,243.07000732421875,39.341270446777344,87.46404266357422,12.2831392288208,28.751718521118164,67.48299407958984,96.5696029663086,592.7415771484375,82.51741027832031
2024-12-27,62.69004821777344,94.63920593261719,86.46581268310547,24.48499870300293,32.036895751953125,241.39999389648438,39.19772720336914,87.23664855957031,12.331271171569824,28.333871841430664,66.92162322998047,95.56047821044922,586.5020751953125,81.84088134765625
2024-12-30,62.55487823486328,94.3155517578125,86.46581268310547,24.40991973876953,31.83153533935547,240.6300048828125,39.015899658203125,87.74825286865234,12.446786880493164,27.995616912841797,66.16328430175781,94.48209381103516,579.8091430664062,82.49862670898438
2024-12-31,62.83487319946289,94.67845153808594,86.48471069335938,24.550689697265625,31.657163619995117,242.1300048828125,38.8914909362793,87.58719635009766,12.504544258117676,27.727005004882812,66.01554870605469,93.99732208251953,577.69970703125,82.05696868896484
2025-01-02,62.941078186035156,94.53131866455078,86.50364685058594,24.729001998901367,31.744348526000977,245.4199981689453,38.85321044921875,87.63458251953125,12.639311790466309,27.69715690612793,65.8481216430664,94.53157043457031,576.2803344726562,82.28250885009766
2025-01-03,63.114871978759766,95.37482452392578,86.51309204101562,24.71961784362793,32.209327697753906,243.49000549316406,38.95848083496094,87.49246978759766,12.562301635742188,28.174694061279297,66.35040283203125,95.8572769165039,583.4857788085938,82.0194091796875
2025-01-06,63.53003692626953,95.23751831054688,86.5225601196289,24.635154724121094,33.003662109375,243.19000244140625,39.283851623535156,87.40721130371094,12.591180801391602,28.522899627685547,66.53752899169922,96.53004455566406,586.8470458984375,81.65294647216797
2025-01-07,62.98934555053711,94.59998321533203,86.54147338867188,24.71023178100586,32.64524459838867,244.55999755859375,39.15944290161133,87.00927734375,12.648938179016113,27.96577262878418,66.14359283447266,95.2240982055664,580.2132568359375,80.73213195800781
2025-01-08,62.55487823486328,94.27631378173828,86.56039428710938,24.860389709472656,32.38369369506836,245.86000061035156,39.41783142089844,87.16087341308594,12.629685401916504,28.005565643310547,66.22238159179688,95.60994720458984,581.0609130859375,80.8354721069336
2025-01-10,61.656959533691406,92.87374877929688,86.58879089355469,25.1231632232666,32.180267333984375,248.2100067138672,38.68095779418945,86.52611541748047,12.94735336303711,27.56782341003418,65.13903045654297,94.56124114990234,572.1896362304688,80.29989624023438
2025-01-13,61.541099548339844,93.65839385986328,86.59825134277344,25.1982421875,31.63779640197754,245.74000549316406,38.604400634765625,86.3745346069336,13.014737129211426,27.488235473632812,65.33599090576172,94.41283416748047,573.0768432617188,80.2717056274414
2025-01-14,61.724544525146484,95.48271942138672,86.61714172363281,25.001161575317383,31.96714973449707,247.02999877929688,38.66181945800781,86.40294647216797,13.02436351776123,27.368852615356445,65.52312469482422,94.48209381103516,573.8653564453125,80.14016723632812
2025-01-15,62.43901824951172,97.06182861328125,86.62662506103516,25.029315948486328,32.56774139404297,248.8800048828125,39.3986930847168,87.31244659423828,13.188010215759277,28.03541374206543,66.3602523803711,96.23323059082031,584.3040161132812,81.52142333984375
2025-01-16,62.42936706542969,97.01280212402344,86.62662506103516,25.001161575317383,32.60649490356445,250.60000610351562,39.47524642944336,87.5208740234375,13.149504661560059,27.77674674987793,66.61631774902344,96.53004455566406,583.1802368164062,81.78450775146484
2025-01-17,62.71901321411133,97.41492462158203,86.67390441894531,25.08562469482422,32.780860900878906,249.27000427246094,39.46567916870117,87.58719635009766,13.091747283935547,28.14484977722168,67.07920837402344,97.59852600097656,589.0353393554688,81.92544555664062
2025-01-21,63.84864044189453,98.77826690673828,86.67390441894531,24.822853088378906,33.303958892822266,253.1300048828125,40.384376525878906,87.88090515136719,13.062868118286133,28.323925018310547,67.70951843261719,98.99348449707031,594.4270629882812,82.65835571289062
2025-01-22,63.61692810058594,97.92495727539062,86.69282531738281,24.879159927368164,33.64300537109375,254.42999267578125,40.31739044189453,87.65349578857422,13.033989906311035,28.73181915283203,68.17240905761719,99.66624450683594,597.7686157226562,82.22612762451172
2025-01-23,63.810020446777344,98.07208251953125,86.69282531738281,24.944854736328125,33.613948822021484,254.07000732421875,40.70018005371094,87.4261245727539,13.005110740661621,28.871103286743164,68.61559295654297,100.3587875366211,601.0313110351562,81.58717346191406
2025-01-24,64.17691802978516,97.90534973144531,86.73066711425781,24.757158279418945,33.74956130981445,255.64999389648438,41.03512191772461,87.60614776611328,13.005110740661621,28.751718521118164,68.35952758789062,100.24996185302734,599.2766723632812,81.9536361694336
2025-01-27,63.89692306518555,97.19914245605469,86.74011993408203,24.58823013305664,32.955223083496094,252.99000549316406,40.853294372558594,88.1745834350586,12.774080276489258,27.90608024597168,68.34967803955078,97.14342498779297,590.7996826171875,82.92145538330078
2025-01-28,63.655548095703125,96.87548065185547,86.74011993408203,24.76654052734375,32.94553756713867,255.17999267578125,40.709747314453125,88.1840591430664,12.802959442138672,28.532848358154297,68.47772216796875,98.35042572021484,595.8761596679688,82.86506652832031
2025-01-29,63.9452018737793,97.06182861328125,86.74958038330078,24.747774124145508,32.92616653442383,254.1999969482422,40.805442810058594,88.079833984375,12.83183765411377,28.323925018310547,68.4875717163086,98.0437240600586,593.204833984375,82.69593048095703
2025-01-30,64.8624267578125,97.69937133789062,86.75904083251953,24.813467025756836,33.488014221191406,258.04998779296875,41.24564743041992,88.26932525634766,12.83183765411377,28.393566131591797,69.34439849853516,99.60688781738281,596.3886108398438,83.00599670410156
2025-01-31,64.28312683105469,96.42430114746094,86.78741455078125,24.84161949157715,32.96491241455078,258.55999755859375,40.8245849609375,88.12721252441406,12.812585830688477,28.304027557373047,68.70423889160156,98.97370910644531,593.2147216796875,82.46102142333984
2025-02-03,63.6265869140625,94.6882553100586,86.81210327148438,24.888545989990234,32.75180435180664,259.94000244140625,40.47050857543945,88.18994140625,12.9281005859375,28.015514373779297,68.62544250488281,98.92424011230469,589.2225952148438,83.1324462890625
2025-02-04,64.38932800292969,96.10064697265625,86.81210327148438,24.77592658996582,33.497703552246094,262.5,41.006404876708984,88.40853881835938,12.976231575012207,28.373668670654297,68.60575103759766,99.54753112792969,593.1752319335938,83.38703155517578
2025-02-05,65.03621673583984,96.5910415649414,86.82158660888672,24.71023178100586,33.8173713684082,264.1300048828125,41.45619201660156,88.92178344726562,12.870342254638672,28.443309783935547,69.21636199951172,100.83366394042969,595.5802612304688,84.76375579833984
2025-02-06,65.3934555053711,96.53218841552734,86.84056854248047,24.747774124145508,34.17578887939453,263.42999267578125,41.762420654296875,88.8172378540039,12.889595985412598,28.58258819580078,69.2360610961914,101.77355194091797,597.6503295898438,84.7260513305664
2025-02-07,65.16173553466797,95.30616760253906,86.85956573486328,24.84161949157715,33.546142578125,263.8999938964844,41.41790771484375,88.52259826660156,12.899221420288086,28.274179458618164,68.87166595458984,100.94249725341797,592.1796875,84.17910766601562
2025-02-10,65.6637954711914,95.62003326416016,86.86905670166016,25.06685447692871,34.011112213134766,268.3699951171875,41.494468688964844,88.50358581542969,13.091747283935547,28.532848358154297,69.31484985351562,101.69439697265625,596.2012939453125,83.92451477050781
2025-02-11,65.81826782226562,95.99275207519531,86.8785400390625,25.07624053955078,34.2823486328125,267.3900146484375,41.85811996459961,88.27549743652344,13.188010215759277,28.423410415649414,69.49212646484375,101.7933349609375,596.65478515625,83.38703155517578
2025-02-12,65.77964782714844,94.60978698730469,86.8880386352539,25.132551193237305,34.33078384399414,267.6700134277344,41.7911262512207,87.6672134399414,13.053242683410645,28.393566131591797,69.34439849853516,101.30855560302734,594.732666015625,82.2554702758789
2025-02-13,66.41688537597656,95.37482452392578,86.90704345703125,25.05747413635254,34.621395111083984,270.30999755859375,42.16435241699219,88.322998046875,13.091747283935547,28.721872329711914,70.04364776611328,102.15937805175781,601.0115966796875,83.62276458740234
2025-02-14,66.51343536376953,95.60041809082031,86.9355239868164,24.804080963134766,34.689205169677734,266.2900085449219,42.14521408081055,88.69367218017578,13.120626449584961,28.791513442993164,69.74818420410156,101.9615249633789,600.9819946289062,84.06595611572266
2025-02-18,66.64860534667969,96.34584045410156,86.9544906616211,25.179473876953125,34.708580017089844,270.70001220703125,42.6906852722168,88.21845245361328,13.293899536132812,28.761667251586914,69.89592742919922,101.9714126586914,602.746337890625,83.07585144042969
2025-02-19,66.02102661132812,95.57099914550781,86.9639892578125,25.05747413635254,34.563270568847656,270.8500061035156,42.307899475097656,88.36103057861328,13.409415245056152,28.761667251586914,70.14213562011719,101.9911880493164,604.1658325195312,83.1795654296875
2025-02-20,66.40721893310547,94.61959838867188,86.98297119140625,24.916698455810547,34.8538818359375,270.989990234375,42.2791862487793,88.5416259765625,13.447919845581055,28.58258819580078,69.87622833251953,100.82378387451172,601.65234375,83.49075317382812
2025-02-21,65.76034545898438,92.10871124267578,87.01145935058594,24.6539249420166,34.52452087402344,270.739990234375,41.83898162841797,89.06433868408203,13.25539493560791,27.866283416748047,69.06863403320312,98.84510040283203,591.3616333007812,84.49974060058594
2025-02-24,65.68309783935547,91.755615234375,87.02094268798828,24.606998443603516,34.398590087890625,272.2099914550781,41.77198791503906,89.25442504882812,13.216888427734375,27.55787467956543,68.93075561523438,98.07341003417969,588.670654296875,84.74491119384766
2025-02-25,65.96309661865234,91.4417495727539,87.02094268798828,24.353612899780273,34.2823486328125,268.6199951171875,42.173919677734375,89.95773315429688,13.053242683410645,27.24946403503418,69.01940155029297,97.88543701171875,585.7431030273438,86.20651245117188
2025-02-26,65.9148178100586,91.20635223388672,87.0399398803711,24.362993240356445,34.505149841308594,269.0299987792969,42.20262908935547,90.20484924316406,12.956979751586914,27.358901977539062,69.04893493652344,98.8846664428711,586.0387573242188,86.71571350097656
2025-02-27,65.4996566772461,90.39227294921875,87.04942321777344,24.334840774536133,33.63235092163086,264.92999267578125,41.724143981933594,90.10030364990234,12.956979751586914,26.672441482543945,68.23149871826172,96.95545196533203,576.6844482421875,86.102783203125
2025-02-28,65.1520767211914,91.06903076171875,87.06841278076172,24.269145965576172,33.391143798828125,263.2699890136719,42.030372619628906,90.59452819824219,12.860715866088867,27.140029907226562,69.22621154785156,98.73627471923828,585.6839599609375,87.158935546875
2025-03-03,65.72172546386719,88.6954574584961,87.08650970458984,24.10960578918457,33.21677780151367,266.739990234375,42.623695373535156,90.92335510253906,12.764453887939453,26.453571319580078,68.5171127319336,96.61907196044922,575.4227905273438,87.56568145751953
2025-03-04,65.22931671142578,86.86131286621094,87.08650970458984,23.921907424926758,33.35239791870117,269.05999755859375,42.41316604614258,90.63741302490234,12.788518905639648,26.304344177246094,67.67996978759766,95.07569122314453,568.6116333007812,86.48731231689453
2025-03-05,67.16032409667969,87.26345825195312,87.09600067138672,23.893753051757812,34.29203796386719,269.6199951171875,43.456268310546875,90.1322250366211,12.754827499389648,26.682390213012695,68.34967803955078,96.18376159667969,574.722900390625,85.79676818847656
2025-03-06,67.00584411621094,86.43956756591797,87.10556030273438,23.771751403808594,34.00142288208008,268.25,42.815093994140625,90.08456420898438,12.72594928741455,25.95613670349121,67.16783142089844,93.68073272705078,564.5209350585938,85.51297760009766
2025-03-07,67.9423828125,86.97901916503906,87.14364624023438,23.809289932250977,34.262977600097656,268.3900146484375,43.0734748840332,89.97018432617188,12.822211265563965,26.035728454589844,67.3451156616211,93.53233337402344,567.6849975585938,85.23865509033203
2025-03-10,66.4844741821289,85.01738739013672,87.15314483642578,23.35881805419922,33.2603645324707,266.0400085449219,41.59016418457031,90.59929656982422,12.745201110839844,24.971214294433594,66.07463836669922,91.12823486328125,552.564453125,86.12783813476562
2025-03-11,66.3879165649414,84.68389892578125,87.16268920898438,23.349435806274414,33.42988967895508,269.1600036621094,41.571022033691406,90.27520751953125,12.812585830688477,24.951318740844727,65.34584045410156,90.9996109008789,547.9710083007812,85.51297760009766
2025-03-12,67.02515411376953,84.45831298828125,87.17220306396484,23.54651641845703,33.82706069946289,270.3299865722656,42.06864929199219,90.0083236694336,12.822211265563965,25.299522399902344,65.39508056640625,91.94938659667969,550.8787841796875,85.0021743774414
2025-03-13,66.87068176269531,83.33037567138672,87.1912612915039,23.565284729003906,33.923927307128906,275.1300048828125,41.75285339355469,90.37052154541016,12.783705711364746,24.782190322875977,64.28218078613281,90.78196716308594,543.535400390625,85.74946594238281
2025-03-14,68.19341278076172,85.35086059570312,87.2103042602539,23.79051971435547,34.398590087890625,275.239990234375,42.748104095458984,90.05597686767578,12.822211265563965,25.418907165527344,65.3852310180664,92.85957336425781,554.762451171875,85.29540252685547
2025-03-17,69.05270385742188,86.24341583251953,87.22933959960938,23.884368896484375,35.134803771972656,276.7300109863281,43.37971115112305,90.1322250366211,12.9281005859375,25.518394470214844,66.13374328613281,93.55211639404297,559.0404052734375,85.72108459472656
2025-03-18,69.24580383300781,85.88050079345703,87.22933959960938,23.950063705444336,35.057308197021484,279.9599914550781,43.40842056274414,90.23707580566406,12.899221420288086,25.110496520996094,65.41477966308594,92.30554962158203,552.9981079101562,85.80624389648438
2025-03-19,69.47752380371094,87.0869140625,87.23886108398438,23.959447860717773,35.20261001586914,281.1099853515625,43.494544982910156,90.51348876953125,12.976231575012207,25.478599548339844,65.90721130371094,93.48285675048828,559.0206909179688,86.2508316040039
2025-03-20,68.85960388183594,86.77305603027344,87.2579116821289,23.893753051757812,35.037933349609375,280.75,43.245731353759766,90.64695739746094,12.995484352111816,25.408958435058594,65.6609878540039,93.37403106689453,557.4041748046875,86.30755615234375
2025-03-21,68.51202392578125,86.17475128173828,87.2864761352539,23.884368896484375,34.97981262207031,278.489990234375,43.1213264465332,90.5706787109375,12.918474197387695,25.548240661621094,65.42463684082031,93.21574401855469,557.5880737304688,85.79676818847656
2025-03-24,68.46375274658203,88.37178802490234,87.2864761352539,23.91252326965332,35.057308197021484,277.25,43.31752395629883,90.04644775390625,12.966606140136719,26.155113220214844,66.443115234375,95.94062805175781,567.5736083984375,84.91703796386719
2025-03-25,69.09132385253906,87.9671401977539,87.2959976196289,23.950063705444336,35.289798736572266,278.4700012207031,43.70222854614258,90.19895935058594,12.976231575012207,26.324237823486328,66.52213287353516,96.4164047241211,568.93798828125,84.90758514404297
2025-03-26,68.60857391357422,87.88837432861328,87.3055191040039,23.959447860717773,34.786075592041016,278.239990234375,43.15402603149414,89.9892578125,12.966606140136719,25.733678817749023,66.13687133789062,94.39431762695312,562.1458129882812,84.34947967529297
2025-03-27,68.74374389648438,87.55364990234375,87.32457733154297,24.034109115600586,34.89263153076172,281.9700012207031,43.29828643798828,89.91300964355469,13.005110740661621,25.58429527282715,66.16651916503906,93.58150482177734,560.6529541015625,84.1035385131836
2025-03-28,68.08719635009766,85.77165985107422,87.35315704345703,23.939599990844727,34.29725646972656,284.05999755859375,42.7404670715332,90.63741302490234,12.956979751586914,24.91705322265625,64.92181396484375,91.3809814453125,549.3623657226562,85.26703643798828
2025-03-31,67.33411407470703,85.82087707519531,87.35315704345703,23.87343978881836,34.21136474609375,288.1400146484375,42.47117614746094,90.90431213378906,13.120626449584961,24.93697166442871,65.5342788696289,91.7179946899414,553.0501098632812,86.1089096069336
2025-04-01,67.34376525878906,86.15562438964844,87.3731918334961,23.920698165893555,34.492462158203125,287.57000732421875,42.817413330078125,91.22369384765625,13.139878273010254,25.136146545410156,65.3861083984375,92.3623046875,554.6121215820312,86.8551025390625
2025-04-02,67.40168762207031,87.5044174194336,87.38277435302734,23.854541778564453,34.365577697753906,288.1600036621094,43.18288040161133,91.13761901855469,13.216888427734375,25.355241775512695,65.63306427001953,93.31388092041016,558.1219482421875,86.79814147949219
2025-04-03,65.75068664550781,80.36663055419922,87.39232635498047,23.627714157104492,33.467647552490234,286.4200134277344,42.163414001464844,92.07472229003906,12.687443733215332,23.941085815429688,63.26222229003906,87.87205505371094,530.6173095703125,87.19686126708984
2025-04-04,60.77835464477539,76.79280090332031,87.42098999023438,23.344181060791016,31.535131454467773,279.7200012207031,38.83573913574219,92.33289337158203,12.215755462646484,22.47713279724121,59.52812957763672,81.59759521484375,499.5533447265625,88.14620971679688
2025-04-07,59.62940216064453,75.85750579833984,87.43053436279297,23.296926498413086,30.890958786010742,273.7099914550781,38.22021484375,91.2332534790039,12.032855987548828,22.507009506225586,59.24164962768555,82.74742889404297,498.6635437011719,85.488037109375
2025-04-08,59.793540954589844,74.00659942626953,87.44966888427734,23.259122848510742,30.217504501342773,275.20001220703125,38.17212677001953,90.7742691040039,11.753693580627441,22.178369522094727,58.5205192565918,81.93462371826172,490.8531188964844,83.87417602539062
2025-04-09,64.29277038574219,80.69151306152344,87.44966888427734,23.722227096557617,32.65754699707031,285.3800048828125,41.259368896484375,90.48738861083984,12.235008239746094,24.747753143310547,63.35112380981445,91.11335754394531,542.4021606445312,84.36783599853516
2025-04-10,63.298309326171875,76.7042007446289,87.45919799804688,23.589908599853516,31.779136657714844,292.3500061035156,40.547664642333984,89.9232177734375,12.042482376098633,23.81161880493164,61.563106536865234,87.5350341796875,518.6347045898438,82.04193878173828
2025-04-11,65.2872543334961,77.75763702392578,87.49745178222656,23.674968719482422,33.10163879394531,297.92999267578125,41.57674789428711,89.41641998291016,12.215755462646484,24.259769439697266,62.52132797241211,89.03178405761719,527.8885498046875,82.4881362915039
2025-04-14,66.27205657958984,78.38773345947266,87.49745178222656,23.571008682250977,33.51644515991211,296.2300109863281,41.77871322631836,90.13359069824219,12.196502685546875,24.419111251831055,63.114036560058594,89.42828369140625,533.0098266601562,83.07674407958984
2025-04-15,66.63894653320312,78.30897521972656,87.51654815673828,23.68442153930664,33.68236541748047,297.7799987792969,42.79817581176758,90.40132141113281,12.167624473571777,24.419111251831055,63.02513122558594,89.73555755615234,531.516845703125,83.37103271484375
2025-04-16,66.77412414550781,78.00376892089844,87.52610778808594,23.769479751586914,33.448123931884766,307.4700012207031,42.73085021972656,90.79338836669922,12.312018394470215,23.7120304107666,61.90885925292969,87.4854736328125,519.702392578125,83.83619689941406
2025-04-17,67.58514404296875,79.20488739013672,87.5643310546875,23.750579833984375,33.74092483520508,306.1199951171875,43.0578498840332,90.53520965576172,12.408281326293945,23.592525482177734,62.23484802246094,87.4854736328125,520.44384765625,83.09569549560547
2025-04-21,67.60444641113281,77.59027099609375,87.57388305664062,23.73167610168457,33.70188903808594,315.5899963378906,42.65391159057617,90.04751586914062,12.312018394470215,22.925281524658203,60.95063781738281,85.17591857910156,508.05584716796875,81.64323425292969
2025-04-22,68.63753509521484,79.49040222167969,87.57388305664062,23.892345428466797,34.15085983276367,311.1099853515625,43.46178436279297,90.11446380615234,12.340896606445312,23.56264877319336,62.57072067260742,87.61433410644531,521.2744140625,82.09893035888672
2025-04-23,68.28030395507812,80.29771423339844,87.59300994873047,23.86399269104004,34.51198196411133,303.6499938964844,43.836875915527344,90.2100830078125,12.254260063171387,24.120346069335938,63.13379669189453,89.89415740966797,529.3516845703125,82.89635467529297
2025-04-24,69.08167266845703,81.72526550292969,87.59300994873047,23.939599990844727,35.087833404541016,308.07000732421875,44.27928161621094,90.69776916503906,12.350522994995117,24.80750274658203,64.15129852294922,92.01537322998047,540.4940795898438,83.76973724365234
2025-04-25,69.32304382324219,81.42990112304688,87.6312255859375,24.05301284790039,35.097591400146484,304.7300109863281,44.61589431762695,91.04200744628906,12.379402160644531,25.175983428955078,64.42789459228516,93.1949234008789,544.3992309570312,84.38683319091797
2025-04-28,70.00855255126953,81.8138656616211,87.64079284667969,23.93014907836914,35.2244758605957,309.07000732421875,44.73130416870117,91.40536499023438,12.32164478302002,25.136146545410156,64.54642486572266,93.28414154052734,544.6068725585938,84.9184341430664
2025-04-29,70.1147689819336,82.2667465209961,87.64079284667969,23.86399269104004,35.429439544677734,306.05999755859375,45.00060272216797,91.72091674804688,12.167624473571777,25.305448532104492,65.0206069946289,93.95817565917969,548.0374755859375,85.63045501708984
2025-04-30,70.0182113647461,81.33145141601562,87.65034484863281,23.87343978881836,35.28303909301758,303.7699890136719,45.096771240234375,91.8643569946289,11.97509765625,25.315406799316406,65.34659576416016,93.74010467529297,548.2550659179688,84.93743133544922
2025-05-01,69.4871826171875,82.08953857421875,87.67141723632812,23.712772369384766,35.34159469604492,297.4599914550781,44.92366027832031,91.46430206298828,12.013603210449219,25.60421371459961,65.43550109863281,94.88992309570312,552.1405029296875,84.50677490234375
2025-05-02,70.38510131835938,84.19641876220703,87.70018768310547,23.68442153930664,36.1028938293457,297.9800109863281,45.86617660522461,90.8503189086914,12.071361541748047,25.99260711669922,66.39372253417969,96.94175720214844,560.3365478515625,83.59202575683594
2025-05-05,70.57820129394531,83.52693939208984,87.70018768310547,23.741127014160156,36.366416931152344,306.8800048828125,45.90464782714844,90.68724060058594,11.984724044799805,25.84322738647461,66.1763916015625,96.62456512451172,557.1234130859375,83.12515258789062
2025-05-06,71.22508239746094,83.11344909667969,87.71936798095703,23.98685646057129,36.21025085449219,315.4800109863281,46.0296745300293,90.91747283935547,12.157998085021973,25.594257354736328,65.80101013183594,95.71263122558594,552.4667358398438,83.40145111083984
2025-05-07,70.8099136352539,83.21189880371094,87.71936798095703,23.90179443359375,36.141929626464844,310.75,45.991207122802734,91.15730285644531,12.032855987548828,25.66396713256836,66.43323516845703,96.64439392089844,554.7901611328125,83.7540283203125
2025-05-08,70.77130126953125,85.08248138427734,87.7385482788086,23.816734313964844,36.23953628540039,304.6300048828125,45.856563568115234,90.4473876953125,12.167624473571777,25.893022537231445,66.62092590332031,97.63561248779297,558.6558227539062,82.82023620605469
2025-05-09,71.41818237304688,85.17109680175781,87.76731872558594,23.920698165893555,36.581138610839844,306.8399963378906,45.90464782714844,90.5145492553711,12.2831392288208,25.853181838989258,66.4134750366211,97.61579132080078,557.9440307617188,82.94412231445312
2025-05-12,71.55335998535156,88.30188751220703,87.76731872558594,23.797832489013672,37.00082778930664,298.19000244140625,45.673831939697266,89.93894958496094,12.360150337219238,26.91878318786621,68.22124481201172,100.98594665527344,576.3826293945312,82.17230987548828
2025-05-13,71.92024230957031,89.16826629638672,87.7864990234375,23.816734313964844,37.29363250732422,299.4599914550781,45.89503479003906,89.87178039550781,12.523797035217285,27.28725814819336,68.4385757446289,102.9188461303711,580.18896484375,81.83882904052734
2025-05-14,71.7271499633789,88.60708618164062,87.7864990234375,23.750579833984375,37.62548065185547,293.1600036621094,45.86617660522461,89.53601837158203,12.446786880493164,27.476476669311523,68.33979034423828,103.7415542602539,580.9304809570312,81.29570770263672
2025-05-15,72.09403228759766,88.89259338378906,87.79609680175781,23.8450870513916,37.71331787109375,297.8399963378906,46.472084045410156,90.12123107910156,12.32164478302002,27.40676498413086,69.08068084716797,103.6919937133789,583.7679443359375,82.01033782958984
2025-05-16,72.29679107666016,89.33562469482422,87.8344497680664,23.80728530883789,37.42051315307617,294.239990234375,46.693294525146484,90.14998626708984,12.263886451721191,27.59598159790039,69.5943603515625,104.27681732177734,587.465576171875,82.22948455810547
2025-05-19,72.89540100097656,88.73507690429688,87.8344497680664,23.83563804626465,37.59619903564453,298.0299987792969,47.231876373291016,90.1020278930664,12.225381851196289,27.6258602142334,69.8709716796875,104.32638549804688,588.108154296875,81.99128723144531
2025-05-20,73.32023620605469,88.60708618164062,87.85362243652344,23.882892608642578,37.46443557739258,303.5799865722656,47.539634704589844,89.98690032958984,12.39865493774414,27.50635528564453,69.7228012084961,103.97945404052734,586.130859375,81.40052032470703
2025-05-21,73.09815979003906,86.11624908447266,87.86321258544922,23.854541778564453,37.274112701416016,305.82000732421875,47.337669372558594,89.36333465576172,12.379402160644531,27.05820655822754,68.74481201171875,102.10604095458984,576.254150390625,80.00939178466797
2025-05-22,73.09815979003906,86.17530059814453,87.88238525390625,23.80728530883789,37.26435852050781,303.1099853515625,47.44346237182617,89.69910430908203,12.30239200592041,27.127918243408203,68.64602661132812,102.28446197509766,576.4814453125,80.42863464355469
2025-05-23,73.84159851074219,85.7618179321289,87.92073059082031,23.939599990844727,37.391239166259766,309.75,47.54925537109375,89.9581298828125,12.379402160644531,26.849069595336914,68.152099609375,101.94744110107422,572.5465698242188,80.5620346069336
2025-05-27,74.7298583984375,88.17389678955078,87.92073059082031,23.87343978881836,37.65475845336914,304.5,48.27056884765625,90.332275390625,12.2831392288208,27.486434936523438,69.4856948852539,104.35610961914062,584.4501953125,81.68637084960938
2025-05-28,74.27606964111328,87.04169464111328,87.93033599853516,23.83563804626465,37.55715560913086,303.80999755859375,47.731990814208984,90.08284759521484,12.225381851196289,27.396808624267578,69.15972137451172,103.92988586425781,581.06884765625,81.33382415771484
2025-05-29,74.56571960449219,87.28782653808594,87.93992614746094,23.87343978881836,37.46931457519531,305.6099853515625,47.75122833251953,90.45697784423828,12.167624473571777,27.476476669311523,69.26837921142578,104.30655670166016,583.362548828125,82.08656311035156
2025-05-30,74.71054077148438,86.76602172851562,87.96868133544922,23.83563804626465,36.91298294067383,303.6000061035156,47.991661071777344,90.72561645507812,12.071361541748047,27.44660186767578,69.44619750976562,104.42549896240234,582.7100830078125,82.21044158935547
2025-06-02,76.01398468017578,86.61834716796875,87.98408508300781,23.97740364074707,37.38147735595703,311.6700134277344,48.6552734375,90.4176254272461,12.32164478302002,27.6258602142334,69.65364837646484,105.49601745605469,585.9924926757812,81.44532012939453
2025-06-03,75.51190948486328,87.91792297363281,88.00331115722656,23.911245346069336,37.391239166259766,308.9100036621094,48.39559555053711,90.33098602294922,12.408281326293945,27.815078735351562,70.06854248046875,106.22952270507812,589.3341674804688,81.3018798828125
2025-06-04,75.8498306274414,87.18936157226562,88.00331115722656,24.034109115600586,37.69380187988281,310.8999938964844,48.53024673461914,90.99510955810547,12.350522994995117,27.9146671295166,70.21671295166016,106.18988037109375,589.1759033203125,82.62166595458984
2025-06-05,75.86914825439453,87.11061096191406,88.01295471191406,23.98685646057129,37.98660659790039,309.3299865722656,48.6552734375,90.7256088256836,12.408281326293945,27.695571899414062,69.96975708007812,104.83189392089844,586.3285522460938,82.6790542602539
2025-06-06,75.82087707519531,88.37079620361328,88.04181671142578,23.920698165893555,37.928043365478516,305.17999267578125,48.82838821411133,90.00373077392578,12.494916915893555,27.974422454833984,70.52294921875,105.98172760009766,592.3495483398438,81.62703704833984
2025-06-09,75.79190826416016,89.0107421875,88.0610580444336,23.93014907836914,38.18180465698242,306.6199951171875,48.54948043823242,90.1673583984375,12.504544258117676,28.014253616333008,70.11792755126953,105.96189880371094,592.8834228515625,81.7131118774414
2025-06-10,75.79190826416016,89.5817642211914,88.07068634033203,23.939599990844727,38.425811767578125,306.7099914550781,48.2032470703125,90.32135772705078,12.466038703918457,28.183555603027344,70.2957534790039,106.16014099121094,596.2449340820312,82.1339111328125
2025-06-11,75.91742706298828,89.30609893798828,88.07068634033203,24.081363677978516,38.694217681884766,308.3699951171875,48.23210144042969,90.69673919677734,12.668190956115723,28.103885650634766,70.07842254638672,106.17005920410156,594.54443359375,82.382568359375
2025-06-12,76.5836181640625,89.11903381347656,88.0802993774414,24.2042293548584,38.83574295043945,312.20001220703125,48.578330993652344,91.09136199951172,12.677817344665527,28.15367889404297,70.2364730834961,106.27909088134766,596.9072875976562,83.36764526367188
2025-06-13,76.05259704589844,87.83915710449219,88.11880493164062,24.27983856201172,38.191566467285156,316.2900085449219,47.95319366455078,90.75447845458984,13.033989906311035,27.775243759155273,69.01154327392578,105.2283935546875,590.2338256835938,82.56429290771484
2025-06-16,76.17810821533203,88.7843017578125,88.11880493164062,24.223133087158203,38.45021057128906,311.7799987792969,48.40522384643555,90.4946060180664,13.033989906311035,28.123804092407227,69.6141357421875,106.65575408935547,595.8494262695312,81.73224639892578
2025-06-17,75.69535827636719,88.05574798583984,88.1380386352539,24.242033004760742,37.84996032714844,311.94000244140625,47.80892562866211,90.93736267089844,13.293899536132812,27.884790420532227,69.04116821289062,105.80329895019531,590.7578125,82.72686004638672
2025-06-18,75.70502471923828,88.20343017578125,88.15727996826172,24.242033004760742,38.02564239501953,310.260009765625,47.86663055419922,90.99510955810547,13.346843719482422,27.844955444335938,68.44845581054688,106.25926208496094,590.6688842773438,82.8703384399414
2025-06-20,75.1257095336914,87.98683166503906,88.17652893066406,24.260936737060547,37.771881103515625,310.1300048828125,47.741600036621094,91.05286407470703,13.380535125732422,27.695571899414062,68.37931060791016,105.97181701660156,589.2816162109375,82.71729278564453
2025-06-23,75.48294830322266,88.76461029052734,88.1957778930664,24.242033004760742,37.888999938964844,311.0799865722656,48.00354766845703,91.37049102783203,12.918474197387695,28.004297256469727,69.23985290527344,107.68107604980469,595.1022338867188,82.9850845336914
2025-06-24,75.97970581054688,89.24441528320312,88.1957778930664,24.32709503173828,39.16758728027344,306.19000244140625,48.75056838989258,91.6881103515625,12.591180801391602,28.422569274902344,69.84391784667969,109.18079376220703,601.6764526367188,83.58760833740234
2025-06-25,75.80264282226562,88.51233673095703,88.20539093017578,24.345996856689453,39.20662307739258,307.1199951171875,48.605045318603516,91.72660827636719,12.562301635742188,28.540197372436523,69.27946472167969,109.20064544677734,602.0136108398438,83.69281005859375
2025-06-26,77.1601333618164,89.92703247070312,88.21501159667969,24.46885871887207,39.626312255859375,306.7799987792969,49.235652923583984,92.0538558959961,12.610433578491211,28.76947784423828,69.5864486694336,110.4917984008789,606.7236328125,84.11361694335938
2025-06-27,77.57327270507812,90.23371124267578,88.25350952148438,24.450782775878906,39.51409149169922,301.2200012207031,49.41998291015625,91.813232421875,12.543048858642578,28.92897605895996,70.12120056152344,111.07776641845703,609.738037109375,83.57804870605469
2025-06-30,77.98641967773438,90.12488555908203,88.26313018798828,24.479324340820312,39.770042419433594,304.8299865722656,49.71103286743164,92.17898559570312,12.552675247192383,29.118379592895508,70.56681823730469,111.70347595214844,612.6533813476562,84.4005355834961
2025-07-01,78.04544067382812,91.99465942382812,88.278564453125,24.498353958129883,39.70112991333008,307.54998779296875,49.25505828857422,92.00809478759766,12.6200590133667,28.82929039001465,71.00252532958984,109.98526000976562,612.455078125,84.60980987548828
2025-07-02,78.43891906738281,93.60721588134766,88.2882080078125,24.564952850341797,40.12442398071289,309.25,49.03192138671875,91.8149642944336,12.822211265563965,29.028663635253906,71.03225708007812,110.60104370117188,615.2315063476562,84.0722427368164
2025-07-03,78.88157653808594,93.9930419921875,88.33650207519531,24.51738166809082,40.449275970458984,307.1400146484375,49.21624755859375,91.49634552001953,12.822211265563965,29.327722549438477,71.4085464477539,111.74320983886719,620.0803833007812,83.48666381835938
2025-07-07,77.94707489013672,92.68716430664062,88.34616088867188,24.44127082824707,39.60268783569336,307.3699951171875,49.138633728027344,91.20667266845703,12.79333209991455,29.10841178894043,71.07185363769531,111.30621337890625,615.4595336914062,82.68990325927734
2025-07-08,78.8028793334961,93.67646026611328,88.34616088867188,24.460296630859375,39.77988052368164,304.1600036621094,49.31326675415039,91.07148742675781,12.822211265563965,29.08847427368164,70.93321990966797,110.48185729980469,615.1224365234375,82.58431243896484
2025-07-09,79.52096557617188,93.8149642944336,88.35580444335938,24.50786781311035,39.770042419433594,305.5199890136719,49.71103286743164,91.54460906982422,12.812585830688477,29.347660064697266,71.1015625,111.30621337890625,618.8110961914062,83.44827270507812
2025-07-10,79.6390151977539,94.78446960449219,88.37510681152344,24.469812393188477,39.809410095214844,306.20001220703125,49.604312896728516,91.49634552001953,12.754827499389648,29.337690353393555,71.11146545410156,111.64389038085938,620.5563354492188,83.50586700439453
2025-07-11,79.36357879638672,93.86442565917969,88.39442443847656,24.498353958129883,39.52394104003906,309.1400146484375,49.206546783447266,91.07148742675781,12.9281005859375,29.25794219970703,70.49750518798828,111.40552520751953,618.3748168945312,82.35392761230469
2025-07-14,79.44227600097656,94.0523910522461,88.4040756225586,24.460296630859375,39.415653228759766,308.010009765625,49.3714714050293,91.03286743164062,12.822211265563965,29.357629776000977,70.73516845703125,112.27953338623047,619.5547485351562,82.18114471435547
2025-07-15,78.71434783935547,91.88583374023438,88.41373443603516,24.35564613342285,39.435340881347656,306.7300109863281,48.8184814453125,90.67562103271484,12.79333209991455,29.3775634765625,70.08157348632812,111.96171569824219,616.9072875976562,81.60517120361328
2025-07-16,78.85206604003906,92.2024154663086,88.43302917480469,24.460296630859375,39.68144226074219,308.260009765625,49.19684600830078,90.92664337158203,12.822211265563965,29.477251052856445,70.3093490600586,112.11068725585938,618.9697265625,81.72036743164062
2025-07-17,78.9012451171875,93.51817321777344,88.43302917480469,24.460296630859375,39.95707702636719,307.5899963378906,49.536399841308594,90.89768981933594,12.90884780883789,29.636749267578125,70.8638916015625,112.92508697509766,622.7576293945312,81.70115661621094
2025-07-18,78.85206604003906,92.76630401611328,88.4716567993164,24.52689552307129,39.77988052368164,308.3900146484375,49.41998291015625,91.14873504638672,12.94735336303711,29.646717071533203,70.67575073242188,113.05421447753906,622.301513671875,81.82595825195312
2025-07-21,79.53079986572266,92.68716430664062,88.490966796875,24.622034072875977,40.173648834228516,313.1300048828125,49.62371826171875,91.46737670898438,12.90884780883789,29.72646713256836,70.74507141113281,113.26277923583984,623.4815063476562,82.5555191040039
2025-07-22,80.23905944824219,94.0425033569336,88.50061798095703,24.679119110107422,39.8291015625,316.1000061035156,49.740135192871094,91.72806549072266,12.899221420288086,29.59687614440918,71.00252532958984,112.09082794189453,623.5707397460938,83.0546875
2025-07-23,81.852294921875,95.5561294555664,88.51026916503906,24.736202239990234,40.4591178894043,312.17999267578125,50.37073516845703,91.39977264404297,12.870342254638672,29.84609031677246,71.77494812011719,113.58059692382812,628.8757934570312,82.59393310546875
2025-07-24,81.33094024658203,93.8149642944336,88.51026916503906,24.688631057739258,40.173648834228516,310.2699890136719,50.19611358642578,91.26461029052734,12.851090431213379,29.965713500976562,71.77494812011719,113.56072998046875,629.083984375,82.44992065429688
2025-07-25,81.10469055175781,94.13153839111328,88.53923797607422,24.669605255126953,40.15395736694336,307.3999938964844,50.205814361572266,91.4770278930664,12.72594928741455,30.11524200439453,72.21066284179688,114.24603271484375,631.741455078125,82.96829986572266
2025-07-28,79.80623626708984,94.27003479003906,88.54887390136719,24.564952850341797,39.74050521850586,305.4100036621094,49.45878601074219,91.2742691040039,12.860715866088867,30.204959869384766,71.98291015625,114.52411651611328,631.5828247070312,82.43073272705078
2025-07-29,79.76688385009766,93.65666961669922,88.55854797363281,24.545921325683594,39.7995719909668,306.25,49.720733642578125,91.87290954589844,13.02436351776123,30.04546356201172,71.77494812011719,114.12686157226562,629.9168701171875,83.82264709472656
2025-07-30,79.18651580810547,92.42005157470703,88.56819152832031,24.384187698364258,39.83894729614258,300.9599914550781,49.516998291015625,91.55427551269531,12.995484352111816,30.14514923095703,71.29961395263672,114.63336944580078,629.1236572265625,83.39067840576172
2025-07-31,78.71434783935547,91.42086791992188,88.57785034179688,24.365158081054688,39.6617546081543,302.9599914550781,49.36177062988281,91.63152313232422,12.870342254638672,30.12520980834961,70.6856460571289,114.90153503417969,626.7637329101562,83.43866729736328
2025-08-01,78.99961853027344,89.40270233154297,88.61563873291016,24.193906784057617,39.52394104003906,309.1099853515625,49.090126037597656,92.68643951416016,12.668190956115723,29.44734764099121,70.12120056152344,112.45830535888672,616.49072265625,84.62488555908203
2025-08-04,79.91443634033203,90.81739807128906,88.62532043457031,24.374671936035156,40.11458206176758,310.9100036621094,49.79834747314453,92.8123779296875,12.629685401916504,30.01555824279785,71.03225708007812,114.46453094482422,625.8612670898438,84.85613250732422
2025-08-05,80.24889373779297,91.49012756347656,88.62532043457031,24.365158081054688,40.06536102294922,311.1600036621094,49.895362854003906,92.74457550048828,12.523797035217285,29.766342163085938,70.31925201416016,113.9580078125,622.6881713867188,85.11632537841797
2025-08-06,81.08502197265625,91.65829467773438,88.6543960571289,24.393699645996094,40.32130432128906,310.5,50.399845123291016,92.67676544189453,12.494916915893555,30.12520980834961,70.87379455566406,115.59676361083984,627.457763671875,84.62488555908203
2025-08-07,81.5965347290039,91.27247619628906,88.6543960571289,24.498353958129883,40.90210723876953,313.1199951171875,50.58417510986328,92.60895538330078,12.523797035217285,30.085338592529297,70.65593719482422,115.58682250976562,626.9321899414062,84.48033905029297
2025-08-08,81.97034454345703,91.48023223876953,88.6834487915039,24.498353958129883,41.197425842285156,313.04998779296875,50.58417510986328,92.39582061767578,12.504544258117676,30.294675827026367,71.26991271972656,116.39131164550781,631.8207397460938,84.11416625976562
2025-08-11,81.7539291381836,91.2922592163086,88.69314575195312,24.469812393188477,40.971012115478516,308.54998779296875,50.54536819458008,92.42491912841797,12.552675247192383,30.234867095947266,71.06195831298828,116.25226593017578,630.5713500976562,84.21052551269531
2025-08-12,82.52120208740234,94.39865112304688,88.70283508300781,24.66008949279785,41.640411376953125,308.2699890136719,51.069252014160156,92.405517578125,12.504544258117676,30.593738555908203,71.68582916259766,117.71224975585938,637.2844848632812,83.78653717041016
2025-08-13,82.80647277832031,96.298095703125,88.71251678466797,24.793283462524414,41.85697937011719,309.2099914550781,51.272987365722656,92.7348861694336,12.475665092468262,30.62364387512207,72.24037170410156,117.05674743652344,639.4659423828125,84.48033905029297
2025-08-14,82.54088592529297,95.21976470947266,88.72220611572266,24.707658767700195,41.47306442260742,307.25,51.3700065612793,92.43457794189453,12.523797035217285,30.653549194335938,71.82447052001953,117.30503845214844,639.525390625,83.85398864746094
2025-08-15,82.96385955810547,94.210693359375,88.76094818115234,24.66008949279785,41.49275207519531,307.42999267578125,51.43791580200195,92.25052642822266,12.485291481018066,30.61367416381836,71.35903930664062,116.51049041748047,638.0281372070312,83.25654602050781
2025-08-18,82.96385955810547,94.51736450195312,88.76094818115234,24.698144912719727,41.63056945800781,306.95001220703125,51.467018127441406,92.1633529663086,12.504544258117676,30.63361167907715,71.4085464477539,116.56015014648438,637.8892822265625,83.01563262939453
2025-08-19,82.99337768554688,94.31950378417969,88.78033447265625,24.564952850341797,41.207271575927734,305.2699890136719,51.16627502441406,92.39582061767578,12.417906761169434,30.224897384643555,71.65612030029297,114.90153503417969,634.4286499023438,83.4974594116211
2025-08-20,82.9343490600586,93.89411163330078,88.79971313476562,24.536409378051758,41.049766540527344,308.3599853515625,51.36030197143555,92.53146362304688,12.543048858642578,30.025527954101562,71.70563507080078,114.7326889038086,632.742919921875,83.68053436279297
2025-08-21,83.04255676269531,94.22057342529297,88.79971313476562,24.536409378051758,40.833194732666016,307.2900085449219,51.311790466308594,92.26020812988281,12.639311790466309,29.915870666503906,71.39864349365234,114.00767517089844,630.2044677734375,83.26618194580078
2025-08-22,84.7541732788086,97.96011352539062,88.82876586914062,24.888425827026367,41.502593994140625,310.5799865722656,51.88418960571289,92.77362823486328,12.668190956115723,30.394365310668945,72.0027084350586,115.71595001220703,639.8824462890625,83.8829116821289
2025-08-25,84.18363189697266,97.51493072509766,88.83846282958984,24.774259567260742,41.325401306152344,309.8299865722656,51.282691955566406,92.58956909179688,12.72594928741455,30.34452247619629,71.4085464477539,115.44778442382812,637.0662231445312,83.64198303222656
2025-08-26,84.38036346435547,98.10851287841797,88.84815216064453,24.745716094970703,41.315555572509766,312.0799865722656,51.389408111572266,92.83175659179688,12.639311790466309,30.50402069091797,71.65612030029297,116.52042388916016,639.733642578125,83.59381866455078
2025-08-27,84.2623291015625,99.15717315673828,88.85781860351562,24.736202239990234,41.315555572509766,312.7099914550781,51.29239273071289,93.00613403320312,12.648938179016113,30.563831329345703,71.82447052001953,116.48070526123047,641.1912841796875,83.4974594116211
2025-08-28,84.43937683105469,98.97909545898438,88.8675308227539,24.821826934814453,41.49275207519531,315.0299987792969,51.44761657714844,93.21924591064453,12.735574722290039,30.763206481933594,71.91358947753906,116.99715423583984,643.4619750976562,84.04669952392578
2025-08-29,84.38036346435547,98.7812271118164,88.90625762939453,24.688631057739258,41.039920806884766,318.07000732421875,51.25358963012695,93.14173889160156,12.754827499389648,30.424270629882812,71.68582916259766,115.6861572265625,639.6245727539062,83.44927215576172
2025-09-02,83.79015350341797,98.41519927978516,88.92767333984375,24.755229949951172,40.862728118896484,325.5899963378906,50.7588005065918,92.86378479003906,12.956979751586914,30.17505645751953,71.11146545410156,114.77242279052734,634.884765625,82.82826232910156
2025-09-03,83.89836120605469,98.05905151367188,88.93738555908203,24.85036849975586,41.256492614746094,328.1400146484375,50.76850509643555,93.18449401855469,12.83183765411377,30.46414566040039,71.21049499511719,114.80220794677734,638.3255615234375,83.73751831054688
2025-09-04,84.213134765625,99.83978271484375,88.95683288574219,25.002592086791992,41.48290252685547,326.69000244140625,51.34090042114258,93.60242462158203,12.745201110839844,30.73329734802246,71.67591857910156,116.53035736083984,643.6602783203125,84.37593841552734
2025-09-05,84.89188385009766,99.85956573486328,88.98600769042969,25.08821678161621,41.916046142578125,331.04998779296875,51.36030197143555,94.0592041015625,12.629685401916504,30.703392028808594,71.58679962158203,116.25226593017578,641.796142578125,85.66240692138672
2025-09-08,86.0034408569336,99.76062774658203,88.9957046508789,25.297521591186523,41.99479675292969,334.82000732421875,51.74836730957031,94.35077667236328,12.72594928741455,30.89279556274414,71.68582916259766,116.91770935058594,643.3727416992188,86.80379486083984
2025-09-09,85.69850158691406,98.73177337646484,89.00543212890625,25.326065063476562,42.073551177978516,334.05999755859375,51.680458068847656,94.12723541259766,12.754827499389648,31.002452850341797,71.50757598876953,117.66259002685547,644.8601684570312,86.31048583984375
2025-09-10,85.80670928955078,98.96920013427734,89.01515197753906,25.449745178222656,42.51652908325195,335.260009765625,51.816280364990234,94.37992858886719,12.851090431213379,31.012420654296875,71.3491439819336,118.68556213378906,646.724365234375,86.80379486083984
2025-09-11,86.74120330810547,100.58174896240234,89.02488708496094,25.640024185180664,43.25483322143555,334.760009765625,52.33046340942383,94.52571868896484,12.745201110839844,31.221763610839844,72.21066284179688,119.31127166748047,652.0988159179688,87.3841781616211
2025-09-12,86.39691925048828,99.06813049316406,89.05404663085938,25.630510330200195,43.16624069213867,335.4200134277344,52.14613342285156,94.25357818603516,12.812585830688477,31.3314151763916,71.78484344482422,119.65888977050781,651.880615234375,87.00691986083984
2025-09-15,87.02647399902344,99.4539566040039,89.06375885009766,25.83981704711914,43.53047561645508,338.9100036621094,52.39836883544922,94.4090805053711,12.94735336303711,31.610536575317383,71.8343734741211,120.30445861816406,655.3511352539062,87.2100601196289
2025-09-16,87.12483978271484,99.20662689208984,89.073486328125,25.792245864868164,43.83563995361328,339.5899963378906,52.15583419799805,94.46739959716797,13.072494506835938,31.58063316345215,71.85417175292969,120.24486541748047,654.4488525390625,87.39382934570312
2025-09-17,86.63299560546875,99.30555725097656,89.08321380615234,25.754192352294922,43.64860153198242,336.9700012207031,51.93269348144531,94.26329040527344,12.956979751586914,31.451038360595703,72.15126037597656,119.85752868652344,653.6357421875,87.1713638305664
2025-09-18,86.75104522705078,101.02693939208984,89.09293365478516,25.830303192138672,43.93408203125,335.6199951171875,52.10732650756836,93.95230102539062,12.87515640258789,31.630477905273438,72.39881896972656,120.62227630615234,656.6898193359375,86.27178955078125
2025-09-19,86.39691925048828,99.63201904296875,89.13182067871094,25.83981704711914,43.678131103515625,339.17999267578125,52.078224182128906,93.91341400146484,12.764453887939453,31.889659881591797,72.66619110107422,121.09900665283203,659.9423217773438,86.10734558105469
2025-09-22,87.046142578125,99.47373962402344,89.14154815673828,25.944469451904297,44.190025329589844,345.04998779296875,52.12007522583008,93.75791931152344,12.754827499389648,32.08903503417969,73.09229278564453,121.47900390625,663.0645141601562,85.79783630371094
2025-09-23,87.0658187866211,99.75895690917969,89.14154815673828,25.97300910949707,44.406593322753906,346.4599914550781,51.84755325317383,94.02033233642578,12.889595985412598,31.760066986083984,72.78438568115234,120.9716796875,659.4551391601562,86.39753723144531
2025-09-24,86.58381652832031,99.5602035522461,89.1609878540039,25.93495750427246,43.94392395019531,343.32000732421875,51.75995635986328,93.76763916015625,12.976231575012207,31.620376586914062,72.47649383544922,120.26541137695312,657.3569946289062,86.06866455078125
2025-09-25,86.1510009765625,98.82478332519531,89.1609878540039,25.92544174194336,43.46156692504883,344.75,51.47769546508789,93.56354522705078,13.072494506835938,31.43079376220703,71.91034698486328,119.67850494384766,654.3242797851562,86.06866455078125
2025-09-26,86.88876342773438,99.92790985107422,89.19014739990234,25.982524871826172,43.44187545776367,346.739990234375,51.98381423950195,93.51493835449219,13.082120895385742,31.570484161376953,72.23811340332031,119.94709014892578,658.072998046875,85.99129486083984
2025-09-29,87.4297866821289,99.18255615234375,89.19988250732422,26.08867835998535,43.605098724365234,352.4599914550781,52.23686981201172,93.78707885742188,12.976231575012207,31.71017837524414,72.43675994873047,120.07640075683594,659.9224243164062,86.6973876953125
2025-09-30,87.57733917236328,98.91422271728516,89.19988250732422,26.117366790771484,43.83262252807617,355.4700012207031,52.5483283996582,93.74821472167969,12.9281005859375,31.839893341064453,72.79431915283203,120.42456817626953,662.4082641601562,86.44590759277344
2025-10-01,87.52815246582031,99.30180358886719,89.22036743164062,26.213001251220703,44.267879486083984,356.0299987792969,52.67485427856445,94.06404876708984,12.90884780883789,32.01949691772461,73.24127960205078,119.92719268798828,664.6654663085938,86.66915130615234
2025-10-02,87.65603637695312,99.21237182617188,89.2301254272461,26.25125503540039,44.475616455078125,354.7900085449219,52.70405578613281,94.16154479980469,12.802959442138672,32.10929870605469,73.4697265625,120.14604187011719,665.4309692382812,86.92152404785156
2025-10-03,88.57086181640625,100.0372314453125,89.2496337890625,26.356449127197266,44.65367889404297,357.6400146484375,52.898712158203125,93.97632598876953,12.851090431213379,32.01949691772461,73.44985961914062,119.45965576171875,665.421142578125,86.75651550292969
2025-10-06,88.78726959228516,99.90803527832031,89.26913452148438,26.87286949157715,44.73281478881836,364.3800048828125,52.762451171875,93.70335388183594,12.985857963562012,32.26894760131836,73.49951934814453,119.77798461914062,667.8074951171875,86.06735229492188
2025-10-07,88.15771484375,98.70551300048828,89.26913452148438,26.930248260498047,44.475616455078125,366.260009765625,52.392601013183594,93.93732452392578,13.02436351776123,32.09931945800781,73.18168640136719,119.8376693725586,665.3316040039062,86.5623779296875
2025-10-08,88.462646484375,99.25212097167969,89.28865814208984,27.274526596069336,45.113670349121094,372.29998779296875,52.82085037231445,93.95681762695312,13.053242683410645,32.448551177978516,73.36046600341797,120.7926254272461,669.2990112304688,86.63032531738281
2025-10-09,87.87244415283203,98.03966522216797,89.28865814208984,26.958938598632812,44.683353424072266,365.42999267578125,52.197940826416016,93.88858795166016,12.937726020812988,32.42859649658203,73.02275848388672,121.16068267822266,667.3600463867188,86.5623779296875
2025-10-10,85.94442749023438,94.60107421875,89.32767486572266,25.993045806884766,43.417144775390625,369.1199951171875,51.45823287963867,94.47349548339844,12.668190956115723,31.340991973876953,71.72162628173828,117.87800598144531,649.32275390625,87.96012878417969
2025-10-13,86.97728729248047,96.93653106689453,89.3374252319336,26.748544692993164,44.614105224609375,378.0899963378906,51.828086853027344,94.5222396850586,12.817398071289062,31.969608306884766,72.49635314941406,120.53398895263672,659.2860107421875,87.91158294677734
2025-10-14,87.15435028076172,98.5465087890625,89.3374252319336,26.786800384521484,44.41626739501953,380.7900085449219,52.042213439941406,94.76595306396484,12.677817344665527,31.7002010345459,73.01283264160156,119.91724395751953,658.4805908203125,88.19307708740234
2025-10-15,87.82325744628906,98.57632446289062,89.34718322753906,26.968503952026367,45.316463470458984,387.3900146484375,51.79888916015625,94.6587142944336,12.71632194519043,31.85984992980957,72.99296569824219,120.55388641357422,661.4039916992188,87.99893951416016
2025-10-16,87.8921127319336,96.48931121826172,89.35693359375,27.140640258789062,45.781394958496094,396.45001220703125,51.80862045288086,95.09740447998047,12.69706916809082,31.67026710510254,72.53607940673828,119.59892272949219,656.899658203125,88.65897369384766
2025-10-17,87.4297866821289,96.4594955444336,89.3764419555664,26.987627029418945,45.92978286743164,388.989990234375,51.39983367919922,94.9414291381836,12.69706916809082,31.849870681762695,73.00289916992188,119.78792572021484,660.62841796875,88.52308654785156
2025-10-20,88.17738342285156,97.94029235839844,89.39595794677734,27.44666862487793,46.51837158203125,403.1499938964844,51.95461654663086,95.06815338134766,12.822211265563965,32.25897216796875,73.72796630859375,120.60362243652344,667.499267578125,88.86282348632812
2025-10-21,86.73136901855469,98.16885375976562,89.39595794677734,27.188457489013672,45.91988754272461,377.239990234375,51.48743438720703,95.24362182617188,12.69706916809082,32.25897216796875,74.2047119140625,120.10624694824219,667.4892578125,89.29962158203125
2025-10-22,87.22321319580078,97.57257080078125,89.41548156738281,27.11195182800293,45.95945358276367,377.2799987792969,51.47769546508789,95.26313018798828,12.889595985412598,31.999540328979492,73.38032531738281,118.8429183959961,664.0191040039062,89.35784149169922
2025-10-23,88.50199890136719,98.6458969116211,89.42522430419922,27.140640258789062,46.28590393066406,378.7900085449219,51.84755325317383,94.95117950439453,13.072494506835938,32.26894760131836,74.00607299804688,119.70834350585938,667.9566650390625,88.74635314941406
2025-10-24,88.85612487792969,99.29187774658203,89.45448303222656,27.255399703979492,46.65191650390625,377.5199890136719,52.06167984008789,95.03890228271484,13.091747283935547,32.6181755065918,74.04580688476562,121.07115173339844,673.4155883789062,88.78516387939453
2025-10-27,89.35780334472656,99.1924819946289,89.45448303222656,27.322343826293945,47.17620086669922,367.010009765625,52.392601013183594,95.03890228271484,13.082120895385742,33.1569938659668,74.49275970458984,122.3543930053711,681.3603515625,89.08606719970703
2025-10-28,88.5118408203125,98.71546173095703,89.46424102783203,27.23627471923828,47.43340301513672,364.3800048828125,52.69432067871094,95.12666320800781,12.937726020812988,33.42639923095703,74.07559967041016,122.79207611083984,683.1700439453125,89.31902313232422
2025-10-29,88.03966522216797,97.68189239501953,89.4935073852539,27.140640258789062,47.8686637878418,363.0,52.60672378540039,94.51248168945312,12.995484352111816,33.6159782409668,73.64851379394531,123.52819061279297,683.4981689453125,88.41631317138672
2025-10-30,88.32493591308594,96.7178955078125,89.4935073852539,27.169330596923828,47.591678619384766,370.1300048828125,52.519126892089844,94.37600708007812,13.033989906311035,33.10710144042969,73.6286392211914,121.16068267822266,675.98095703125,87.9018783569336
2025-10-31,87.75439453125,97.1949234008789,89.51302337646484,27.131078720092773,47.759849548339844,368.1199951171875,52.470462799072266,94.41499328613281,13.072494506835938,33.306663513183594,73.55911254882812,121.06120300292969,678.1983642578125,87.63980102539062
2025-11-03,87.71504974365234,97.21479797363281,89.52574157714844,27.178895950317383,48.66993713378906,368.7799987792969,52.69432067871094,94.37002563476562,13.207262992858887,33.44635772705078,73.29094696044922,121.011474609375,679.4711303710938,87.42061614990234
2025-11-04,86.41658782958984,95.98247528076172,89.53553009033203,26.81549072265625,46.97835922241211,362.32000732421875,52.03247833251953,94.48737335205078,13.091747283935547,32.84767532348633,72.7645263671875,118.83296203613281,671.4169921875,87.6154556274414
2025-11-05,86.81990051269531,97.2048568725586,89.5453109741211,26.958938598632812,47.69060134887695,366.510009765625,52.470462799072266,94.03752899169922,13.072494506835938,32.92749786376953,73.2214126586914,119.1413345336914,673.7437133789062,86.66078186035156
2025-11-06,86.77071380615234,96.33030700683594,89.55509948730469,26.844179153442383,46.988250732421875,366.07000732421875,52.38286590576172,94.51670837402344,13.091747283935547,32.35874938964844,72.68506622314453,117.51988983154297,666.514892578125,87.44010162353516
2025-11-07,87.15435028076172,97.13529205322266,89.58447265625,26.920684814453125,46.869544982910156,368.30999755859375,52.480194091796875,94.55582427978516,13.120626449584961,32.288902282714844,72.95323944091797,117.90785217285156,667.1710815429688,87.25502014160156
2025-11-10,88.36428833007812,97.88065338134766,89.60404205322266,27.226709365844727,47.73017120361328,378.3800048828125,53.33669662475586,94.42869567871094,13.265020370483398,32.99734115600586,73.33067321777344,120.14604187011719,677.5819091796875,87.23552703857422
2025-11-11,88.52166748046875,98.37755584716797,89.59425354003906,27.398849487304688,47.8192024230957,379.8699951171875,53.4145622253418,94.7220687866211,13.34203052520752,32.967411041259766,73.72796630859375,119.65860748291016,679.1329956054688,87.63494110107422
2025-11-12,89.43649291992188,98.63595581054688,89.60404205322266,27.64749526977539,48.00715637207031,385.989990234375,53.87200927734375,94.74162292480469,13.178383827209473,32.92749786376953,73.89682006835938,119.70834350585938,679.5108642578125,87.79080200195312
2025-11-13,88.67906188964844,97.10547637939453,89.61382293701172,27.35103416442871,47.195987701416016,382.8699951171875,53.29776382446289,94.46781158447266,13.130252838134766,32.17914581298828,73.14195251464844,117.06230926513672,668.2350463867188,87.06993103027344
2025-11-14,88.71841430664062,96.98622131347656,89.65298461914062,27.169330596923828,47.07233428955078,375.9599914550781,52.87924575805664,94.31135559082031,13.149504661560059,32.189125061035156,72.95323944091797,117.2115249633789,668.125732421875,86.57310485839844
2025-11-17,87.99048614501953,94.55138397216797,89.65298461914062,27.11195182800293,46.82997512817383,371.6499938964844,52.4023323059082,94.41893005371094,13.130252838134766,31.909738540649414,72.1089859008789,115.86861419677734,661.901123046875,86.78741455078125
2025-11-18,86.9576187133789,95.03834533691406,89.67256164550781,27.092824935913086,46.36503982543945,374.3500061035156,51.84755325317383,94.57537841796875,13.245768547058105,31.510618209838867,71.77128601074219,115.23196411132812,656.3428344726562,86.75818634033203
2025-11-19,87.12483978271484,94.79983520507812,89.67256164550781,27.255399703979492,46.4194450378418,374.9599914550781,51.60422897338867,94.5069351196289,13.111000061035156,31.71017837524414,72.1189193725586,116.09740447998047,658.87841796875,86.58284759521484
2025-11-20,86.08214569091797,93.34886169433594,89.69212341308594,27.264965057373047,45.62311935424805,374.8500061035156,51.00078201293945,94.73184967041016,12.985857963562012,31.101518630981445,71.15547943115234,113.81941986083984,648.8355712890625,86.9238052368164
2025-11-21,86.9477767944336,96.23092651367188,89.71171569824219,27.226709365844727,45.81107711791992,374.2699890136719,51.24410629272461,95.04480743408203,12.918474197387695,31.30108070373535,72.33743286132812,113.70005798339844,655.2987670898438,87.18682861328125
2025-11-24,87.69537353515625,96.97628784179688,89.71171569824219,27.44666862487793,46.345252990722656,380.20001220703125,51.29277420043945,95.19147491455078,12.966606140136719,32.059410095214844,72.53607940673828,116.3261947631836,664.9437866210938,87.68364715576172
2025-11-25,88.8462905883789,99.57013702392578,89.73128509521484,27.51361083984375,46.67169952392578,380.0799865722656,52.10060501098633,95.43595123291016,12.90884780883789,32.33879470825195,73.50945281982422,117.30105590820312,671.1981811523438,87.9076919555664
2025-11-26,89.94801330566406,100.30555725097656,89.7410659790039,27.666622161865234,47.48286437988281,383.1199951171875,52.81111526489258,95.51419067382812,13.082120895385742,32.558311462402344,73.876953125,118.65391540527344,675.8318481445312,88.29736328125
2025-11-28,91.17761993408203,100.50431823730469,89.77043151855469,27.64749526977539,47.591678619384766,387.8800048828125,53.083641052246094,95.34794616699219,13.236141204833984,32.727935791015625,74.21464538574219,119.48950958251953,679.5208129882812,87.87846374511719
2025-12-01,90.71528625488281,100.494384765625,89.7812271118164,27.417978286743164,47.532325744628906,389.75,52.53859329223633,94.8359603881836,13.245768547058105,32.5882453918457,73.78755950927734,118.30574798583984,676.4185180664062,86.78450012207031
2025-12-02,90.46936798095703,100.42481994628906,89.81068420410156,27.494482040405273,48.00715637207031,387.239990234375,53.06417465209961,94.91442108154297,13.188010215759277,32.70798110961914,74.01599884033203,118.5345458984375,677.67138671875,86.82360076904297
2025-12-03,91.1087646484375,102.35281372070312,89.82049560546875,27.51361083984375,48.20499801635742,386.8800048828125,53.083641052246094,95.11060333251953,13.245768547058105,32.76784896850586,74.3934326171875,118.83296203613281,680.0180053710938,87.06800842285156
2025-12-04,91.1972885131836,102.322998046875,89.83030700683594,27.40841293334961,48.22972869873047,387.1300048828125,53.36589813232422,94.81632995605469,13.284273147583008,32.8177375793457,74.24445343017578,119.86750793457031,680.51513671875,86.59874725341797
2025-12-05,91.53175354003906,102.26337432861328,89.8499526977539,27.427539825439453,48.254459381103516,386.44000244140625,53.32696533203125,94.62018585205078,13.370909690856934,32.91752243041992,74.42323303222656,120.2156753540039,681.8078002929688,86.19791412353516
2025-12-08,91.38418579101562,101.82608795166016,89.85977172851562,27.40841293334961,48.48198318481445,385.4200134277344,53.463226318359375,94.42401123046875,13.207262992858887,32.83769607543945,73.98619842529297,120.36488342285156,679.7594604492188,85.9144058227539
2025-12-09,91.18745422363281,102.23355865478516,89.87940979003906,27.57098960876465,48.76885986328125,387.3999938964844,53.56055450439453,94.28670501708984,13.168758392333984,32.84767532348633,73.94647216796875,120.08635711669922,679.1727294921875,86.00239562988281
2025-12-10,91.90554809570312,104.66839599609375,89.87940979003906,27.676185607910156,49.40196228027344,389.04998779296875,54.34892654418945,94.59075164794922,13.265020370483398,32.93955993652344,74.89005279541016,120.89210510253906,683.6771850585938,86.33478546142578
2025-12-11,92.4072265625,105.59264373779297,89.88922119140625,27.762256622314453,49.27336883544922,393.239990234375,54.679847717285156,94.60054779052734,13.25539493560791,32.989498138427734,75.7442398071289,121.14079284667969,685.26806640625,86.21748352050781
2025-12-12,92.10227966308594,104.45970153808594,89.92849731445312,27.70487403869629,48.8776741027832,395.44000244140625,54.32946014404297,94.34555053710938,13.120626449584961,32.460147857666016,75.42640686035156,118.474853515625,677.9000244140625,85.386474609375
2025-12-15,92.3777084350586,104.39012908935547,89.92849731445312,27.666622161865234,48.8974609375,395.79998779296875,54.54358673095703,94.42401123046875,13.062868118286133,32.29035949707031,75.3667984008789,118.05706024169922,676.8758544921875,85.44513702392578
2025-12-16,91.91126251220703,103.26403045654297,89.93831634521484,27.58055305480957,48.45230484008789,395.8900146484375,54.34892654418945,94.68883514404297,12.937726020812988,32.36027145385742,75.02910614013672,118.07695770263672,675.0264282226562,85.9144058227539
2025-12-17,91.5117416381836,103.27400207519531,89.94812774658203,27.63793182373047,47.93790817260742,399.2900085449219,54.115333557128906,94.6692123413086,13.091747283935547,31.76100730895996,74.32390594482422,115.91834259033203,667.5986938476562,85.83619689941406
2025-12-18,92.05110168457031,103.51338958740234,89.96290588378906,27.676185607910156,48.77875518798828,398.57000732421875,54.69931411743164,94.91442108154297,13.014737129211426,32.170501708984375,74.77085876464844,117.08220672607422,672.6399536132812,86.24679565429688
2025-12-19,92.71031951904297,103.51338958740234,89.99249267578125,28.020463943481445,49.12498092651367,399.0199890136719,55.20542907714844,94.70088195800781,13.111000061035156,32.589988708496094,75.1582260131836,118.90260314941406,678.7363891601562,85.92489624023438
2025-12-22,93.72911071777344,103.96223449707031,89.99249267578125,28.125659942626953,49.50088882446289,408.2300109863281,55.3506965637207,94.60248565673828,13.270000457763672,32.78974533081055,75.6324234008789,119.89080810546875,682.96484375,85.73841857910156
2025-12-23,94.30842590332031,103.46351623535156,89.99249267578125,28.183040618896484,49.82849884033203,413.6400146484375,55.679039001464844,94.5631332397461,13.399999618530273,32.989498138427734,75.69219970703125,120.6386947631836,686.0863037109375,85.87581634521484
2025-12-24,94.42828369140625,103.55328369140625,90.02204895019531,28.15435028076172,50.08241653442383,411.92999267578125,55.818336486816406,94.80912780761719,13.420000076293945,33.069400787353516,76.05082702636719,121.10736083984375,688.4996948242188,86.39598083496094
2025-12-26,94.31841278076172,103.42362213134766,90.05162811279297,28.33605194091797,50.77448272705078,416.739990234375,55.738739013671875,94.89768981933594,13.449999809265137,33.0494270324707,76.0408706665039,121.03755950927734,688.4298706054688,86.11136627197266
2025-12-29,94.17858123779297,102.9249038696289,90.05162811279297,28.001338958740234,50.963680267333984,398.6000061035156,55.39049530029297,95.03546142578125,13.34000015258789,32.88962173461914,75.74200439453125,120.2896728515625,685.9765625,86.43523406982422
2025-12-30,94.32840728759766,102.64562225341797,90.06148529052734,28.029226303100586,51.23253631591797,398.8900146484375,55.55964279174805,94.93704986572266,13.420000076293945,32.839683532714844,75.4531021118164,120.01046752929688,685.138916015625,86.22913360595703
2025-12-31,93.85896301269531,101.718017578125,90.07133483886719,27.949542999267578,51.05329895019531,396.30999755859375,55.29099655151367,94.62217712402344,13.25,32.58000183105469,74.7657241821289,118.9833755493164,680.062744140625,85.54212951660156
2026-01-02,94.69796752929688,102.85508728027344,90.11077117919922,28.039188385009766,52.38763427734375,398.2799987792969,55.96758270263672,94.54344177246094,13.279999732971191,32.460147857666016,75.12435913085938,119.33238220214844,681.309326171875,85.41454315185547
2026-01-05,95.68679809570312,104.39112854003906,90.11077117919922,28.248361587524414,53.234039306640625,408.760009765625,56.69391632080078,94.82881164550781,13.529999732971191,32.68986511230469,75.96117401123047,120.08026885986328,685.846923828125,85.83655548095703
2026-01-06,95.97644805908203,105.8772964477539,90.1206283569336,28.328046798706055,54.09040451049805,413.17999267578125,56.564571380615234,94.75994110107422,13.539999961853027,32.79973220825195,76.96735382080078,120.70849609375,689.92578125,85.65990447998047
2026-01-07,96.0963134765625,104.89981079101562,90.14032745361328,28.21847915649414,54.050575256347656,409.2300109863281,56.22627639770508,94.93704986572266,13.40999984741211,32.87963104248047,76.14049530029297,119.85092163085938,687.701904296875,86.16043853759766
2026-01-08,96.3759765625,106.8747329711914,90.14032745361328,28.168676376342773,53.73192596435547,411.489990234375,56.49492263793945,94.65169525146484,13.5600004196167,32.6499137878418,76.18034362792969,118.68421936035156,687.632080078125,85.72859954833984
2026-01-09,97.07515716552734,107.05426788330078,90.16004180908203,28.38780975341797,54.33934783935547,414.4700012207031,56.49492263793945,94.75994110107422,13.5600004196167,32.81970977783203,77.0570068359375,119.69136810302734,692.1796264648438,86.29783630371094
2026-01-12,97.87420654296875,106.5854721069336,90.16990661621094,28.736433029174805,54.687870025634766,422.2300109863281,56.962562561035156,94.641845703125,13.760000228881836,32.86964416503906,77.33594512939453,120.130126953125,693.2666625976562,86.04266357421875
2026-01-13,97.44471740722656,106.7650146484375,90.17974853515625,28.696590423583984,54.30449676513672,421.6300048828125,56.77351760864258,94.75994110107422,13.859999656677246,32.75978088378906,76.99723815917969,119.79108428955078,691.8804931640625,86.18987274169922
2026-01-14,98.27373504638672,107.30362701416016,90.18962097167969,28.79619598388672,54.727699279785156,425.94000244140625,56.833213806152344,94.95672607421875,13.880000114440918,32.390235900878906,76.8577651977539,118.57453155517578,688.479736328125,86.6904067993164
2026-01-15,98.27373504638672,108.62023162841797,90.18962097167969,28.74639320373535,55.18575668334961,423.3299865722656,56.78346633911133,94.75994110107422,13.770000457763672,32.40022277832031,77.27617645263672,119.38224792480469,690.3546142578125,86.6707763671875
2026-01-16,98.8530502319336,108.23123931884766,90.22904968261719,28.596982955932617,55.48448944091797,421.2900085449219,56.952613830566406,94.39584350585938,13.729999542236328,32.32032012939453,77.19647216796875,119.66145324707031,689.7761840820312,86.17025756835938
2026-01-20,98.17385864257812,106.59545135498047,90.22904968261719,28.646787643432617,54.777488708496094,437.2300109863281,56.41532516479492,94.02193450927734,13.930000305175781,31.551265716552734,76.13053131103516,116.64997863769531,675.7345581054688,85.0416030883789
2026-01-21,99.5322494506836,109.81714630126953,90.23890686035156,29.07509422302246,55.962459564208984,443.6000061035156,56.564571380615234,94.26792907714844,14.079999923706055,31.860883712768555,76.93746948242188,117.31808471679688,683.5332641601562,85.68933868408203
2026-01-22,100.78076934814453,109.97674560546875,90.24874877929688,29.373912811279297,56.848697662353516,451.7900085449219,56.892913818359375,94.25808715820312,14.09000015258789,32.140541076660156,76.70833587646484,117.60726928710938,687.103515625,86.06229400634766
2026-01-23,101.75961303710938,108.21128845214844,90.2783203125,29.244426727294922,57.32666778564453,458.0,57.18145751953125,94.41551971435547,14.34000015258789,32.270381927490234,76.53897857666016,117.58731842041016,687.352783203125,86.29783630371094
2026-01-26,102.19908905029297,108.21128845214844,90.2783203125,29.184659957885742,57.64531707763672,464.70001220703125,57.50979995727539,94.55329132080078,14.420000076293945,32.420196533203125,77.0072021484375,118.49475860595703,690.84326171875,86.71003723144531
2026-01-27,103.7672348022461,108.50054168701172,90.2881851196289,29.752418518066406,59.243534088134766,476.1000061035156,58.50477981567383,94.44506072998047,14.619999885559082,32.520076751708984,77.50531005859375,119.27255249023438,693.5957641601562,86.17025756835938
2026-01-28,103.23786163330078,108.01180267333984,90.29804992675781,29.951629638671875,59.52732849121094,494.55999755859375,57.99734115600586,94.36632537841797,14.819999694824219,32.45016098022461,77.4853744506836,118.84376525878906,693.5259399414062,85.97396087646484
2026-01-29,103.82716369628906,109.46804809570312,90.3177490234375,30.07115936279297,58.909950256347656,495.8999938964844,58.295833587646484,94.4647216796875,15.020000457763672,32.200469970703125,78.17276763916016,120.17998504638672,692.1497192382812,85.99359893798828
2026-01-30,101.0005111694336,108.9892807006836,90.33747863769531,29.07509422302246,57.61544418334961,444.95001220703125,57.489898681640625,94.40569305419922,14.520000457763672,31.96076202392578,77.09685516357422,119.53182220458984,690.0853271484375,85.51268005371094
2026-02-02,100.87065887451172,110.45550537109375,90.35131072998047,28.95556640625,57.98387908935547,427.1300048828125,58.057037353515625,94.2200927734375,13.970000267028809,32.03067398071289,78.34211730957031,119.9306869506836,693.5159912109375,85.26836395263672
2026-02-03,102.478759765625,111.53273010253906,90.35131072998047,29.48348045349121,58.929866790771484,454.2900085449219,58.295833587646484,94.3089370727539,14.329999923706055,31.40144920349121,78.12295532226562,119.18280792236328,687.6520385742188,85.47525787353516
2026-02-04,103.26782989501953,112.85931396484375,90.37108612060547,29.56316566467285,57.83451461791992,453.9700012207031,57.97744369506836,94.28919219970703,14.359999656677246,31.041889190673828,77.8440170288086,116.69983673095703,684.3211059570312,85.25850677490234
2026-02-05,101.21026611328125,111.67237091064453,90.37108612060547,29.08505630493164,57.35654067993164,441.8800048828125,56.833213806152344,94.842041015625,14.119999885559082,30.422649383544922,77.6148910522461,115.69268035888672,675.7744750976562,86.18458557128906
2026-02-06,103.78721618652344,114.89407348632812,90.40074920654297,30.041275024414062,58.730709075927734,455.4599914550781,58.106788635253906,94.842041015625,14.260000228881836,31.071853637695312,79.55750274658203,119.50189971923828,688.739013671875,86.24369812011719
2026-02-09,106.22432708740234,114.91402435302734,90.40074920654297,30.499465942382812,59.786231994628906,467.0299987792969,59.101768493652344,94.86177825927734,14.399999618530273,31.381473541259766,79.47779846191406,121.14724731445312,692.0599975585938,86.2239990234375
2026-02-10,107.33301544189453,114.19586944580078,90.41062927246094,30.399858474731445,59.238555908203125,462.3999938964844,58.88287353515625,95.27641296386719,14.34000015258789,31.24164581298828,79.22875213623047,120.43925476074219,690.2349243164062,87.21903991699219
2026-02-11,107.88236999511719,114.96389770507812,90.4303970336914,30.509424209594727,60.57289123535156,467.6300048828125,58.88287353515625,95.0098648071289,14.489999771118164,31.091827392578125,79.9659423828125,120.24978637695312,690.075439453125,86.75598907470703
2026-02-12,107.19318389892578,113.09870147705078,90.4303970336914,30.041275024414062,60.03517532348633,451.3900146484375,58.07693862915039,95.59232330322266,14.15999984741211,30.47258949279785,78.4317855834961,117.93633270263672,679.41455078125,87.90867614746094
2026-02-13,107.53278350830078,114.60482025146484,90.4699478149414,30.260408401489258,60.144710540771484,462.6199951171875,58.057037353515625,95.96746063232422,14.170000076293945,30.39268684387207,79.08927917480469,117.91638946533203,679.8931884765625,88.39142608642578
2026-02-17,107.26309967041016,114.36544036865234,90.4798355102539,30.06119728088379,59.55720520019531,448.20001220703125,58.50477981567383,95.95759582519531,14.029999732971191,30.492565155029297,79.36821746826172,118.52467346191406,680.9901733398438,88.53919982910156
2026-02-18,107.56275177001953,114.88410186767578,90.48971557617188,30.42974090576172,59.806148529052734,458.2799987792969,58.922672271728516,95.76014709472656,14.40999984741211,30.67234230041504,79.65711975097656,118.99334716796875,684.4208374023438,88.20423126220703
2026-02-19,107.7225570678711,114.68461608886719,90.48971557617188,30.489505767822266,59.79618835449219,459.55999755859375,58.853023529052734,95.84899139404297,14.529999732971191,30.612417221069336,79.44791412353516,119.05317687988281,682.61572265625,88.29289245605469
2026-02-20,108.56156921386719,115.24317932128906,90.51937866210938,30.848087310791016,61.050865173339844,468.6199951171875,59.59925842285156,95.84899139404297,14.640000343322754,30.872098922729492,80.10542297363281,119.62156677246094,687.5523071289062,88.08601379394531
2026-02-23,108.45169830322266,112.5600814819336,90.51937866210938,30.828166961669922,60.65255355834961,481.2799987792969,59.41020965576172,96.19452667236328,14.710000038146973,30.442625045776367,79.1291275024414,117.60726928710938,680.531494140625,88.41111755371094
2026-02-24,108.75133514404297,113.597412109375,90.53915405273438,30.987537384033203,61.95701599121094,474.6099853515625,59.111717224121094,96.1747817993164,14.699999809265137,30.762231826782227,79.9460220336914,118.41497802734375,685.4779052734375,88.5687484741211
2026-02-25,109.600341796875,113.91658782958984,90.54903411865234,31.19670867919922,62.912960052490234,473.4200134277344,59.987300872802734,96.0958023071289,14.710000038146973,31.1617431640625,80.37439727783203,120.15007019042969,691.26220703125,88.57860565185547
2026-02-26,109.41056060791016,114.29561614990234,90.55892944335938,31.11702537536621,62.73371887207031,477.4800109863281,60.11664581298828,96.35248565673828,14.720000267028809,30.92203712463379,80.33454895019531,119.62156677246094,687.422607421875,88.93327331542969
2026-02-27,109.95990753173828,112.68975830078125,90.57869720458984,31.346118927001953,62.55447769165039,483.75,59.59925842285156,96.73749542236328,14.920000076293945,30.702306747436523,80.63341522216797,119.13294982910156,684.1216430664062,89.4751205444336
2026-03-02,108.87120056152344,113.34805297851562,90.59158325195312,31.166828155517578,60.831790924072266,490.0,58.843074798583984,96.15632629394531,15.359999656677246,30.782209396362305,80.33454895019531,119.77114868164062,684.5106201171875,88.57661437988281
2026-03-03,105.1356201171875,112.0513916015625,90.60150146484375,30.200645446777344,56.9781494140625,468.1400146484375,57.00236129760742,96.04740905761719,15.420000076293945,30.602428436279297,78.97969818115234,118.88365936279297,678.4771118164062,88.39868927001953
2026-03-04,105.70494842529297,112.7396240234375,90.61141204833984,30.489505767822266,57.98387908935547,471.79998779296875,57.97744369506836,95.8493881225586,15.5600004196167,30.92203712463379,79.38814544677734,119.92072296142578,683.2639770507812,88.1219253540039
2026-03-05,103.79720306396484,110.7746810913086,90.62132263183594,30.130922317504883,56.00229263305664,466.1300048828125,56.75361633300781,95.5523681640625,15.800000190734863,30.932024002075195,78.26242065429688,119.31244659423828,679.4544067382812,87.76607513427734
2026-03-06,103.10801696777344,108.37088012695312,90.64115905761719,30.688716888427734,55.21562957763672,473.510009765625,56.16658020019531,95.49295806884766,16.3799991607666,30.492565155029297,77.06697082519531,117.90641784667969,670.5487060546875,87.43987274169922
2026-03-09,102.27899932861328,108.70999908447266,90.65106201171875,30.74848175048828,56.56988525390625,472.5299987792969,56.5048713684082,95.78998565673828,16.190000534057617,30.862110137939453,77.75435638427734,118.96343231201172,676.4227294921875,88.20099639892578
2026-03-10,102.97000122070312,108.27999877929688,90.66097259521484,30.808244705200195,56.878570556640625,477.8599853515625,56.873016357421875,95.48307800292969,16.440000534057617,30.782209396362305,77.694580078125,118.74404907226562,675.3356323242188,87.26194763183594
2026-03-11,102.7300033569336,107.98999786376953,90.66097259521484,30.768402099609375,56.91840362548828,476.239990234375,56.53472137451172,95.04743194580078,16.760000228881836,30.762231826782227,77.236328125,118.36511993408203,674.4879760742188,86.13509368896484
2026-03-12,100.75,106.51000213623047,90.6808090209961,30.778362274169922,54.55842208862305,466.8800048828125,55.430294036865234,94.74050903320312,17.209999084472656,30.202919006347656,75.85159301757812,116.83943939208984,664.2459106445312,85.96705627441406
2026-03-13,98.77999877929688,106.29000091552734,90.71054077148438,30.539308547973633,54.26964569091797,460.8399963378906,54.654212951660156,94.64149475097656,17.1299991607666,29.87332534790039,75.67227172851562,115.85223388671875,660.4862060546875,85.5420150756836
2026-03-16,100.18000030517578,106.86000061035156,90.71054077148438,30.69867706298828,56.271148681640625,460.42999267578125,55.78848648071289,95.06723022460938,16.899999618530273,30.23288345336914,76.3895492553711,117.01892852783203,667.2078857421875,86.20428466796875
2026-03-17,100.4000015258789,107.68000030517578,90.72045135498047,30.94769287109375,56.778995513916016,459.2699890136719,56.14667892456055,95.23554992675781,17.170000076293945,30.302797317504883,76.81791687011719,117.01892852783203,668.9630126953125,86.44152069091797
2026-03-18,99.41000366210938,106.5,90.74028015136719,30.688716888427734,55.8330078125,444.739990234375,55.181549072265625,94.79991149902344,17.459999084472656,29.903287887573242,75.65235137939453,115.7325668334961,659.6285400390625,85.95716857910156
2026-03-19,98.54000091552734,107.43000030517578,90.74028015136719,30.120960235595703,55.84296798706055,426.4100036621094,54.922855377197266,94.79000854492188,17.219999313354492,29.763458251953125,75.70215606689453,115.5530776977539,658.0029907226562,86.4810562133789
2026-03-20,95.45999908447266,106.08000183105469,90.77001953125,29.69265365600586,53.741886138916016,413.3800048828125,52.7140007019043,93.93854522705078,17.329999923706055,29.254085540771484,74.95500183105469,113.45899963378906,648.5700073242188,84.84020233154297
2026-03-23,97.55000305175781,108.20999908447266,90.7799301147461,29.43367576599121,55.61393737792969,404.0400085449219,54.15999984741211,94.23556518554688,16.59000015258789,29.663583755493164,75.80000305175781,114.52999877929688,655.3800048828125,85.39374542236328
2026-03-24,97.47000122070312,109.91999816894531,90.78983306884766,29.593046188354492,54.60820770263672,404.1300048828125,53.970001220703125,93.91874694824219,16.8799991607666,29.323999404907227,76.23999786376953,114.83999633789062,653.1799926757812,85.01812744140625
2026-03-25,99.29000091552734,110.7300033569336,90.7799301147461,29.792259216308594,55.5044059753418,416.2900085449219,54.95000076293945,94.41378784179688,16.829999923706055,29.540000915527344,76.4800033569336,115.31999969482422,656.8200073242188,85.83855438232422
2026-03-26,97.23999786376953,110.33999633789062,90.79975891113281,29.74245834350586,53.39336395263672,400.6400146484375,53.529998779296875,93.65141296386719,17.020000457763672,28.8799991607666,74.94999694824219,111.33999633789062,645.0900268554688,85.11697387695312
2026-03-27,96.62999725341797,109.2300033569336,90.82948303222656,30.111000061035156,53.24399948120117,414.70001220703125,52.95000076293945,93.66132354736328,17.399999618530273,28.190000534057617,74.11000061035156,110.30999755859375,634.0900268554688,84.65239715576172
2026-03-30,96.5999984741211,108.2699966430664,90.83940124511719,30.209999084472656,52.29999923706055,414.5799865722656,52.91999816894531,94.32466888427734,17.5,28.100000381469727,73.45999908447266,107.83999633789062,631.969970703125,85.77925109863281
2026-03-31,99.86000061035156,110.47000122070312,90.83940124511719,30.149999618530273,54.650001525878906,430.2900085449219,54.84000015258789,94.49299621582031,17.31999969482422,29.1299991607666,75.19000244140625,112.11000061035156,650.3400268554688,85.6902847290039
2026-04-01,101.73999786376953,110.66999816894531,90.8632583618164,30.209999084472656,55.84000015258789,437.82000732421875,56.380001068115234,94.41053771972656,17.100000381469727,29.40999984741211,75.86000061035156,114.5,655.239990234375,85.6059341430664
2026-04-02,100.75,111.41999816894531,90.88314056396484,30.309999465942383,55.130001068115234,429.4100036621094,55.880001068115234,94.62908935546875,17.520000457763672,29.420000076293945,75.76000213623047,114.73999786376953,655.8300170898438,86.13191223144531
2026-04-06,101.70999908447266,112.16000366210938,90.90303039550781,30.440000534057617,55.68000030517578,427.6499938964844,56.18000030517578,94.3807373046875,17.549999237060547,29.540000915527344,76.37999725341797,115.66999816894531,658.9299926757812,85.99297332763672
2026-04-07,101.54000091552734,112.41999816894531,90.9129638671875,30.43000030517578,55.83000183105469,431.80999755859375,56.2599983215332,94.61914825439453,17.520000457763672,29.6299991607666,76.04000091552734,116.6500015258789,659.219970703125,85.98304748535156
2026-04-08,105.41999816894531,114.73999786376953,90.9129638671875,30.18000030517578,59.4900016784668,434.5299987792969,58.939998626708984,94.8277587890625,17.010000228881836,30.350000381469727,78.62999725341797,121.36000061035156,676.010009765625,86.26092529296875
2026-04-09,104.95999908447266,115.45999908447266,90.92290496826172,30.270000457763672,59.40999984741211,437.9100036621094,58.91999816894531,94.7979507446289,17.1200008392334,30.450000762939453,79.18000030517578,122.76000213623047,679.9099731445312,86.04258728027344
2026-04-10,105.52999877929688,114.7300033569336,90.95272827148438,30.329999923706055,59.880001068115234,437.1300048828125,59.20000076293945,94.63900756835938,16.969999313354492,30.510000228881836,78.76000213623047,123.33999633789062,679.4600219726562,85.83418273925781
2026-04-13,106.16000366210938,115.86000061035156,90.95272827148438,30.440000534057617,60.5099983215332,435.3599853515625,59.43000030517578,94.84762573242188,17.270000457763672,30.950000762939453,79.2300033569336,124.58999633789062,686.0999755859375,86.09220886230469
2026-04-14,107.1500015258789,115.45999908447266,90.96267700195312,30.299999237060547,61.869998931884766,445.0899963378906,60.290000915527344,95.15557098388672,17.18000030517578,31.510000228881836,79.61000061035156,126.6500015258789,694.4600219726562,86.54872131347656
2026-04-15,106.33999633789062,115.12999725341797,90.97261810302734,30.260000228881836,61.63999938964844,440.4599914550781,59.70000076293945,94.94696807861328,17.229999542236328,32.09000015258789,79.41000366210938,126.58000183105469,699.9400024414062,86.1716079711914
2026-04-16,106.43000030517578,115.70999908447266,90.98255157470703,30.420000076293945,61.72999954223633,440.0799865722656,59.29999923706055,94.77809143066406,17.350000381469727,32.130001068115234,79.12999725341797,126.73999786376953,701.6599731445312,85.62577819824219
2026-04-17,107.86000061035156,117.5199966430664,91.01238250732422,29.969999313354492,63.27000045776367,445.92999267578125,60.130001068115234,95.29464721679688,16.84000015258789,32.619998931884766,80.5,128.3000030517578,710.1400146484375,86.4097900390625
2026-04-20,107.02999877929688,118.20999908447266,91.0223159790039,30.170000076293945,62.65999984741211,442.0899963378906,59.66999816894531,95.20523834228516,17.100000381469727,32.540000915527344,80.47000122070312,127.63999938964844,708.719970703125,86.38993835449219
2026-04-21,104.7699966430664,117.77999877929688,91.03226470947266,30.329999923706055,61.869998931884766,429.57000732421875,58.150001525878906,94.78802490234375,17.399999618530273,32.33000183105469,79.66000366210938,126.6500015258789,704.0800170898438,85.91358184814453
2026-04-22,105.33000183105469,118.16999816894531,91.03226470947266,30.40999984741211,63.22999954223633,435.260009765625,58.58000183105469,94.88735961914062,17.59000015258789,32.849998474121094,80.12999725341797,129.11000061035156,711.2100219726562,86.08228302001953
2026-04-23,104.61000061035156,118.88999938964844,91.05213928222656,30.469999313354492,61.81999969482422,431.0400085449219,58.119998931884766,94.73835754394531,17.84000015258789,32.439998626708984,80.25,129.22999572753906,708.4500122070312,85.89373016357422
2026-04-24,104.80999755859375,118.95999908447266,91.07202911376953,30.510000228881836,63.04999923706055,433.25,58.52000045776367,94.92708587646484,17.790000915527344,32.91999816894531,80.7300033569336,131.52000427246094,713.9400024414062,86.05252075195312
2026-04-27,104.55999755859375,119.61000061035156,91.08197021484375,30.6200008392334,62.900001525878906,429.8900146484375,58.439998626708984,94.70854949951172,17.950000762939453,33.0099983215332,80.2699966430664,132.11000061035156,715.1699829101562,85.62577819824219
2026-04-28,104.6500015258789,119.44000244140625,91.09190368652344,30.719999313354492,62.400001525878906,421.9100036621094,58.38999938964844,94.61914825439453,18.06999969482422,32.77000045776367,79.69999694824219,129.9600067138672,711.6900024414062,85.71509552001953
2026-04-29,103.66000366210938,118.5999984741211,91.09190368652344,31.1200008392334,61.5099983215332,417.4100036621094,57.7400016784668,94.17213439941406,18.5,32.70000076293945,80.01000213623047,130.77000427246094,711.5800170898438,85.0501708984375
2026-04-30,106.1500015258789,120.13999938964844,91.10184478759766,30.559999465942383,63.029998779296875,423.6600036621094,59.400001525878906,94.35093688964844,18.530000686645508,32.90999984741211,81.08000183105469,133.7899932861328,718.6599731445312,84.97077941894531
2026-05-01,105.61000061035156,119.95999908447266,91.13176727294922,30.530000686645508,63.13999938964844,423.17999267578125,59.209999084472656,94.42269897460938,18.3700008392334,33.13999938964844,80.80000305175781,134.4199981689453,720.6500244140625,85.27458953857422
2026-05-04,104.73999786376953,118.55999755859375,91.15170288085938,30.700000762939453,63.06999969482422,414.7099914550781,58.290000915527344,94.07386779785156,18.68000030517578,33.08000183105469,80.55999755859375,134.44000244140625,718.010009765625,84.62712860107422
2026-05-05,106.0999984741211,120.16000366210938,91.16167449951172,30.739999771118164,64.87999725341797,418.2699890136719,59.06999969482422,94.2134017944336,18.59000015258789,33.220001220703125,81.66999816894531,137.8800048828125,723.77001953125,85.09529113769531
2026-05-06,108.22000122070312,120.38999938964844,91.15170288085938,30.450000762939453,68.06999969482422,430.9599914550781,60.970001220703125,94.68182373046875,18.030000686645508,33.810001373291016,82.66999816894531,141.58999633789062,733.8300170898438,85.74274444580078
2026-05-07,107.79000091552734,119.18000030517578,91.17164611816406,30.549999237060547,67.11000061035156,431.67999267578125,59.939998626708984,94.3927993774414,18.049999237060547,33.88999938964844,81.93000030517578,139.3000030517578,731.5800170898438,85.3144302368164
2026-05-08,109.4800033569336,119.83999633789062,91.19158935546875,30.690000534057617,68.87000274658203,433.7699890136719,60.529998779296875,94.64196014404297,18.06999969482422,34.119998931884766,82.44000244140625,143.80999755859375,737.6199951171875,85.74274444580078
2026-05-11,109.88999938964844,118.9800033569336,91.21153259277344,31.020000457763672,69.11000061035156,434.6499938964844,60.72999954223633,94.32303619384766,18.549999237060547,34.130001068115234,82.98999786376953,146.07000732421875,739.2999877929688,85.22477722167969
2026-05-12,109.52999877929688,118.30000305175781,91.22149658203125,31.020000457763672,66.62000274658203,432.92999267578125,60.40999984741211,94.00410461425781,18.90999984741211,34.06999969482422,82.58999633789062,144.4499969482422,738.1799926757812,84.65701293945312
2026-05-13,110.06999969482422,117.80999755859375,91.22149658203125,31.1200008392334,67.83999633789062,430.5,60.97999954223633,94.00410461425781,18.700000762939453,34.31999969482422,82.38999938964844,146.2899932861328,742.3099975585938,84.46776580810547
2026-05-14,110.12000274658203,118.7699966430664,91.24143981933594,31.239999771118164,68.1500015258789,427.2099914550781,60.400001525878906,93.94430541992188,18.600000381469727,34.689998626708984,83.19000244140625,147.52000427246094,748.1699829101562,84.58728790283203
2026-05-15,107.80000305175781,117.25,91.26138305664062,31.229999542236328,65.61000061035156,417.2900085449219,58.939998626708984,93.19682312011719,18.610000610351562,34.2599983215332,82.58000183105469,143.47999572753906,739.1699829101562,83.33222961425781
2026-05-18,108.33000183105469,118.41999816894531,91.26138305664062,31.309999465942383,65.94000244140625,418.42999267578125,59.16999816894531,93.15695190429688,18.719999313354492,34.189998626708984,82.62999725341797,141.4199981689453,738.6500244140625,83.23261260986328
2026-05-19,106.80999755859375,117.18000030517578,91.28132629394531,31.31999969482422,64.87000274658203,411.5,58.34000015258789,92.79815673828125,18.84000015258789,33.88999938964844,82.06999969482422,140.6300048828125,733.72998046875,82.69473266601562
2026-05-20,108.19000244140625,119.26000213623047,91.30126190185547,31.110000610351562,66.66999816894531,417.3999938964844,59.63999938964844,93.4260482788086,18.420000076293945,34.310001373291016,83.2300033569336,143.30999755859375,741.25,83.58125305175781
2026-05-21,108.37000274658203,119.23999786376953,91.30126190185547,31.110000610351562,67.9800033569336,416.989990234375,59.88999938964844,93.48584747314453,18.309999465942383,34.29999923706055,83.69999694824219,144.69000244140625,742.719970703125,83.89002990722656
2026-05-22,108.2699966430664,120.02999877929688,91.32120513916016,31.09000015258789,67.5199966430664,413.82000732421875,59.75,93.5655746459961,18.200000762939453,34.369998931884766,84.63999938964844,144.94000244140625,745.6400146484375,84.34822845458984
2026-05-26,110.4000015258789,121.3499984741211,91.34114837646484,31.170000076293945,71.4800033569336,414.0,60.970001220703125,93.96424102783203,17.90999984741211,34.56999969482422,85.62000274658203,149.8000030517578,750.5900268554688,84.7665786743164
2026-05-27,109.7300033569336,121.0199966430664,91.35111999511719,31.010000228881836,72.2300033569336,408.489990234375,60.5,94.00410461425781,17.600000381469727,34.56999969482422,85.51000213623047,149.60000610351562,750.4600219726562,84.96580505371094
2026-05-28,109.5999984741211,121.08999633789062,91.361083984375,31.040000915527344,72.80000305175781,412.7699890136719,60.36000061035156,94.2233657836914,17.719999313354492,34.9900016784668,85.44000244140625,150.1300048828125,754.5999755859375,85.4040756225586
2026-05-29,110.22000122070312,120.05000305175781,91.39100646972656,31.0,72.5199966430664,417.1199951171875,60.439998626708984,94.33300018310547,17.6200008392334,35.119998931884766,85.36000061035156,150.58999633789062,756.47998046875,85.42400360107422
2026-06-01,109.0199966430664,120.06999969482422,91.4000015258789,31.290000915527344,74.16999816894531,411.260009765625,59.70000076293945,94.16999816894531,17.8700008392334,35.29999923706055,85.02999877929688,152.32000732421875,758.5399780273438,85.47000122070312
2026-06-02,109.70999908447266,121.16999816894531,91.38999938964844,31.40999984741211,74.80000305175781,411.95001220703125,60.27000045776367,94.23999786376953,17.979999542236328,35.099998474121094,86.0999984741211,154.32000732421875,759.5700073242188,85.6500015258789
