Date,VTI,VEU,VXUS,VT,BIL
2006-01-03,43.302860260009766,,,,
2006-01-04,43.61772537231445,,,,
2006-01-05,43.59003829956055,,,,
2006-01-06,44.019081115722656,,,,
2006-01-09,44.181732177734375,,,,
2006-01-10,44.24400329589844,,,,
2006-01-11,44.368553161621094,,,,
2006-01-12,44.11598587036133,,,,
2006-01-13,44.16442108154297,,,,
2006-01-17,44.00870895385742,,,,
2006-01-18,43.873756408691406,,,,
2006-01-19,44.11250686645508,,,,
2006-01-20,43.33745193481445,,,,
2006-01-23,43.465476989746094,,,,
2006-01-24,43.59695816040039,,,,
2006-01-25,43.50007629394531,,,,
2006-01-26,43.87030792236328,,,,
2006-01-27,44.21978759765625,,,,
2006-01-30,44.26474380493164,,,,
2006-01-31,44.046783447265625,,,,
2006-02-01,44.21632385253906,,,,
2006-02-02,43.82186508178711,,,,
2006-02-03,43.60735321044922,,,,
2006-02-06,43.71113967895508,,,,
2006-02-07,43.28555679321289,,,,
2006-02-08,43.59695816040039,,,,
2006-02-09,43.51390838623047,,,,
2006-02-10,43.603878021240234,,,,
2006-02-13,43.406654357910156,,,,
2006-02-14,43.818416595458984,,,,
2006-02-15,43.9844970703125,,,,
2006-02-16,44.3270378112793,,,,
2006-02-17,44.27513122558594,,,,
2006-02-21,44.150577545166016,,,,
2006-02-22,44.496585845947266,,,,
2006-02-23,44.38587188720703,,,,
2006-02-24,44.45506286621094,,,,
2006-02-27,44.58309555053711,,,,
2006-02-28,44.143646240234375,,,,
2006-03-01,44.53117370605469,,,,
2006-03-02,44.50003433227539,,,,
2006-03-03,44.42738342285156,,,,
2006-03-06,44.10214614868164,,,,
2006-03-07,43.922218322753906,,,,
2006-03-08,44.046783447265625,,,,
2006-03-09,43.811492919921875,,,,
2006-03-10,44.15403366088867,,,,
2006-03-13,44.26130676269531,,,,
2006-03-14,44.7180290222168,,,,
2006-03-15,44.918724060058594,,,,
2006-03-16,45.01559829711914,,,,
2006-03-17,45.05019760131836,,,,
2006-03-20,44.95501708984375,,,,
2006-03-21,44.70487594604492,,,,
2006-03-22,44.975860595703125,,,,
2006-03-23,44.96541976928711,,,,
2006-03-24,45.024497985839844,,,,
2006-03-27,44.99321365356445,,,,
2006-03-28,44.729190826416016,,,,
2006-03-29,45.14607238769531,,,,
2006-03-30,45.024497985839844,,,,
2006-03-31,45.048805236816406,,,,
2006-04-03,45.00017547607422,,,,
2006-04-04,45.26072692871094,,,,
2006-04-05,45.427490234375,,,,
2006-04-06,45.40665054321289,,,,
2006-04-07,44.92026901245117,,,,
2006-04-10,44.97932052612305,,,,
2006-04-11,44.572853088378906,,,,
2006-04-12,44.663185119628906,,,,
2006-04-13,44.65277099609375,,,,
2006-04-17,44.58327865600586,,,,
2006-04-18,45.35103225708008,,,,
2006-04-19,45.48655319213867,,,,
2006-04-20,45.5490837097168,,,,
2006-04-21,45.52824401855469,,,,
2006-04-24,45.396202087402344,,,,
2006-04-25,45.250308990478516,,,,
2006-04-26,45.26072692871094,,,,
2006-04-27,45.39274215698242,,,,
2006-04-28,45.47960662841797,,,,
2006-05-01,45.26072692871094,,,,
2006-05-02,45.52824401855469,,,,
2006-05-03,45.396202087402344,,,,
2006-05-04,45.608131408691406,,,,
2006-05-05,45.99723815917969,,,,
2006-05-08,46.0389404296875,,,,
2006-05-09,46.035465240478516,,,,
2006-05-10,45.97291564941406,,,,
2006-05-11,45.378849029541016,,,,
2006-05-12,44.77088928222656,,,,
2006-05-15,44.81949996948242,,,,
2006-05-16,44.67708969116211,,,,
2006-05-17,43.86065673828125,,,,
2006-05-18,43.65568923950195,,,,
2006-05-19,43.90235137939453,,,,
2006-05-22,43.641780853271484,,,,
2006-05-23,43.30133056640625,,,,
2006-05-24,43.45071792602539,,,,
2006-05-25,44.051727294921875,,,,
2006-05-26,44.30186462402344,,,,
2006-05-30,43.49936294555664,,,,
2006-05-31,44.013519287109375,,,,
2006-06-01,44.572853088378906,,,,
2006-06-02,44.65970993041992,,,,
2006-06-05,43.909297943115234,,,,
2006-06-06,43.711273193359375,,,,
2006-06-07,43.42639923095703,,,,
2006-06-08,43.384700775146484,,,,
2006-06-09,43.217960357666016,,,,
2006-06-12,42.651676177978516,,,,
2006-06-13,42.14445495605469,,,,
2006-06-14,42.41195297241211,,,,
2006-06-15,43.391666412353516,,,,
2006-06-16,43.165836334228516,,,,
2006-06-19,42.731571197509766,,,,
2006-06-20,42.74199295043945,,,,
2006-06-21,43.217960357666016,,,,
2006-06-22,42.9817008972168,,,,
2006-06-23,43.047733306884766,,,,
2006-06-26,43.25881576538086,,,,
2006-06-27,42.84709930419922,,,,
2006-06-28,43.150665283203125,,,,
2006-06-29,44.09272766113281,,,,
2006-06-30,44.0717887878418,,,,
2006-07-03,44.41024398803711,,,,
2006-07-05,44.047367095947266,,,,
2006-07-06,44.1904182434082,,,,
2006-07-07,43.82405471801758,,,,
2006-07-10,43.87639617919922,,,,
2006-07-11,44.036895751953125,,,,
2006-07-12,43.56587600708008,,,,
2006-07-13,42.9168815612793,,,,
2006-07-14,42.66564178466797,,,,
2006-07-17,42.59238052368164,,,,
2006-07-18,42.73542404174805,,,,
2006-07-19,43.44026184082031,,,,
2006-07-20,42.99712371826172,,,,
2006-07-21,42.65518569946289,,,,
2006-07-24,43.48561477661133,,,,
2006-07-25,43.632171630859375,,,,
2006-07-26,43.75078201293945,,,,
2006-07-27,43.63913345336914,,,,
2006-07-28,44.022945404052734,,,,
2006-07-31,44.019474029541016,,,,
2006-08-01,43.79265213012695,,,,
2006-08-02,44.06828689575195,,,,
2006-08-03,44.16599655151367,,,,
2006-08-04,44.14506149291992,,,,
2006-08-07,43.99850845336914,,,,
2006-08-08,43.796146392822266,,,,
2006-08-09,43.57282638549805,,,,
2006-08-10,43.74032974243164,,,,
2006-08-11,43.60425567626953,,,,
2006-08-14,43.68449401855469,,,,
2006-08-15,44.24275207519531,,,,
2006-08-16,44.675437927246094,,,,
2006-08-17,44.776615142822266,,,,
2006-08-18,44.95456314086914,,,,
2006-08-21,44.78358459472656,,,,
2006-08-22,44.79754638671875,,,,
2006-08-23,44.581214904785156,,,,
2006-08-24,44.57771682739258,,,,
2006-08-25,44.59517288208008,,,,
2006-08-28,44.85337448120117,,,,
2006-08-29,44.94060134887695,,,,
2006-08-30,45.03828811645508,,,,
2006-08-31,45.03131103515625,,,,
2006-09-01,45.29301834106445,,,,
2006-09-05,45.38373565673828,,,,
2006-09-06,44.89872741699219,,,,
2006-09-07,44.73125457763672,,,,
2006-09-08,44.821964263916016,,,,
2006-09-11,44.83591842651367,,,,
2006-09-12,45.345340728759766,,,,
2006-09-13,45.586097717285156,,,,
2006-09-14,45.48838424682617,,,,
2006-09-15,45.59656524658203,,,,
2006-09-18,45.6314697265625,,,,
2006-09-19,45.51282501220703,,,,
2006-09-20,45.784976959228516,,,,
2006-09-21,45.498863220214844,,,,
2006-09-22,45.38373565673828,,,,
2006-09-25,45.772254943847656,,,,
2006-09-26,46.091064453125,,,,
2006-09-27,46.1471061706543,,,,
2006-09-28,46.19267654418945,,,,
2006-09-29,46.04904556274414,,,,
2006-10-02,45.91938400268555,,,,
2006-10-03,45.989479064941406,,,,
2006-10-04,46.476444244384766,,,,
2006-10-05,46.700653076171875,,,,
2006-10-06,46.609580993652344,,,,
2006-10-09,46.65512466430664,,,,
2006-10-10,46.76024627685547,,,,
2006-10-11,46.67613983154297,,,,
2006-10-12,47.142093658447266,,,,
2006-10-13,47.3067512512207,,,,
2006-10-16,47.43638229370117,,,,
2006-10-17,47.25069808959961,,,,
2006-10-18,47.3172607421875,,,,
2006-10-19,47.36982345581055,,,,
2006-10-20,47.35580825805664,,,,
2006-10-23,47.558998107910156,,,,
2006-10-24,47.674598693847656,,,,
2006-10-25,47.83225631713867,,,,
2006-10-26,48.08450698852539,,,,
2006-10-27,47.71665573120117,,,,
2006-10-30,47.734169006347656,,,,
2006-10-31,47.674598693847656,,,,
2006-11-01,47.28924560546875,,,,
2006-11-02,47.26121139526367,,,,
2006-11-03,47.254188537597656,,,,
2006-11-06,47.77971267700195,,,,
2006-11-07,47.944393157958984,,,,
2006-11-08,48.06702423095703,,,,
2006-11-09,47.80424499511719,,,,
2006-11-10,47.912845611572266,,,,
2006-11-13,48.02145004272461,,,,
2006-11-14,48.39632797241211,,,,
2006-11-15,48.578495025634766,,,,
2006-11-16,48.68361282348633,,,,
2006-11-17,48.659088134765625,,,,
2006-11-20,48.68709945678711,,,,
2006-11-21,48.813228607177734,,,,
2006-11-22,48.949851989746094,,,,
2006-11-24,48.80622100830078,,,,
2006-11-27,48.031951904296875,,,,
2006-11-28,48.214134216308594,,,,
2006-11-29,48.70812225341797,,,,
2006-11-30,48.785186767578125,,,,
2006-12-01,48.64856719970703,,,,
2006-12-04,49.12504959106445,,,,
2006-12-05,49.3037109375,,,,
2006-12-06,49.27571105957031,,,,
2006-12-07,49.054969787597656,,,,
2006-12-08,49.1390266418457,,,,
2006-12-11,49.244136810302734,,,,
2006-12-12,49.167076110839844,,,,
2006-12-13,49.251163482666016,,,,
2006-12-14,49.62602615356445,,,,
2006-12-15,49.64003372192383,,,,
2006-12-18,49.43684005737305,,,,
2006-12-19,49.50690460205078,,,,
2006-12-20,49.485862731933594,,,,
2006-12-21,49.293182373046875,,,,
2006-12-22,49.01569747924805,,,,
2006-12-26,49.30094909667969,,,,
2006-12-27,49.63898468017578,,,,
2006-12-28,49.568572998046875,,,,
2006-12-29,49.371360778808594,,,,
2007-01-03,49.279808044433594,,,,
2007-01-04,49.37841796875,,,,
2007-01-05,48.987552642822266,,,,
2007-01-08,49.16713333129883,,,,
2007-01-09,49.16713333129883,,,,
2007-01-10,49.276309967041016,,,,
2007-01-11,49.6495475769043,,,,
2007-01-12,49.97701644897461,,,,
2007-01-16,49.881954193115234,,,,
2007-01-17,49.917152404785156,,,,
2007-01-18,49.6495475769043,,,,
2007-01-19,49.84322738647461,,,,
2007-01-22,49.64601516723633,,,,
2007-01-23,49.78688049316406,,,,
2007-01-24,50.22704315185547,,,,
2007-01-25,49.66363525390625,,,,
2007-01-26,49.63191604614258,,,,
2007-01-29,49.64250946044922,,,,
2007-01-30,49.92771911621094,,,,
2007-01-31,50.29042053222656,,,,
2007-02-01,50.57915496826172,,,,
2007-02-02,50.642547607421875,,,,
2007-02-05,50.7024040222168,,,,
2007-02-06,50.7059326171875,,,,
2007-02-07,50.871421813964844,,,,
2007-02-08,50.808040618896484,,,,
2007-02-09,50.42422103881836,,,,
2007-02-12,50.24464416503906,,,,
2007-02-13,50.67069625854492,,,,
2007-02-14,51.00874328613281,,,,
2007-02-15,51.01929473876953,,,,
2007-02-16,51.05451965332031,,,,
2007-02-20,51.205955505371094,,,,
2007-02-21,51.2270622253418,,,,
2007-02-22,51.20947265625,,,,
2007-02-23,51.04396057128906,,,,
2007-02-26,50.9770622253418,,,,
2007-02-27,49.086151123046875,,,,
2007-02-28,49.4734992980957,,,,
2007-03-01,49.33263397216797,,,,
2007-03-02,48.62840270996094,,,,
2007-03-05,48.065006256103516,,,,
2007-03-06,48.87487030029297,,,,
2007-03-07,48.83614730834961,,,,
2007-03-08,49.244606018066406,29.65631866455078,,,
2007-03-09,49.26221466064453,29.854190826416016,,,
2007-03-12,49.39249038696289,29.993860244750977,,,
2007-03-13,48.50514602661133,29.208221435546875,,,
2007-03-14,48.75163269042969,29.243133544921875,,,
2007-03-15,48.945316314697266,29.487560272216797,,,
2007-03-16,48.7340202331543,29.545745849609375,,,
2007-03-19,49.29037094116211,29.89492416381836,,,
2007-03-20,49.61433792114258,30.11606788635254,,,
2007-03-21,50.406612396240234,30.76202964782715,,,
2007-03-22,50.434776306152344,30.727123260498047,,,
2007-03-23,50.53336715698242,30.837690353393555,,,
2007-03-26,50.44887161254883,30.80277442932129,,,
2007-03-27,50.247291564941406,30.668916702270508,,,
2007-03-28,49.91841125488281,30.325565338134766,,,
2007-03-29,50.05632781982422,30.703840255737305,,,
2007-03-30,50.02806091308594,30.68056297302246,,,
2007-04-02,50.151790618896484,30.855154037475586,,,
2007-04-03,50.607994079589844,31.17523193359375,,,
2007-04-04,50.661033630371094,31.338176727294922,,,
2007-04-05,50.80250549316406,31.495304107666016,,,
2007-04-09,50.86260223388672,31.541845321655273,,,
2007-04-10,51.004066467285156,31.681522369384766,,,
2007-04-11,50.67871856689453,31.553491592407227,,,
2007-04-12,51.01112365722656,31.728076934814453,,,
2007-04-13,51.18087387084961,31.856115341186523,,,
2007-04-16,51.69718551635742,32.33331298828125,,,
2007-04-17,51.77852249145508,32.15289306640625,,,
2007-04-18,51.82448959350586,32.12963104248047,,,
2007-04-19,51.7290153503418,31.943403244018555,,,
2007-04-20,52.18874740600586,32.29838562011719,,,
2007-04-23,52.086177825927734,32.10052490234375,,,
2007-04-24,52.07910919189453,32.0365104675293,,,
2007-04-25,52.542335510253906,32.36241912841797,,,
2007-04-26,52.560035705566406,32.176185607910156,,,
2007-04-27,52.50347137451172,32.26929473876953,,,
2007-04-30,52.040191650390625,31.891019821166992,,,
2007-05-01,52.156917572021484,31.9143009185791,,,
2007-05-02,52.542335510253906,32.23438262939453,,,
2007-05-03,52.7757453918457,32.33912658691406,,,
2007-05-04,52.93134307861328,32.5952033996582,,,
2007-05-07,53.016231536865234,32.688297271728516,,,
2007-05-08,52.96318054199219,32.39151382446289,,,
2007-05-09,53.15058898925781,32.62429428100586,,,
2007-05-10,52.48222351074219,32.00741958618164,,,
2007-05-11,52.97377014160156,32.88035583496094,,,
2007-05-14,52.814666748046875,32.44389724731445,,,
2007-05-15,52.67319869995117,32.385684967041016,,,
2007-05-16,53.1258544921875,32.60100555419922,,,
2007-05-17,52.9985466003418,32.52534866333008,,,
2007-05-18,53.39460372924805,32.88035583496094,,,
2007-05-21,53.54667282104492,32.5893669128418,,,
2007-05-22,53.539588928222656,32.63592529296875,,,
2007-05-23,53.51131057739258,32.827964782714844,,,
2007-05-24,52.96318054199219,32.385684967041016,,,
2007-05-25,53.2213134765625,32.72321701049805,,,
2007-05-29,53.433494567871094,32.62429428100586,,,
2007-05-30,53.893218994140625,32.78141784667969,,,70.162353515625
2007-05-31,53.978092193603516,32.95018005371094,,,70.162353515625
2007-06-01,54.197357177734375,33.27024841308594,,,70.17769622802734
2007-06-04,54.2857551574707,33.33427047729492,,,70.19298553466797
2007-06-05,54.009925842285156,33.13640594482422,,,70.19298553466797
2007-06-06,53.458255767822266,32.67083740234375,,,70.22362518310547
2007-06-07,52.40442657470703,32.0947265625,,,70.20831298828125
2007-06-08,53.122314453125,32.577735900878906,,,70.22362518310547
2007-06-11,53.185943603515625,32.62429428100586,,,70.25431060791016
2007-06-12,52.53173828125,32.12381362915039,,,70.19298553466797
2007-06-13,53.35215759277344,32.56608963012695,,,70.25431060791016
2007-06-14,53.73408508300781,32.804691314697266,,,70.2849349975586
2007-06-15,54.02052688598633,33.27024841308594,,,70.34617614746094
2007-06-18,53.93567657470703,33.3226318359375,,,70.36151123046875
2007-06-19,54.084171295166016,33.299373626708984,,,70.36151123046875
2007-06-20,53.373390197753906,33.014190673828125,,,70.3768539428711
2007-06-21,53.63861846923828,33.34008026123047,,,70.3768539428711
2007-06-22,53.185943603515625,32.839603424072266,,,70.43810272216797
2007-06-25,52.81003952026367,32.72903823852539,,,70.40751647949219
2007-06-26,52.380550384521484,32.71157455444336,,,70.42276763916016
2007-06-27,53.15437698364258,32.94436264038086,,,70.40751647949219
2007-06-28,53.14728927612305,32.94436264038086,,,70.43810272216797
2007-06-29,53.02656555175781,33.17132568359375,,,70.46870422363281
2007-07-02,53.64070510864258,33.415740966796875,,,70.48876953125
2007-07-03,53.871429443359375,33.788185119628906,,,70.48876953125
2007-07-05,53.84300231933594,33.74745178222656,,,70.48876953125
2007-07-06,54.14118576049805,33.980247497558594,,,70.51953125
2007-07-09,54.112789154052734,34.207183837890625,,,70.53495025634766
2007-07-10,53.37089920043945,33.735809326171875,,,70.55027770996094
2007-07-11,53.761348724365234,34.01515579223633,,,70.55027770996094
2007-07-12,54.57427215576172,34.64947509765625,,,70.5656967163086
2007-07-13,54.737548828125,34.63202667236328,,,70.5810775756836
2007-07-16,54.69853210449219,34.50980758666992,,,70.59650421142578
2007-07-17,54.666568756103516,34.57964324951172,,,70.62724304199219
2007-07-18,54.542335510253906,34.32941436767578,,,70.61186218261719
2007-07-19,54.67367172241211,34.57964324951172,,,70.62724304199219
2007-07-20,54.18379211425781,34.2130241394043,,,70.65804290771484
2007-07-23,54.29029083251953,34.655311584472656,,,70.65804290771484
2007-07-24,53.338958740234375,34.0908088684082,,,70.65804290771484
2007-07-25,53.3495979309082,33.92203140258789,,,70.67340087890625
2007-07-26,52.085872650146484,32.78141784667969,,,70.68876647949219
2007-07-27,51.106163024902344,33.02583312988281,,,70.71957397460938
2007-07-30,51.86225891113281,32.95018005371094,,,70.65804290771484
2007-07-31,51.152305603027344,32.7872314453125,,,70.75035858154297
2007-08-01,51.45402908325195,32.804691314697266,,,70.72715759277344
2007-08-02,51.89064025878906,32.79887771606445,,,70.74259948730469
2007-08-03,50.54174041748047,32.00741958618164,,,70.7116928100586
2007-08-06,51.3936767578125,32.60100555419922,,,70.78893280029297
2007-08-07,51.78060531616211,32.64174270629883,,,70.80441284179688
2007-08-08,52.56156921386719,33.19459915161133,,,70.77352142333984
2007-08-09,51.13454055786133,32.0365104675293,,,70.83527374267578
2007-08-10,51.017391204833984,31.774627685546875,,,70.88166809082031
2007-08-13,51.11679458618164,31.716445922851562,,,70.8971176147461
2007-08-14,50.225799560546875,31.338176727294922,,,70.88166809082031
2007-08-15,49.554901123046875,30.558359146118164,,,70.8971176147461
2007-08-16,49.87434768676758,30.121898651123047,,,70.98981475830078
2007-08-17,50.78310775756836,30.890085220336914,,,71.03612518310547
2007-08-20,50.889617919921875,30.965721130371094,,,71.09795379638672
2007-08-21,50.8967170715332,30.785320281982422,,,71.08251190185547
2007-08-22,51.606658935546875,31.669879913330078,,,71.08251190185547
2007-08-23,51.5250244140625,31.786273956298828,,,71.03612518310547
2007-08-24,52.12847137451172,32.33331298828125,,,71.02068328857422
2007-08-27,51.58536148071289,32.147090911865234,,,70.92797088623047
2007-08-28,50.52753448486328,31.28580093383789,,,71.00524139404297
2007-08-29,51.53212356567383,32.19365310668945,,,71.05160522460938
2007-08-30,51.39722442626953,31.966672897338867,,,71.06704711914062
2007-08-31,51.904842376708984,32.72321701049805,,,71.05160522460938
2007-09-04,52.50829315185547,32.95600509643555,,,71.06245422363281
2007-09-05,52.046836853027344,32.36822509765625,,,71.07795715332031
2007-09-06,52.20302963256836,32.63010787963867,,,71.07795715332031
2007-09-07,51.446922302246094,32.112178802490234,,,71.12448120117188
2007-09-10,51.22682189941406,32.112178802490234,,,71.13996887207031
2007-09-11,51.89773941040039,32.62429428100586,,,71.06245422363281
2007-09-12,52.07522201538086,32.647560119628906,,,71.17102813720703
2007-09-13,52.27047348022461,32.85707092285156,,,71.15550994873047
2007-09-14,52.316612243652344,32.70576095581055,,,71.2020263671875
2007-09-17,52.039730072021484,32.35076141357422,,,71.23304748535156
2007-09-18,53.4915885925293,33.6077880859375,,,71.18656158447266
2007-09-19,53.878517150878906,33.7125358581543,,,71.21754455566406
2007-09-20,53.55193328857422,33.74745178222656,,,71.17102813720703
2007-09-21,53.67972183227539,33.96278762817383,,,71.2020263671875
2007-09-24,53.52714157104492,34.05589294433594,,,71.26406860351562
2007-09-25,53.402374267578125,34.084983825683594,,,71.2795639038086
2007-09-26,53.79450988769531,34.10825729370117,,,71.2020263671875
2007-09-27,54.09043502807617,34.7135009765625,,,71.21754455566406
2007-09-28,53.90145492553711,34.73678207397461,,,71.18656158447266
2007-10-01,54.59662628173828,35.3361930847168,,,71.26434326171875
2007-10-02,54.50751495361328,35.324546813964844,,,71.2176284790039
2007-10-03,54.42196273803711,35.062660217285156,,,71.23320770263672
2007-10-04,54.525325775146484,35.13832473754883,,,71.31103515625
2007-10-05,55.117122650146484,35.737735748291016,,,71.23320770263672
2007-10-08,55.04581832885742,35.39439010620117,,,71.34217834472656
2007-10-09,55.43081283569336,35.85413360595703,,,71.29548645019531
2007-10-10,55.32386016845703,35.6737174987793,,,71.35771179199219
2007-10-11,55.01014709472656,35.65625762939453,,,71.34217834472656
2007-10-12,55.2846565246582,36.00544357299805,,,71.35771179199219
2007-10-15,54.853294372558594,35.778472900390625,,,71.32659149169922
2007-10-16,54.46471405029297,35.23723602294922,,,71.37327575683594
2007-10-17,54.50394058227539,35.62716293334961,,,71.40440368652344
2007-10-18,54.51820373535156,35.8192024230957,,,71.40440368652344
2007-10-19,53.117156982421875,34.94046401977539,,,71.46663665771484
2007-10-22,53.37743377685547,34.917179107666016,,,71.43553924560547
2007-10-23,53.75888442993164,35.48749542236328,,,71.43553924560547
2007-10-24,53.723209381103516,35.48749542236328,,,71.46663665771484
2007-10-25,53.68756866455078,35.4409294128418,,,71.45111083984375
2007-10-26,54.33283233642578,36.249847412109375,,,71.41997528076172
2007-10-29,54.550289154052734,36.7095947265625,,,71.48223876953125
2007-10-30,54.16170120239258,36.39533996582031,,,71.45111083984375
2007-10-31,54.86753845214844,36.94819641113281,,,71.46663665771484
2007-11-01,53.47724914550781,36.08108139038086,,,71.51506042480469
2007-11-02,53.46652603149414,36.18583679199219,,,71.56189727783203
2007-11-05,53.045875549316406,35.61553192138672,,,71.56189727783203
2007-11-06,53.780269622802734,36.40115737915039,,,71.56189727783203
2007-11-07,52.2972526550293,35.545684814453125,,,71.60872650146484
2007-11-08,52.22953414916992,35.68535614013672,,,71.56189727783203
2007-11-09,51.54148864746094,34.9462776184082,,,71.62435913085938
2007-11-12,50.87130355834961,33.945316314697266,,,71.65560150146484
2007-11-13,52.35786819458008,35.2139778137207,,,71.63999938964844
2007-11-14,52.176048278808594,35.07429122924805,,,71.60872650146484
2007-11-15,51.42384719848633,34.30030822753906,,,71.65560150146484
2007-11-16,51.62705612182617,34.655311584472656,,,71.65560150146484
2007-11-19,50.78217315673828,33.72999954223633,,,71.68681335449219
2007-11-20,50.978240966796875,34.2479362487793,,,71.70242309570312
2007-11-21,50.08701705932617,33.45648193359375,,,71.73365783691406
2007-11-23,50.83565139770508,34.294490814208984,,,71.74928283691406
2007-11-26,49.841026306152344,33.584510803222656,,,71.70242309570312
2007-11-27,50.45063400268555,34.26539993286133,,,71.76488494873047
2007-11-28,51.994239807128906,35.09175109863281,,,71.78052520751953
2007-11-29,52.019203186035156,35.09759521484375,,,71.73365783691406
2007-11-30,52.38637924194336,35.11505126953125,,,71.74928283691406
2007-12-03,52.06909942626953,34.9986572265625,,,71.73208618164062
2007-12-04,51.73400115966797,34.77751159667969,,,71.74776458740234
2007-12-05,52.507591247558594,35.4409294128418,,,71.74776458740234
2007-12-06,53.26690673828125,35.87740707397461,,,71.7633285522461
2007-12-07,53.331085205078125,35.61553192138672,,,71.82600402832031
2007-12-10,53.787384033203125,35.95307159423828,,,71.779052734375
2007-12-11,52.32221221923828,35.016117095947266,,,71.87301635742188
2007-12-12,52.65373229980469,35.5340576171875,,,71.85736846923828
2007-12-13,52.660888671875,34.99283218383789,,,71.888671875
2007-12-14,51.94075393676758,34.1606330871582,,,71.84170532226562
2007-12-17,51.14578628540039,33.45648193359375,,,71.87301635742188
2007-12-18,51.51297378540039,33.613609313964844,,,71.87301635742188
2007-12-19,51.459510803222656,33.52050018310547,,,71.90431213378906
2007-12-20,51.81826400756836,33.65433883666992,,,71.93567657470703
2007-12-21,52.617523193359375,34.218841552734375,,,71.93567657470703
2007-12-24,53.10852813720703,34.588687896728516,,,71.93567657470703
2007-12-26,53.151546478271484,34.66499710083008,,,71.90431213378906
2007-12-27,52.484920501708984,34.377349853515625,,,71.93567657470703
2007-12-28,52.28420639038086,34.70608901977539,,,71.93408966064453
2007-12-31,52.022560119628906,34.40669250488281,,,71.9183578491211
2008-01-02,51.40610885620117,34.28342056274414,,,71.98124694824219
2008-01-03,51.345176696777344,34.359737396240234,,,71.93408966064453
2008-01-04,49.97248458862305,33.39110565185547,,,71.9183578491211
2008-01-07,49.9975700378418,33.42633819580078,,,71.98124694824219
2008-01-08,49.10155487060547,33.51438522338867,,,71.93408966064453
2008-01-09,49.6212272644043,33.76093673706055,,,71.88702392578125
2008-01-10,49.94740676879883,33.8490104675293,,,71.9183578491211
2008-01-11,49.47787857055664,33.26194763183594,,,71.94978332519531
2008-01-14,49.95458221435547,33.5965690612793,,,72.01260375976562
2008-01-15,48.743133544921875,32.59272766113281,,,71.99691772460938
2008-01-16,48.44923782348633,31.8354434967041,,,71.99691772460938
2008-01-17,47.115997314453125,31.189685821533203,,,71.96550750732422
2008-01-18,46.7969970703125,31.40102767944336,,,72.01260375976562
2008-01-22,46.277313232421875,30.408939361572266,,,72.04403686523438
2008-01-23,47.48873519897461,30.567419052124023,,,72.12257385253906
2008-01-24,47.79338455200195,30.98422622680664,,,72.15399932861328
2008-01-25,47.09806442260742,30.526336669921875,,,72.07547760009766
2008-01-28,48.08367156982422,31.28948211669922,,,72.10681915283203
2008-01-29,48.280818939208984,31.55364990234375,,,72.1697006225586
2008-01-30,47.843563079833984,31.307098388671875,,,72.20105743408203
2008-01-31,48.8148193359375,31.741498947143555,,,72.20105743408203
2008-02-01,49.603302001953125,32.16419219970703,,,72.19320678710938
2008-02-04,49.015541076660156,31.993938446044922,,,72.2090072631836
2008-02-05,47.62492752075195,30.608518600463867,,,72.16177368164062
2008-02-06,47.2629280090332,30.508716583251953,,,72.2247085571289
2008-02-07,47.69659423828125,30.49697494506836,,,72.2090072631836
2008-02-08,47.417057037353516,30.332611083984375,,,72.2090072631836
2008-02-11,47.69302749633789,30.532203674316406,,,72.2247085571289
2008-02-12,48.13385772705078,30.89027976989746,,,72.2090072631836
2008-02-13,48.682228088378906,31.29535484313965,,,72.2247085571289
2008-02-14,48.051429748535156,31.060535430908203,,,72.24047088623047
2008-02-15,48.06217956542969,31.095783233642578,,,72.24047088623047
2008-02-19,48.2162971496582,31.42450523376465,,,72.24047088623047
2008-02-20,48.44209671020508,31.447988510131836,,,72.2090072631836
2008-02-21,47.90088653564453,31.406896591186523,,,72.27192687988281
2008-02-22,48.12311935424805,31.759140014648438,,,72.27192687988281
2008-02-25,48.92953109741211,32.275726318359375,,,72.24047088623047
2008-02-26,49.24491882324219,32.798187255859375,,,72.28765106201172
2008-02-27,49.166046142578125,32.84515380859375,,,72.3034439086914
2008-02-28,48.67147445678711,32.575111389160156,,,72.3034439086914
2008-02-29,47.59626388549805,31.67106819152832,,,72.31916046142578
2008-03-03,47.427799224853516,31.7121524810791,,,72.34597778320312
2008-03-04,47.27728271484375,31.307098388671875,,,72.34597778320312
2008-03-05,47.54248809814453,31.729774475097656,,,72.33023071289062
2008-03-06,46.55686950683594,31.25426483154297,,,72.36180114746094
2008-03-07,46.05510711669922,30.907913208007812,,,72.36180114746094
2008-03-10,45.35261154174805,30.538074493408203,,,72.36180114746094
2008-03-11,46.95829772949219,31.759140014648438,,,72.36180114746094
2008-03-12,46.510292053222656,31.50082015991211,,,72.37755584716797
2008-03-13,46.811344146728516,31.506690979003906,,,72.36180114746094
2008-03-14,45.95116424560547,30.866809844970703,,,72.45642852783203
2008-03-17,45.420738220214844,30.2210693359375,,,72.44068908691406
2008-03-18,47.309532165527344,31.336463928222656,,,72.51951599121094
2008-03-19,46.04436111450195,29.997995376586914,,,72.53529357910156
2008-03-20,47.00846481323242,30.191713333129883,,,72.51951599121094
2008-03-24,48.02633285522461,31.207304000854492,,,72.45642852783203
2008-03-25,48.09584045410156,31.54191017150879,,,72.40911102294922
2008-03-26,47.530521392822266,31.43623924255371,,,72.45642852783203
2008-03-27,47.35407257080078,31.389286041259766,,,72.4722671508789
2008-03-28,46.93277359008789,31.49496078491211,,,72.40911102294922
2008-03-31,47.17041778564453,31.641714096069336,,,72.48799133300781
2008-04-01,48.779991149902344,32.56336975097656,,,72.44055938720703
2008-04-02,48.8123893737793,32.72187423706055,,,72.44055938720703
2008-04-03,48.8700065612793,32.81581497192383,,,72.44055938720703
2008-04-04,48.88801574707031,32.798187255859375,,,72.47218322753906
2008-04-07,48.91322708129883,32.91559982299805,,,72.44055938720703
2008-04-08,48.82318115234375,32.75709915161133,,,72.48797607421875
2008-04-09,48.383888244628906,32.38138198852539,,,72.48797607421875
2008-04-10,48.62876892089844,32.45769500732422,,,72.48797607421875
2008-04-11,47.63492965698242,31.982202529907227,,,72.48797607421875
2008-04-14,47.472900390625,32.023292541503906,,,72.51958465576172
2008-04-15,47.69974899291992,32.25224304199219,,,72.51958465576172
2008-04-16,48.88080978393555,33.34415054321289,,,72.47218322753906
2008-04-17,48.94200897216797,33.132816314697266,,,72.47218322753906
2008-04-18,49.61536407470703,33.32067108154297,,,72.42478942871094
2008-04-21,49.51095199584961,33.31478500366211,,,72.45639038085938
2008-04-22,49.09686279296875,33.28544235229492,,,72.47218322753906
2008-04-23,49.248085021972656,33.32067108154297,,,72.47218322753906
2008-04-24,49.52176284790039,33.22673797607422,,,72.48797607421875
2008-04-25,49.903419494628906,33.42045974731445,,,72.48797607421875
2008-04-28,49.88182067871094,33.5965690612793,,,72.44055938720703
2008-04-29,49.67300033569336,33.17977523803711,,,72.51958465576172
2008-04-30,49.474945068359375,33.51438522338867,,,72.44055938720703
2008-05-01,50.34633255004883,33.75508117675781,,,72.49439239501953
2008-05-02,50.49037551879883,33.8548698425293,,,72.44690704345703
2008-05-05,50.23110580444336,33.94879913330078,,,72.46273040771484
2008-05-06,50.659610748291016,34.136653900146484,,,72.43109130859375
2008-05-07,49.9466552734375,33.637664794921875,,,72.47850036621094
2008-05-08,49.845829010009766,33.684627532958984,,,72.44690704345703
2008-05-09,49.81703186035156,33.49677658081055,,,72.47850036621094
2008-05-12,50.3319206237793,33.88421630859375,,,72.47850036621094
2008-05-13,50.38954544067383,33.7902946472168,,,72.44690704345703
2008-05-14,50.5479736328125,33.8372688293457,,,72.44690704345703
2008-05-15,51.08449935913086,34.41255187988281,,,72.44690704345703
2008-05-16,51.17451858520508,34.76479721069336,,,72.46273040771484
2008-05-19,51.25374221801758,34.87632369995117,,,72.46273040771484
2008-05-20,50.83244323730469,34.359737396240234,,,72.43109130859375
2008-05-21,49.979061126708984,34.107295989990234,,,72.43109130859375
2008-05-22,50.14828872680664,34.43016815185547,,,72.47850036621094
2008-05-23,49.42454528808594,33.866600036621094,,,72.47850036621094
2008-05-27,49.856632232666016,33.87248992919922,,,72.47850036621094
2008-05-28,50.15546417236328,33.7257194519043,,,72.51020812988281
2008-05-29,50.37513732910156,34.01924514770508,,,72.47850036621094
2008-05-30,50.47236633300781,33.989898681640625,,,72.51020812988281
2008-06-02,50.06907272338867,33.80202865600586,,,72.56877899169922
2008-06-03,49.799007415771484,33.578956604003906,,,72.56877899169922
2008-06-04,49.889034271240234,33.138675689697266,,,72.5529556274414
2008-06-05,50.861244201660156,33.96054458618164,,,72.50542449951172
2008-06-06,49.327308654785156,33.009521484375,,,72.52127075195312
2008-06-09,49.36692810058594,32.962554931640625,,,72.5529556274414
2008-06-10,49.11845016479492,32.40487289428711,,,72.60037994384766
2008-06-11,48.376712799072266,31.964588165283203,,,72.64796447753906
2008-06-12,48.52073287963867,31.964588165283203,,,72.60037994384766
2008-06-13,49.240909576416016,32.0291633605957,,,72.64796447753906
2008-06-16,49.32370376586914,32.37553787231445,,,72.64796447753906
2008-06-17,48.97084045410156,32.52227783203125,,,72.63211822509766
2008-06-18,48.610748291015625,32.228763580322266,,,72.663818359375
2008-06-19,48.75476837158203,32.228763580322266,,,72.64796447753906
2008-06-20,47.962608337402344,31.336463928222656,,,72.67961120605469
2008-06-23,47.81857681274414,31.406896591186523,,,72.67961120605469
2008-06-24,47.58195495605469,30.907913208007812,,,72.67961120605469
2008-06-25,47.92204284667969,31.359933853149414,,,72.69544219970703
2008-06-26,46.53278350830078,30.89617156982422,,33.78748321533203,72.69544219970703
2008-06-27,46.46766662597656,30.954858779907227,,33.73295974731445,72.72713470458984
2008-06-30,46.37358856201172,31.142730712890625,,33.76022720336914,72.67961120605469
2008-07-01,46.59067153930664,30.731782913208008,,33.460365295410156,72.70498657226562
2008-07-02,45.635562896728516,30.32086944580078,,32.96969985961914,72.70498657226562
2008-07-03,45.59213638305664,30.291513442993164,,33.058311462402344,72.70498657226562
2008-07-07,45.150794982910156,30.074298858642578,,32.99014663696289,72.6890640258789
2008-07-08,45.982872009277344,30.262155532836914,,33.05148696899414,72.65741729736328
2008-07-09,45.049476623535156,29.79252052307129,,32.66985321044922,72.67325592041016
2008-07-10,45.331668853759766,30.103654861450195,,32.61534881591797,72.73670196533203
2008-07-11,44.93369674682617,29.675119400024414,,32.472232818603516,72.78424835205078
2008-07-14,44.492332458496094,29.675119400024414,,32.36320114135742,72.78424835205078
2008-07-15,43.92070388793945,29.164386749267578,,31.865718841552734,72.80012512207031
2008-07-16,44.93369674682617,29.763168334960938,,32.519935607910156,72.81597900390625
2008-07-17,45.40401077270508,30.056686401367188,,32.935630798339844,72.70498657226562
2008-07-18,45.65725326538086,30.115400314331055,,32.90155029296875,72.80012512207031
2008-07-21,45.780277252197266,30.408939361572266,,33.00376892089844,72.73670196533203
2008-07-22,46.388065338134766,30.526336669921875,,33.187782287597656,72.76838684082031
2008-07-23,46.61238098144531,30.643741607666016,,33.44674301147461,72.80012512207031
2008-07-24,45.51979446411133,30.027355194091797,,32.71074676513672,72.78424835205078
2008-07-25,45.65725326538086,30.027355194091797,,32.85386276245117,72.80012512207031
2008-07-28,45.04222869873047,29.52835464477539,,32.329132080078125,72.80012512207031
2008-07-29,45.997344970703125,29.93342399597168,,32.642601013183594,72.80012512207031
2008-07-30,46.61238098144531,30.3502140045166,,33.187782287597656,72.81597900390625
2008-07-31,46.08417892456055,29.997995376586914,,32.85386276245117,72.81597900390625
2008-08-01,45.88158416748047,29.686853408813477,,32.66304016113281,72.79373168945312
2008-08-04,45.49808883666992,29.211353302001953,,32.1860237121582,72.80962371826172
2008-08-05,46.66303253173828,29.833599090576172,,32.97651290893555,72.82545471191406
2008-08-06,46.720924377441406,29.909923553466797,,33.19460678100586,72.79373168945312
2008-08-07,46.05522537231445,29.299406051635742,,32.43815994262695,72.84138488769531
2008-08-08,47.03205490112305,29.275920867919922,,32.867488861083984,72.82545471191406
2008-08-11,47.50236511230469,29.29354476928711,,33.065101623535156,72.84138488769531
2008-08-12,46.98139190673828,29.000003814697266,,32.6085319519043,72.79373168945312
2008-08-13,46.87288284301758,28.706493377685547,,32.24734115600586,72.85722351074219
2008-08-14,47.11888885498047,28.618432998657227,,32.390445709228516,72.84138488769531
2008-08-15,47.39382553100586,28.33077621459961,,32.36320114135742,72.85722351074219
2008-08-18,46.699214935302734,28.031387329101562,,31.82483673095703,72.80962371826172
2008-08-19,46.207191467285156,27.855268478393555,,31.552249908447266,72.87310791015625
2008-08-20,46.37358856201172,28.131181716918945,,31.838462829589844,72.87310791015625
2008-08-21,46.49659729003906,28.295564651489258,,32.08378601074219,72.88902282714844
2008-08-22,47.1478271484375,28.354259490966797,,32.2541618347168,72.90486907958984
2008-08-25,46.156524658203125,27.949207305908203,,31.66128158569336,72.88902282714844
2008-08-26,46.30848693847656,27.943326950073242,,31.82483673095703,72.90486907958984
2008-08-27,46.61961364746094,28.30730628967285,,31.865718841552734,72.90486907958984
2008-08-28,47.37937545776367,28.559730529785156,,32.5403938293457,72.90486907958984
2008-08-29,46.757102966308594,28.4658145904541,,32.24734115600586,72.87310791015625
2008-09-02,46.561729431152344,28.002033233642578,,31.347789764404297,72.92555236816406
2008-09-03,46.47491455078125,27.784833908081055,,31.456836700439453,72.92555236816406
2008-09-04,45.049476623535156,26.56965446472168,,30.29832649230957,72.92555236816406
2008-09-05,45.31720733642578,26.640092849731445,,30.1007022857666,72.94149780273438
2008-09-08,46.10587692260742,27.004051208496094,,30.95254135131836,72.94149780273438
2008-09-09,44.506805419921875,26.211544036865234,,30.18247413635254,72.92555236816406
2008-09-10,44.803443908691406,26.4052734375,,30.427814483642578,72.95735931396484
2008-09-11,45.43296432495117,26.4052734375,,30.40736961364746,72.94149780273438
2008-09-12,45.88158416748047,26.921873092651367,,30.748109817504883,72.9732894897461
2008-09-15,43.77598571777344,25.44839096069336,,29.487380981445312,73.05276489257812
2008-09-16,44.340370178222656,25.583412170410156,,29.978042602539062,73.08455657958984
2008-09-17,42.357791900634766,24.415199279785156,,28.356136322021484,73.40249633789062
2008-09-18,43.77598571777344,25.583412170410156,,29.848552703857422,73.1958999633789
2008-09-19,45.88882064819336,27.667415618896484,,31.6272029876709,72.94149780273438
2008-09-22,44.30418014526367,27.49718475341797,,30.482322692871094,72.9732894897461
2008-09-23,43.551673889160156,26.37004280090332,,30.679954528808594,73.21173858642578
2008-09-24,43.512413024902344,26.287866592407227,,29.712261199951172,72.98919677734375
2008-09-25,44.29045867919922,26.73402214050293,,30.557294845581055,73.06868743896484
2008-09-26,44.25410079956055,26.49333381652832,,30.850318908691406,73.1958999633789
2008-09-29,41.3382568359375,23.775306701660156,,28.894485473632812,73.5138168334961
2008-09-30,42.43622970581055,24.914180755615234,,29.310203552246094,73.24353790283203
2008-10-01,42.38534164428711,24.990493774414062,,28.8808650970459,73.23238372802734
2008-10-02,40.4802131652832,23.569849014282227,,27.32711410522461,73.2005844116211
2008-10-03,39.86214828491211,23.305679321289062,,27.088586807250977,73.2005844116211
2008-10-06,38.473289489746094,21.673688888549805,,25.793781280517578,73.18463897705078
2008-10-07,36.124610900878906,21.057296752929688,,24.60802459716797,73.16869354248047
2008-10-08,35.43383026123047,20.558313369750977,,24.226404190063477,73.10504150390625
2008-10-09,33.208744049072266,19.313777923583984,,23.067895889282227,73.21646118164062
2008-10-10,32.248924255371094,19.084829330444336,,22.338722229003906,73.28016662597656
2008-10-13,36.38639450073242,21.6795654296875,,25.34400749206543,72.99359130859375
2008-10-14,36.073699951171875,21.23341178894043,,25.882369995117188,73.1209716796875
2008-10-15,32.69975280761719,18.785438537597656,,22.74078369140625,73.13690185546875
2008-10-16,34.20494079589844,19.65425682067871,,23.279138565063477,73.10504150390625
2008-10-17,33.885005950927734,19.325510025024414,,23.05426788330078,72.94585418701172
2008-10-20,35.62287139892578,20.288267135620117,,24.669353485107422,73.1209716796875
2008-10-21,34.54669952392578,19.372468948364258,,23.142847061157227,73.1209716796875
2008-10-22,32.61977005004883,17.810935974121094,,21.445987701416016,73.02546691894531
2008-10-23,33.0269660949707,18.010528564453125,,21.398279190063477,73.1209716796875
2008-10-24,31.441802978515625,16.965593338012695,,21.241539001464844,73.04136657714844
2008-10-27,30.42378807067871,15.97348690032959,,20.055776596069336,73.1528091430664
2008-10-28,33.47780990600586,17.95182991027832,,21.26198387145996,73.13690185546875
2008-10-29,33.143310546875,18.468433380126953,,22.829374313354492,73.05728149414062
2008-10-30,34.26313018798828,19.167003631591797,,23.026996612548828,73.1528091430664
2008-10-31,35.01935958862305,19.243331909179688,,23.026996612548828,73.07321166992188
2008-11-03,34.903011322021484,19.27855110168457,,23.040634155273438,73.05249786376953
2008-11-04,36.16096115112305,20.652236938476562,,24.280927658081055,73.08434295654297
2008-11-05,34.3721809387207,19.583810806274414,,23.006561279296875,73.11626434326172
2008-11-06,32.685203552246094,18.15142250061035,,21.65043067932129,73.22776794433594
2008-11-07,33.52869415283203,19.31963539123535,,22.706708908081055,73.22776794433594
2008-11-10,33.15785598754883,19.155275344848633,,22.495452880859375,73.21183013916016
2008-11-11,32.401611328125,18.333406448364258,,21.602724075317383,73.21183013916016
2008-11-12,30.743724822998047,17.2767276763916,,20.61458396911621,73.22776794433594
2008-11-13,32.772464752197266,18.93219566345215,,22.154720306396484,73.22776794433594
2008-11-14,31.376359939575195,17.752233505249023,,20.83265495300293,73.22776794433594
2008-11-17,30.554672241210938,17.388263702392578,,20.65546989440918,73.25961303710938
2008-11-18,30.838258743286133,17.323692321777344,,20.805397033691406,73.17996978759766
2008-11-19,28.969493865966797,16.249401092529297,,19.428821563720703,73.16407012939453
2008-11-20,27.035293579101562,15.051827430725098,,18.140844345092773,73.21183013916016
2008-11-21,28.569564819335938,16.319847106933594,,19.565113067626953,73.19595336914062
2008-11-24,30.271087646484375,17.55851173400879,,20.58051300048828,73.21183013916016
2008-11-25,30.692825317382812,17.664173126220703,,20.791772842407227,73.22776794433594
2008-11-26,31.82716941833496,17.975318908691406,,21.296052932739258,73.25961303710938
2008-11-28,32.21255874633789,17.940086364746094,,21.45961570739746,73.03652954101562
2008-12-01,29.333066940307617,16.531179428100586,,19.69459342956543,73.2374267578125
2008-12-02,30.489225387573242,17.223894119262695,,20.63503074645996,73.30123138427734
2008-12-03,31.274547576904297,17.46457862854004,,21.050729751586914,73.18962097167969
2008-12-04,30.343793869018555,16.8305721282959,,20.26703453063965,73.15773010253906
2008-12-05,31.419973373413086,17.200410842895508,,20.91444206237793,73.15773010253906
2008-12-08,32.61977005004883,18.080982208251953,,21.779903411865234,73.1736831665039
2008-12-09,32.02350616455078,17.89899444580078,,21.4664363861084,73.14179992675781
2008-12-10,32.387088775634766,18.43320655822754,,21.902570724487305,73.18962097167969
2008-12-11,31.478158950805664,18.351016998291016,,21.575464248657227,73.10985565185547
2008-12-12,31.790822982788086,18.491912841796875,,21.773094177246094,73.14179992675781
2008-12-15,31.267271041870117,18.515390396118164,,21.602724075317383,73.12586212158203
2008-12-16,32.910606384277344,19.613161087036133,,22.781675338745117,73.1736831665039
2008-12-17,32.67066955566406,19.454660415649414,,22.67264175415039,73.12586212158203
2008-12-18,32.10349655151367,18.891103744506836,,21.97071647644043,73.0779800415039
2008-12-19,32.074405670166016,18.591705322265625,,21.88894271850586,73.12586212158203
2008-12-22,31.623790740966797,18.491912841796875,,21.65043067932129,73.22150421142578
2008-12-23,31.28672981262207,18.327539443969727,,21.45279312133789,73.14179992675781
2008-12-24,31.41131019592285,18.553356170654297,,21.59203338623047,73.22150421142578
2008-12-26,31.74103546142578,18.613574981689453,,21.777219772338867,73.22150421142578
2008-12-29,31.499242782592773,18.64368438720703,,21.763507843017578,72.96305847167969
2008-12-30,32.32718276977539,19.209747314453125,,22.332813262939453,73.21833038330078
2008-12-31,32.78146743774414,19.462657928466797,,22.620880126953125,73.05876922607422
2009-01-02,33.7266731262207,19.84805679321289,,23.2313289642334,73.0747299194336
2009-01-05,33.719337463378906,19.601158142089844,,23.2999267578125,73.0747299194336
2009-01-06,33.99776840209961,19.854082107543945,,23.217609405517578,73.09065246582031
2009-01-07,33.04526138305664,19.33619499206543,,22.703189849853516,73.20237731933594
2009-01-08,33.191795349121094,19.58308982849121,,22.62774085998535,73.12261962890625
2009-01-09,32.37847900390625,18.962844848632812,,22.07901954650879,73.17048645019531
2009-01-12,31.66775131225586,18.426898956298828,,21.516592025756836,73.13853454589844
2009-01-13,31.711708068847656,18.258285522460938,,21.33139419555664,73.23428344726562
2009-01-14,30.6785888671875,17.433290481567383,,20.583770751953125,73.25019836425781
2009-01-15,30.788503646850586,17.48748779296875,,20.823835372924805,73.26616668701172
2009-01-16,31.01563262939453,17.68018913269043,,21.07761001586914,73.21833038330078
2009-01-20,29.403684616088867,16.361404418945312,,19.527482986450195,73.09065246582031
2009-01-21,30.605327606201172,17.19843292236328,,20.57691192626953,73.21833038330078
2009-01-22,30.0777645111084,16.74077033996582,,20.179092407226562,73.23428344726562
2009-01-23,30.260942459106445,16.710664749145508,,20.206520080566406,73.21833038330078
2009-01-26,30.429473876953125,16.96358871459961,,20.343700408935547,73.20237731933594
2009-01-27,30.788503646850586,17.270700454711914,,20.73466682434082,73.17048645019531
2009-01-28,31.850929260253906,17.89698028564453,,21.372549057006836,73.13853454589844
2009-01-29,30.803163528442383,17.06595230102539,,20.460304260253906,73.13853454589844
2009-01-30,30.143712997436523,16.9334774017334,,20.165372848510742,73.20237731933594
2009-02-02,30.092430114746094,16.710664749145508,,20.131078720092773,73.24703216552734
2009-02-03,30.517396926879883,17.210481643676758,,20.528900146484375,73.18326568603516
2009-02-04,30.356204986572266,17.180377960205078,,20.384862899780273,73.23109436035156
2009-02-05,30.839778900146484,17.75245475769043,,21.276525497436523,73.1991958618164
2009-02-06,31.726367950439453,17.96320915222168,,21.399988174438477,73.08746337890625
2009-02-09,31.733686447143555,17.89095115661621,,21.3382568359375,73.18326568603516
2009-02-10,30.282926559448242,17.005741119384766,,20.343700408935547,73.16726684570312
2009-02-11,30.46610450744629,17.1502628326416,,20.48773765563965,73.15127563476562
2009-02-12,30.546709060668945,17.19843292236328,,20.439727783203125,73.15127563476562
2009-02-13,30.23896598815918,16.993694305419922,,20.36427879333496,73.21512603759766
2009-02-17,28.934738159179688,15.982024192810059,,19.273704528808594,73.21512603759766
2009-02-18,28.83949851989746,15.988048553466797,,19.1570987701416,73.23109436035156
2009-02-19,28.531749725341797,15.92180347442627,,19.10222625732422,73.23109436035156
2009-02-20,28.194705963134766,15.783300399780273,,18.51922035217285,73.23109436035156
2009-02-23,27.23485565185547,15.241327285766602,,18.22427749633789,73.21512603759766
2009-02-24,28.224010467529297,15.783300399780273,,18.937612533569336,73.16726684570312
2009-02-25,28.00419807434082,15.530384063720703,,18.66325569152832,73.13536834716797
2009-02-26,27.491296768188477,15.807392120361328,,18.532930374145508,73.15127563476562
2009-02-27,26.97108268737793,15.373815536499023,,18.244863510131836,73.1991958618164
2009-03-02,25.71814727783203,14.452467918395996,,17.31203842163086,73.24225616455078
2009-03-03,25.498336791992188,14.404294967651367,,17.168001174926758,73.22628784179688
2009-03-04,26.055192947387695,15.096808433532715,,17.895051956176758,73.22628784179688
2009-03-05,25.00008773803711,14.42838191986084,,17.161149978637695,73.24225616455078
2009-03-06,24.992759704589844,14.452467918395996,,17.09942054748535,73.22628784179688
2009-03-09,24.692344665527344,14.217619895935059,,16.804471969604492,73.22628784179688
2009-03-10,26.267669677734375,15.181112289428711,,17.997943878173828,73.22628784179688
2009-03-11,26.36293601989746,15.337684631347656,,18.01165008544922,73.22628784179688
2009-03-12,27.447338104248047,15.626740455627441,,18.676979064941406,73.1944351196289
2009-03-13,27.740428924560547,15.75318717956543,,19.20511817932129,73.1784439086914
2009-03-16,27.58655548095703,15.988048553466797,,18.78670883178711,73.16246795654297
2009-03-17,28.458473205566406,16.33731460571289,,19.342288970947266,73.2103271484375
2009-03-18,29.06662368774414,16.807016372680664,,19.794981002807617,73.22628784179688
2009-03-19,28.77353858947754,16.76486587524414,,19.692100524902344,73.1784439086914
2009-03-20,28.165393829345703,16.45172691345215,,19.335432052612305,73.2103271484375
2009-03-23,30.12173080444336,17.8066463470459,,20.830686569213867,73.22628784179688
2009-03-24,29.520917892456055,17.210481643676758,,20.23396110534668,73.2103271484375
2009-03-25,29.82931137084961,17.499542236328125,,20.515180587768555,73.24225616455078
2009-03-26,30.574495315551758,17.7705135345459,,20.864988327026367,73.22628784179688
2009-03-27,29.999008178710938,17.228553771972656,,20.28883171081543,73.24225616455078
2009-03-30,28.943960189819336,16.54205894470215,,19.452043533325195,73.22628784179688
2009-03-31,29.202186584472656,16.9334774017334,,19.856718063354492,73.1944351196289
2009-04-01,29.785043716430664,17.409204483032227,,20.275115966796875,73.20716857910156
2009-04-02,30.67778968811035,18.26430892944336,,21.13248634338379,73.1592788696289
2009-04-03,31.061443328857422,18.360658645629883,,21.22850799560547,73.20716857910156
2009-04-06,30.758939743041992,18.03547477722168,,21.009021759033203,73.19122314453125
2009-04-07,29.976879119873047,17.692230224609375,,20.528900146484375,73.19122314453125
2009-04-08,30.397422790527344,17.84278106689453,,20.851268768310547,73.22313690185547
2009-04-09,31.629539489746094,18.420873641967773,,21.578319549560547,73.17523956298828
2009-04-13,31.673812866210938,18.571420669555664,,21.708635330200195,73.22313690185547
2009-04-14,31.08357048034668,18.438940048217773,,21.413711547851562,73.19122314453125
2009-04-15,31.415569305419922,18.679811477661133,,21.674345016479492,73.19122314453125
2009-04-16,31.954166412353516,18.842409133911133,,21.928123474121094,73.23908996582031
2009-04-17,32.16815185546875,18.764122009277344,,21.886978149414062,73.1592788696289
2009-04-20,30.803207397460938,17.981281280517578,,20.88555908203125,73.19122314453125
2009-04-21,31.415569305419922,18.35463523864746,,21.351970672607422,73.17523956298828
2009-04-22,31.282787322998047,18.21613311767578,,21.22850799560547,73.22313690185547
2009-04-23,31.50412368774414,18.673799514770508,,21.674345016479492,73.25503540039062
2009-04-24,32.057472229003906,18.998971939086914,,21.91440773010254,73.25503540039062
2009-04-27,31.72545623779297,18.649703979492188,,21.667484283447266,73.23908996582031
2009-04-28,31.666433334350586,18.487119674682617,,21.489160537719727,73.25503540039062
2009-04-29,32.41899490356445,19.101346969604492,,22.051589965820312,73.23908996582031
2009-04-30,32.411617279052734,19.173606872558594,,22.250499725341797,73.23908996582031
2009-05-01,32.596073150634766,19.510835647583008,,22.511138916015625,73.26302337646484
2009-05-04,33.71016311645508,20.40206527709961,,23.3753604888916,73.16724395751953
2009-05-05,33.59209442138672,20.173236846923828,,23.23818588256836,73.1832275390625
2009-05-06,34.11593246459961,20.71520233154297,,23.608570098876953,73.16724395751953
2009-05-07,33.584716796875,20.26958465576172,,23.341073989868164,73.16724395751953
2009-05-08,34.34465408325195,21.190935134887695,,24.171009063720703,73.1832275390625
2009-05-11,33.754417419433594,20.618858337402344,,23.471399307250977,73.16724395751953
2009-05-12,33.66586685180664,20.7874755859375,,23.601722717285156,73.2311019897461
2009-05-13,32.706722259521484,20.04075813293457,,22.915815353393555,73.1832275390625
2009-05-14,33.03873825073242,20.305721282958984,,23.087289810180664,73.1991958618164
2009-05-15,32.691993713378906,20.10097312927246,,22.96382713317871,73.1991958618164
2009-05-18,33.69538497924805,21.016292572021484,,23.855491638183594,73.24703979492188
2009-05-19,33.702762603759766,21.21501922607422,,23.951528549194336,73.2311019897461
2009-05-20,33.51093673706055,21.293304443359375,,23.937803268432617,73.16724395751953
2009-05-21,32.90592956542969,21.136737823486328,,23.71831703186035,73.21513366699219
2009-05-22,32.928070068359375,21.293304443359375,,23.80062484741211,73.2311019897461
2009-05-26,33.81342697143555,21.66063690185547,,24.294464111328125,73.24703979492188
2009-05-27,33.24531555175781,21.341476440429688,,23.882925033569336,73.24703979492188
2009-05-28,33.65849685668945,21.618488311767578,,24.26703453063965,73.2311019897461
2009-05-29,34.18235778808594,22.082162857055664,,24.60997772216797,73.24703979492188
2009-06-01,35.03082275390625,22.58800506591797,,25.3370418548584,73.18958282470703
2009-06-02,35.17100143432617,22.768653869628906,,25.295883178710938,73.18958282470703
2009-06-03,34.74307632446289,21.973777770996094,,24.767742156982422,73.2215347290039
2009-06-04,35.08982467651367,22.244749069213867,,25.00779914855957,73.2215347290039
2009-06-05,35.0234260559082,22.052051544189453,,24.88434410095215,73.20557403564453
2009-06-08,34.927520751953125,21.937644958496094,,24.767742156982422,73.2215347290039
2009-06-09,35.11198425292969,22.094207763671875,,24.987224578857422,73.20557403564453
2009-06-10,35.0234260559082,22.244749069213867,,24.911775588989258,73.2215347290039
2009-06-11,35.230037689208984,22.624130249023438,,25.289012908935547,73.17362976074219
2009-06-12,35.25953674316406,22.395307540893555,,25.22042465209961,73.23748779296875
2009-06-15,34.44057083129883,21.65461540222168,,24.452228546142578,73.23748779296875
2009-06-16,33.96099090576172,21.4257869720459,,24.12299156188965,73.25349426269531
2009-06-17,33.91672897338867,21.32943344116211,,24.020116806030273,73.25349426269531
2009-06-18,34.10117721557617,21.37158966064453,,24.074987411499023,73.23748779296875
2009-06-19,34.226619720458984,21.750972747802734,,24.143573760986328,73.25349426269531
2009-06-22,33.23796081542969,20.859729766845703,,23.402801513671875,73.25349426269531
2009-06-23,33.23796081542969,21.09458351135254,,23.65658187866211,73.25349426269531
2009-06-24,33.49968338012695,21.31739044189453,,23.876075744628906,73.25349426269531
2009-06-25,34.27824020385742,21.702796936035156,,24.38364028930664,73.25349426269531
2009-06-26,34.211517333984375,21.732908248901367,,24.397350311279297,73.25349426269531
2009-06-29,34.53776168823242,21.84731674194336,,24.59626579284668,73.25349426269531
2009-06-30,34.307899475097656,21.62450408935547,,24.184722900390625,73.23748779296875
2009-07-01,34.50809860229492,22.00990867614746,,24.61684226989746,73.23912048339844
2009-07-02,33.60349655151367,21.34750747680664,,23.889793395996094,73.25508117675781
2009-07-06,33.47745895385742,21.359548568725586,,23.855491638183594,73.23912048339844
2009-07-07,32.787879943847656,20.829618453979492,,23.3753604888916,73.23912048339844
2009-07-08,32.743385314941406,20.733272552490234,,23.313640594482422,73.25508117675781
2009-07-09,32.81011962890625,20.986186981201172,,23.519399642944336,73.23912048339844
2009-07-10,32.72856521606445,20.817581176757812,,23.40966033935547,73.23912048339844
2009-07-13,33.4848518371582,21.106624603271484,,23.862356185913086,73.25508117675781
2009-07-14,33.72213363647461,21.263198852539062,,24.020116806030273,73.25508117675781
2009-07-15,34.73052978515625,22.040006637573242,,24.84319496154785,73.22314453125
2009-07-16,35.07161331176758,22.238739013671875,,24.95978546142578,73.25508117675781
2009-07-17,35.08644485473633,22.25078010559082,,25.01466941833496,73.25508117675781
2009-07-20,35.479434967041016,22.774686813354492,,25.487939834594727,73.22314453125
2009-07-21,35.635135650634766,22.786727905273438,,25.487939834594727,73.22314453125
2009-07-22,35.657379150390625,22.871036529541016,,25.56338119506836,73.23912048339844
2009-07-23,36.502662658691406,23.35276985168457,,26.132675170898438,73.22314453125
2009-07-24,36.62129592895508,23.388916015625,,26.201261520385742,73.20714569091797
2009-07-27,36.77701187133789,23.539459228515625,,26.297292709350586,73.20714569091797
2009-07-28,36.68803024291992,23.413005828857422,,26.187543869018555,73.22314453125
2009-07-29,36.51006317138672,23.1359806060791,,25.906335830688477,73.22314453125
2009-07-30,36.903045654296875,23.61774444580078,,26.43446922302246,73.23912048339844
2009-07-31,36.96237564086914,23.918842315673828,,26.63338279724121,73.19119262695312
2009-08-03,37.585208892822266,24.569198608398438,,27.20952606201172,73.21034240722656
2009-08-04,37.726097106933594,24.430692672729492,,27.120376586914062,73.2263412475586
2009-08-05,37.63710403442383,24.38252830505371,,27.09293556213379,73.21034240722656
2009-08-06,37.37758255004883,24.17777442932129,,26.914592742919922,73.21034240722656
2009-08-07,37.90403366088867,24.2982177734375,,27.106643676757812,73.21034240722656
2009-08-10,37.815040588378906,24.03927230834961,,26.935184478759766,73.21034240722656
2009-08-11,37.325706481933594,23.720117568969727,,26.647090911865234,73.21034240722656
2009-08-12,37.73350143432617,24.057336807250977,,26.942035675048828,73.24231719970703
2009-08-13,38.0671501159668,24.38854217529297,,27.278118133544922,73.21034240722656
2009-08-14,37.71867370605469,24.250041961669922,,26.996902465820312,73.24231719970703
2009-08-17,36.739933013916016,23.27449607849121,,26.19440460205078,73.21034240722656
2009-08-18,37.1254997253418,23.762264251708984,,26.551069259643555,73.24231719970703
2009-08-19,37.4443359375,23.918842315673828,,26.66082000732422,73.21034240722656
2009-08-20,37.80022048950195,24.201862335205078,,26.969463348388672,73.2263412475586
2009-08-21,38.504615783691406,24.611351013183594,,27.5181941986084,73.21034240722656
2009-08-24,38.55652618408203,24.659530639648438,,27.55247688293457,73.21034240722656
2009-08-25,38.630680084228516,24.852224349975586,,27.627931594848633,73.21034240722656
2009-08-26,38.601036071777344,24.707693099975586,,27.538766860961914,73.2263412475586
2009-08-27,38.7344856262207,24.840179443359375,,27.621068954467773,73.2263412475586
2009-08-28,38.704811096191406,24.864273071289062,,27.61419677734375,73.24231719970703
2009-08-31,38.334083557128906,24.617382049560547,,27.346712112426758,73.24231719970703
2009-09-01,37.488807678222656,24.03927230834961,,26.749990463256836,73.19758605957031
2009-09-02,37.33309555053711,24.093475341796875,,26.797996520996094,73.26148986816406
2009-09-03,37.6741828918457,24.352415084838867,,27.09293556213379,73.26148986816406
2009-09-04,38.1561279296875,24.76189422607422,,27.435880661010742,73.26148986816406
2009-09-08,38.54171371459961,25.273754119873047,,27.93657875061035,73.26148986816406
2009-09-09,38.92725372314453,25.466461181640625,,28.190359115600586,73.21354675292969
2009-09-10,39.32765197753906,25.743452072143555,,28.48530387878418,73.22949981689453
2009-09-11,39.35731887817383,25.701305389404297,,28.451000213623047,73.21354675292969
2009-09-14,39.56493377685547,25.749488830566406,,28.54018211364746,73.21354675292969
2009-09-15,39.75771713256836,25.85788345336914,,28.66363525390625,73.21354675292969
2009-09-16,40.38055419921875,26.393829345703125,,29.15747833251953,73.21354675292969
2009-09-17,40.30640411376953,26.207151412963867,,29.10947036743164,73.22949981689453
2009-09-18,40.36570358276367,26.243282318115234,,29.123186111450195,73.21354675292969
2009-09-21,40.25449752807617,26.0264835357666,,28.883113861083984,73.26148986816406
2009-09-22,40.49177169799805,26.405868530273438,,29.29465675354004,73.21354675292969
2009-09-23,40.0765380859375,26.116811752319336,,28.92427635192871,73.24547576904297
2009-09-24,39.65047836303711,25.72538948059082,,28.499021530151367,73.21354675292969
2009-09-25,39.3972053527832,25.677217483520508,,28.430431365966797,73.24547576904297
2009-09-28,40.1346435546875,26.032506942749023,,28.855682373046875,73.26148986816406
2009-09-29,40.0676155090332,25.9180908203125,,28.814537048339844,73.26148986816406
2009-09-30,39.91862487792969,26.01445198059082,,28.78023338317871,73.26148986816406
2009-10-01,38.86088943481445,25.237634658813477,,28.032615661621094,73.21672058105469
2009-10-02,38.629981994628906,25.050947189331055,,27.89543914794922,73.21672058105469
2009-10-05,39.22587966918945,25.466461181640625,,28.279521942138672,73.2486572265625
2009-10-06,39.80690383911133,25.906051635742188,,28.62934112548828,73.21672058105469
2009-10-07,39.896278381347656,25.91207504272461,,28.76651382446289,73.2486572265625
2009-10-08,40.246402740478516,26.351661682128906,,29.16434097290039,73.21672058105469
2009-10-09,40.52199172973633,26.31553840637207,,29.205486297607422,73.23273468017578
2009-10-12,40.67097854614258,26.496200561523438,,29.356393814086914,73.23273468017578
2009-10-13,40.559242248535156,26.466089248657227,,29.29465675354004,73.23273468017578
2009-10-14,41.28179931640625,27.152576446533203,,29.98054313659668,73.21672058105469
2009-10-15,41.42329788208008,27.194730758666992,,30.014846801757812,73.21672058105469
2009-10-16,41.117919921875,26.851484298706055,,29.671897888183594,73.2486572265625
2009-10-19,41.45310592651367,27.27903175354004,,30.09029197692871,73.23273468017578
2009-10-20,41.1998405456543,27.056222915649414,,29.781648635864258,73.21672058105469
2009-10-21,40.797611236572266,26.90567970275879,,29.66504669189453,73.21672058105469
2009-10-22,41.23707962036133,27.170639038085938,,29.96683692932129,73.21672058105469
2009-10-23,40.70820999145508,26.761146545410156,,29.55528450012207,73.21672058105469
2009-10-26,40.246402740478516,26.375755310058594,,29.15747833251953,73.21672058105469
2009-10-27,40.030364990234375,26.0806884765625,,28.910560607910156,73.21672058105469
2009-10-28,39.15884017944336,25.231597900390625,,28.10120391845703,73.21672058105469
2009-10-29,39.94842529296875,26.164995193481445,,29.082029342651367,73.23273468017578
2009-10-30,38.868343353271484,25.189453125,,28.05318832397461,73.2646255493164
2009-11-02,39.08436584472656,25.454410552978516,,28.23837661743164,73.26622009277344
2009-11-03,39.26313018798828,25.394195556640625,,28.300107955932617,73.26622009277344
2009-11-04,39.330177307128906,25.743452072143555,,28.48530387878418,73.25023651123047
2009-11-05,40.082515716552734,26.15294075012207,,28.95170783996582,73.25023651123047
2009-11-06,40.18680191040039,26.158971786499023,,28.95170783996582,73.26622009277344
2009-11-09,41.08811569213867,26.959869384765625,,29.815946578979492,73.26622009277344
2009-11-10,41.102996826171875,26.88761329650879,,29.761075973510742,73.21832275390625
2009-11-11,41.311561584472656,26.941804885864258,,29.93940544128418,73.21832275390625
2009-11-12,40.84974670410156,26.50823402404785,,29.50728988647461,73.21832275390625
2009-11-13,41.08811569213867,26.86956214904785,,29.80907440185547,73.21832275390625
2009-11-16,41.70637130737305,27.315168380737305,,30.275497436523438,73.21832275390625
2009-11-17,41.75105667114258,27.218826293945312,,30.20690155029297,73.21832275390625
2009-11-18,41.72126007080078,27.05019760131836,,30.460681915283203,73.21832275390625
2009-11-19,41.125343322753906,26.604591369628906,,29.71306037902832,73.21832275390625
2009-11-20,40.99871826171875,26.496200561523438,,29.514144897460938,73.21832275390625
2009-11-23,41.482906341552734,26.929758071899414,,30.00800323486328,73.21832275390625
2009-11-24,41.512699127197266,26.785242080688477,,29.843368530273438,73.21832275390625
2009-11-25,41.676570892333984,27.170639038085938,,30.20004653930664,73.21832275390625
2009-11-27,40.97637939453125,26.25531768798828,,29.418113708496094,73.23432922363281
2009-11-30,41.08065414428711,26.411882400512695,,29.54844856262207,73.23432922363281
2009-12-01,41.58717346191406,27.152576446533203,,30.172605514526367,73.23432922363281
2009-12-02,41.70637130737305,27.212800979614258,,30.227474212646484,73.21832275390625
2009-12-03,41.33392333984375,27.074296951293945,,30.021718978881836,73.21832275390625
2009-12-04,41.639339447021484,27.020095825195312,,30.07657241821289,73.25023651123047
2009-12-07,41.58717346191406,26.91170310974121,,29.9188289642334,73.21832275390625
2009-12-08,41.15513610839844,26.42995262145996,,29.52100944519043,73.21832275390625
2009-12-09,41.28923034667969,26.45404624938965,,29.57587432861328,73.25023651123047
2009-12-10,41.49778366088867,26.56244468688965,,29.71306037902832,73.21832275390625
2009-12-11,41.70637130737305,26.56244468688965,,29.761075973510742,73.21832275390625
2009-12-14,42.01922607421875,26.743091583251953,,29.994277954101562,73.20236206054688
2009-12-15,41.84042739868164,26.532329559326172,,29.76793670654297,73.20236206054688
2009-12-16,41.94472885131836,26.731035232543945,,29.946252822875977,73.21832275390625
2009-12-17,41.4754524230957,26.201120376586914,,29.356393814086914,73.21832275390625
2009-12-18,41.72871780395508,26.158971786499023,,29.493560791015625,73.21832275390625
2009-12-21,42.13840866088867,26.267370223999023,,29.65132713317871,73.21832275390625
2009-12-22,42.35429382324219,26.466089248657227,,29.822797775268555,73.21832275390625
2009-12-23,42.49672317504883,26.70094108581543,,29.987411499023438,73.21832275390625
2009-12-24,42.71411895751953,26.86859703063965,,30.169878005981445,73.23432922363281
2009-12-28,42.7665901184082,26.911582946777344,,30.239521026611328,73.21832275390625
2009-12-29,42.69163513183594,26.96685791015625,,30.2255916595459,73.22470092773438
2009-12-30,42.676639556884766,26.874731063842773,,30.162925720214844,73.24070739746094
2009-12-31,42.256839752197266,26.782617568969727,,30.00970458984375,73.25664520263672
2010-01-04,42.961490631103516,27.611709594726562,,30.713104248046875,73.22470092773438
2010-01-05,43.12641906738281,27.605562210083008,,30.803646087646484,73.20878601074219
2010-01-06,43.1864013671875,27.7283878326416,,30.956863403320312,73.20878601074219
2010-01-07,43.366302490234375,27.562583923339844,,30.838472366333008,73.20878601074219
2010-01-08,43.50872802734375,27.838943481445312,,31.04043960571289,73.20878601074219
2010-01-11,43.56870651245117,27.740680694580078,,31.13793182373047,73.20878601074219
2010-01-12,43.118934631347656,27.611709594726562,,30.789716720581055,73.20878601074219
2010-01-13,43.52372741699219,27.832796096801758,,31.026500701904297,73.24070739746094
2010-01-14,43.598690032958984,27.9064884185791,,31.110071182250977,73.22470092773438
2010-01-15,43.103939056396484,27.525728225708008,,30.768831253051758,73.22470092773438
2010-01-19,43.67365646362305,27.857362747192383,,31.130966186523438,73.22470092773438
2010-01-20,43.26885223388672,27.12652587890625,,30.511138916015625,73.22470092773438
2010-01-21,42.474239349365234,26.432552337646484,,29.835586547851562,73.22470092773438
2010-01-22,41.53718566894531,25.990373611450195,,29.222715377807617,73.22470092773438
2010-01-25,41.717132568359375,26.24217414855957,,29.44557762145996,73.24070739746094
2010-01-26,41.52970886230469,26.045654296875,,29.299333572387695,73.24070739746094
2010-01-27,41.73211669921875,25.959672927856445,,29.194873809814453,73.25664520263672
2010-01-28,41.237335205078125,25.597326278686523,,28.76306915283203,73.24070739746094
2010-01-29,40.75007629394531,25.24112319946289,,28.47751808166504,73.25664520263672
2010-02-01,41.372276306152344,25.81842041015625,,29.055572509765625,73.24070739746094
2010-02-02,41.904518127441406,26.10706329345703,,29.501296997070312,73.22470092773438
2010-02-03,41.69462585449219,25.928970336914062,,29.250579833984375,73.25664520263672
2010-02-04,40.39775466918945,24.749814987182617,,28.21287727355957,73.25664520263672
2010-02-05,40.465206146240234,24.461170196533203,,27.969125747680664,73.25664520263672
2010-02-08,40.1503791809082,24.289207458496094,,27.788055419921875,73.25664520263672
2010-02-09,40.68260955810547,25.038467407226562,,28.386993408203125,73.25664520263672
2010-02-10,40.622642517089844,24.86651039123535,,28.233776092529297,73.25664520263672
2010-02-11,41.057430267333984,25.22884750366211,,28.60288429260254,73.25664520263672
2010-02-12,41.057430267333984,24.878786087036133,,28.428775787353516,73.25664520263672
2010-02-16,41.74709701538086,25.60961151123047,,29.013795852661133,73.25664520263672
2010-02-17,41.9794807434082,25.517492294311523,,29.12521743774414,73.20878601074219
2010-02-18,42.21937561035156,25.812280654907227,,29.292362213134766,73.24070739746094
2010-02-19,42.36929702758789,25.68330955505371,,29.222715377807617,73.20878601074219
2010-02-22,42.301822662353516,25.689453125,,29.250579833984375,73.24070739746094
2010-02-23,41.792076110839844,25.277978897094727,,28.721271514892578,73.20878601074219
2010-02-24,42.16689682006836,25.456079483032227,,28.96503448486328,73.24070739746094
2010-02-25,42.15188980102539,25.339393615722656,,28.90236473083496,73.24070739746094
2010-02-26,42.15188980102539,25.572763442993164,,29.069507598876953,73.24070739746094
2010-03-01,42.654151916503906,25.84912109375,,29.32718849182129,73.20878601074219
2010-03-02,42.789085388183594,26.045654296875,,29.577913284301758,73.22470092773438
2010-03-03,42.84156036376953,26.25444793701172,,29.6754093170166,73.20878601074219
2010-03-04,42.954002380371094,26.156187057495117,,29.731128692626953,73.20878601074219
2010-03-05,43.63618087768555,26.715065002441406,,30.260421752929688,73.20878601074219
2010-03-08,43.6436767578125,26.758052825927734,,30.29523277282715,73.20878601074219
2010-03-09,43.733612060546875,26.721200942993164,,30.29523277282715,73.20878601074219
2010-03-10,43.966007232666016,26.874731063842773,,30.43453598022461,73.22470092773438
2010-03-11,44.13093185424805,26.930015563964844,,30.490257263183594,73.20878601074219
2010-03-12,44.13093185424805,27.040555953979492,,30.545961380004883,73.20878601074219
2010-03-15,44.11593246459961,26.831745147705078,,30.42059326171875,73.20878601074219
2010-03-16,44.475772857666016,27.18795394897461,,30.761856079101562,73.20878601074219
2010-03-17,44.76063537597656,27.37833595275879,,30.89417266845703,73.20878601074219
2010-03-18,44.70815658569336,27.169527053833008,,30.775785446166992,73.20878601074219
2010-03-19,44.4157829284668,26.899301528930664,,30.545961380004883,73.20878601074219
2010-03-22,44.73063659667969,27.022140502929688,,30.6295223236084,73.22470092773438
2010-03-23,45.04547882080078,27.21251106262207,,30.901153564453125,73.22470092773438
2010-03-24,44.78310012817383,26.788766860961914,,30.650428771972656,73.20878601074219
2010-03-25,44.704830169677734,26.74577522277832,,30.552927017211914,73.24070739746094
2010-03-26,44.697303771972656,26.923873901367188,,30.671327590942383,73.24070739746094
2010-03-29,44.96072769165039,27.273929595947266,,30.956863403320312,73.20878601074219
2010-03-30,44.98329544067383,27.292346954345703,,31.03347396850586,73.20878601074219
2010-03-31,44.84783935546875,27.292346954345703,,31.005613327026367,73.24070739746094
2010-04-01,45.17146682739258,27.814374923706055,,31.388639450073242,73.24070739746094
2010-04-05,45.607975006103516,27.931068420410156,,31.625452041625977,73.20878601074219
2010-04-06,45.735931396484375,27.91263771057129,,31.63240623474121,73.20878601074219
2010-04-07,45.49508285522461,27.660842895507812,,31.388639450073242,73.20878601074219
2010-04-08,45.600440979003906,27.673112869262695,,31.43739891052246,73.20878601074219
2010-04-09,45.90901565551758,27.998611450195312,,31.743839263916016,73.20878601074219
2010-04-12,46.01438522338867,28.010896682739258,,31.806516647338867,73.20878601074219
2010-04-13,46.05952453613281,27.974050521850586,,31.778675079345703,73.20878601074219
2010-04-14,46.62400436401367,28.3609561920166,,32.161720275878906,73.20878601074219
2010-04-15,46.68418884277344,28.287256240844727,,32.12688446044922,73.20878601074219
2010-04-16,45.95417022705078,27.64855194091797,,31.50008773803711,73.20878601074219
2010-04-19,46.07457733154297,27.556434631347656,,31.46527671813965,73.22470092773438
2010-04-20,46.51108169555664,27.82050895690918,,31.702049255371094,73.20878601074219
2010-04-21,46.473472595214844,27.611709594726562,,31.590639114379883,73.20878601074219
2010-04-22,46.69926071166992,27.488887786865234,,31.49312400817871,73.20878601074219
2010-04-23,47.01535415649414,27.69769287109375,,31.750802993774414,73.20878601074219
2010-04-26,46.84978103637695,27.685401916503906,,31.695091247558594,73.22470092773438
2010-04-27,45.72085952758789,26.647506713867188,,30.713104248046875,73.20878601074219
2010-04-28,46.02189636230469,26.647506713867188,,30.761856079101562,73.22470092773438
2010-04-29,46.62400436401367,27.169527053833008,,31.277231216430664,73.22470092773438
2010-04-30,45.82623291015625,26.813335418701172,,30.8663330078125,73.20878601074219
2010-05-03,46.443359375,26.979148864746094,,31.15185546875,73.22470092773438
2010-05-04,45.3144416809082,25.910537719726562,,30.107194900512695,73.20878601074219
2010-05-05,44.9456787109375,25.394657135009766,,29.71718406677246,73.22470092773438
2010-05-06,43.43293380737305,24.178667068481445,,28.575027465820312,73.24070739746094
2010-05-07,42.612586975097656,24.313772201538086,,28.366092681884766,73.24070739746094
2010-05-10,44.56937026977539,25.92281723022461,,29.981836318969727,73.24070739746094
2010-05-11,44.53173065185547,25.523637771606445,,29.619693756103516,73.24070739746094
2010-05-12,45.24671936035156,25.842981338500977,,29.981836318969727,73.24070739746094
2010-05-13,44.704830169677734,25.511341094970703,,29.647550582885742,73.22470092773438
2010-05-14,43.899559020996094,24.82965850830078,,28.95110511779785,73.24070739746094
2010-05-17,43.92965316772461,24.82965850830078,,29.00681495666504,73.24070739746094
2010-05-18,43.30499267578125,24.301488876342773,,28.51930809020996,73.22470092773438
2010-05-19,42.996437072753906,24.289207458496094,,28.331274032592773,73.24070739746094
2010-05-20,41.32564163208008,23.32501983642578,,27.258747100830078,73.24070739746094
2010-05-21,41.92771911621094,23.90230369567871,,27.85770034790039,73.24070739746094
2010-05-24,41.40089416503906,23.367998123168945,,27.432865142822266,73.24070739746094
2010-05-25,41.40089416503906,23.282028198242188,,27.24483299255371,73.24070739746094
2010-05-26,41.22780990600586,23.042509078979492,,27.07767677307129,73.25664520263672
2010-05-27,42.67280578613281,24.28306770324707,,28.345216751098633,73.22470092773438
2010-05-28,42.21371841430664,23.890012741088867,,27.81590461730957,73.24070739746094
2010-06-01,41.34069061279297,23.570674896240234,,27.474645614624023,73.24070739746094
2010-06-02,42.41692352294922,24.270790100097656,,28.247699737548828,73.25664520263672
2010-06-03,42.642704010009766,24.233936309814453,,28.275554656982422,73.22470092773438
2010-06-04,41.1450080871582,23.26359748840332,,27.209993362426758,73.25664520263672
2010-06-07,40.4752082824707,22.956533432006836,,26.875707626342773,73.24070739746094
2010-06-08,40.8214111328125,23.40484046936035,,27.258747100830078,73.25664520263672
2010-06-09,40.633243560791016,23.34343719482422,,27.189105987548828,73.25664520263672
2010-06-10,41.88258361816406,24.190954208374023,,28.052696228027344,73.25664520263672
2010-06-11,42.13844680786133,24.27692985534668,,28.171085357666016,73.25664520263672
2010-06-14,42.1459846496582,24.381328582763672,,28.157163619995117,73.22470092773438
2010-06-15,43.09426498413086,25.155149459838867,,29.00681495666504,73.22470092773438
2010-06-16,43.049102783203125,25.118305206298828,,28.930217742919922,73.22470092773438
2010-06-17,43.12436294555664,25.136722564697266,,28.94413948059082,73.22470092773438
2010-06-18,43.154476165771484,25.16128921508789,,28.978965759277344,73.24070739746094
2010-06-21,42.9888916015625,25.22884750366211,,29.041645050048828,73.22470092773438
2010-06-22,42.2513542175293,24.897214889526367,,28.575027465820312,73.24070739746094
2010-06-23,42.08576583862305,25.04461097717285,,28.61681365966797,73.24070739746094
2010-06-24,41.41951370239258,24.626983642578125,,28.10841178894043,73.24070739746094
2010-06-25,41.63126754760742,24.743675231933594,,28.296449661254883,73.24070739746094
2010-06-28,41.495140075683594,24.62086296081543,,28.157163619995117,73.24070739746094
2010-06-29,40.18683624267578,23.742624282836914,,27.237869262695312,73.24070739746094
2010-06-30,39.748226165771484,23.570674896240234,,27.035888671875,73.25664520263672
2010-07-01,39.57427978515625,23.705781936645508,,27.11249542236328,73.24070739746094
2010-07-02,39.38521194458008,23.761049270629883,,27.07767677307129,73.24070739746094
2010-07-06,39.50621795654297,24.1663818359375,,27.425905227661133,73.22470092773438
2010-07-07,40.79183578491211,24.85422134399414,,28.240737915039062,73.22470092773438
2010-07-08,41.1926383972168,25.03232765197754,,28.47751808166504,73.24070739746094
2010-07-09,41.51026916503906,25.185848236083984,,28.67252540588379,73.22470092773438
2010-07-12,41.52539825439453,25.03232765197754,,28.54716682434082,73.24070739746094
2010-07-13,42.20601272583008,25.480634689331055,,29.013795852661133,73.24070739746094
2010-07-14,42.19844055175781,25.49907112121582,,29.0207462310791,73.24070739746094
2010-07-15,42.23624801635742,25.585050582885742,,29.062545776367188,73.24070739746094
2010-07-16,41.011131286621094,24.78052520751953,,28.21287727355957,73.24070739746094
2010-07-19,41.24559020996094,24.970901489257812,,28.400917053222656,73.22470092773438
2010-07-20,41.722023010253906,25.271841049194336,,28.73520851135254,73.22470092773438
2010-07-21,41.20020294189453,24.848079681396484,,28.32431411743164,73.22470092773438
2010-07-22,42.115264892578125,25.689453125,,29.104320526123047,73.22470092773438
2010-07-23,42.546329498291016,25.947383880615234,,29.362016677856445,73.24070739746094
2010-07-26,43.0681266784668,26.10706329345703,,29.58486557006836,73.20878601074219
2010-07-27,43.01519012451172,26.119348526000977,,29.605764389038086,73.20878601074219
2010-07-28,42.712711334228516,25.959672927856445,,29.473432540893555,73.22470092773438
2010-07-29,42.49338150024414,26.064075469970703,,29.466466903686523,73.20878601074219
2010-07-30,42.53876876831055,26.10706329345703,,29.522180557250977,73.22470092773438
2010-08-02,43.45380783081055,26.95457649230957,,30.330062866210938,73.20878601074219
2010-08-03,43.21937942504883,26.893163681030273,,30.176841735839844,73.20878601074219
2010-08-04,43.5596923828125,26.94843292236328,,30.31614875793457,73.20878601074219
2010-08-05,43.46893310546875,26.899301528930664,,30.29523277282715,73.20878601074219
2010-08-06,43.310115814208984,26.930015563964844,,30.218626022338867,73.20878601074219
2010-08-09,43.536991119384766,26.94843292236328,,30.343996047973633,73.20878601074219
2010-08-10,43.264747619628906,26.727352142333984,,30.13507080078125,73.22470092773438
2010-08-11,41.986698150634766,25.695592880249023,,29.062545776367188,73.24070739746094
2010-08-12,41.75227355957031,25.671037673950195,,28.96503448486328,73.24070739746094
2010-08-13,41.59345626831055,25.60961151123047,,28.87449073791504,73.24070739746094
2010-08-16,41.55564498901367,25.775428771972656,,28.992902755737305,73.22470092773438
2010-08-17,42.14551544189453,26.082504272460938,,29.40378189086914,73.24070739746094
2010-08-18,42.24382781982422,26.137765884399414,,29.44557762145996,73.22470092773438
2010-08-19,41.5026969909668,25.80613136291504,,28.992902755737305,73.22470092773438
2010-08-20,41.35902404785156,25.554336547851562,,28.81181526184082,73.24070739746094
2010-08-23,41.13970947265625,25.49907112121582,,28.69342613220215,73.22470092773438
2010-08-24,40.54983901977539,25.038467407226562,,28.247699737548828,73.22470092773438
2010-08-25,40.67841720581055,25.0753116607666,,28.296449661254883,73.24070739746094
2010-08-26,40.4288330078125,25.04461097717285,,28.171085357666016,73.22470092773438
2010-08-27,41.12458419799805,25.548198699951172,,28.73520851135254,73.22470092773438
2010-08-30,40.527137756347656,25.185848236083984,,28.310392379760742,73.24070739746094
2010-08-31,40.53470993041992,25.21042251586914,,28.345216751098633,73.22470092773438
2010-09-01,41.722023010253906,26.03337287902832,,29.257537841796875,73.22470092773438
2010-09-02,42.160648345947266,26.248313903808594,,29.44557762145996,73.24070739746094
2010-09-03,42.72026443481445,26.487829208374023,,29.779869079589844,73.24070739746094
2010-09-07,42.25895690917969,26.156187057495117,,29.4386043548584,73.22470092773438
2010-09-08,42.4782600402832,26.33429718017578,,29.668453216552734,73.22470092773438
2010-09-09,42.69000244140625,26.5430965423584,,29.863454818725586,73.22470092773438
2010-09-10,42.87149429321289,26.63521957397461,,29.988807678222656,73.22470092773438
2010-09-13,43.4160041809082,27.144962310791016,,30.45541763305664,73.22470092773438
2010-09-14,43.40843963623047,27.249359130859375,,30.545961380004883,73.24070739746094
2010-09-15,43.55211639404297,27.273929595947266,,30.573827743530273,73.24070739746094
2010-09-16,43.536991119384766,27.21251106262207,,30.497220993041992,73.24070739746094
2010-09-17,43.5596923828125,27.0159912109375,,30.41363525390625,73.22470092773438
2010-09-20,44.27813720703125,27.482728958129883,,30.88024139404297,73.22470092773438
2010-09-21,44.17224884033203,27.464305877685547,,30.859355926513672,73.22470092773438
2010-09-22,43.93780517578125,27.482728958129883,,30.824542999267578,73.22470092773438
2010-09-23,43.5596923828125,27.194095611572266,,30.504167556762695,73.22470092773438
2010-09-24,44.48481369018555,27.88806915283203,,31.228479385375977,73.24070739746094
2010-09-27,44.29475402832031,27.765233993530273,,31.110071182250977,73.24070739746094
2010-09-28,44.54561996459961,27.967905044555664,,31.305084228515625,73.22470092773438
2010-09-29,44.469600677490234,27.937192916870117,,31.277231216430664,73.22470092773438
2010-09-30,44.370784759521484,27.881933212280273,,31.193655014038086,73.22470092773438
2010-10-01,44.56840896606445,28.1828556060791,,31.451332092285156,73.22470092773438
2010-10-04,44.17314529418945,27.875778198242188,,31.16579818725586,73.24070739746094
2010-10-05,45.09294891357422,28.588180541992188,,31.897058486938477,73.22470092773438
2010-10-06,45.04733657836914,28.753999710083008,,31.96671485900879,73.22470092773438
2010-10-07,44.98652267456055,28.655742645263672,,31.89010238647461,73.22470092773438
2010-10-08,45.29057312011719,28.870697021484375,,32.07813262939453,73.22470092773438
2010-10-11,45.3589973449707,28.833847045898438,,32.05027389526367,73.22470092773438
2010-10-12,45.51863098144531,28.79085922241211,,32.0920524597168,73.22470092773438
2010-10-13,45.87591552734375,29.128625869750977,,32.44028091430664,73.22470092773438
2010-10-14,45.7542839050293,29.220754623413086,,32.4542121887207,73.24070739746094
2010-10-15,45.79228591918945,29.147048950195312,,32.42635726928711,73.22470092773438
2010-10-18,46.043155670166016,29.20232391357422,,32.50295639038086,73.24070739746094
2010-10-19,45.37422561645508,28.49607276916504,,31.813491821289062,73.22470092773438
2010-10-20,45.83030319213867,29.011940002441406,,32.34278869628906,73.22470092773438
2010-10-21,45.90632247924805,28.876834869384766,,32.301002502441406,73.22470092773438
2010-10-22,46.043155670166016,28.950525283813477,,32.370643615722656,73.24070739746094
2010-10-25,46.19518280029297,29.04879379272461,,32.51688766479492,73.22470092773438
2010-10-26,46.18757629394531,28.919824600219727,,32.38456344604492,73.24070739746094
2010-10-27,46.09636306762695,28.618898391723633,,32.13385009765625,73.24070739746094
2010-10-28,46.09636306762695,28.901403427124023,,32.34278869628906,73.22470092773438
2010-10-29,46.15717315673828,28.882980346679688,,32.37759780883789,73.24070739746094
2010-11-01,46.164772033691406,28.901403427124023,,32.356712341308594,73.24070739746094
2010-11-02,46.529666900634766,29.306734085083008,,32.74672317504883,73.20878601074219
2010-11-03,46.71969985961914,29.47255516052246,,32.92082977294922,73.22470092773438
2010-11-04,47.631893157958984,30.197227478027344,,33.617271423339844,73.22470092773438
2010-11-05,47.84474563598633,30.043701171875,,33.61030578613281,73.22470092773438
2010-11-08,47.7839241027832,29.908601760864258,,33.498870849609375,73.22470092773438
2010-11-09,47.41144943237305,29.601518630981445,,33.199398040771484,73.22470092773438
2010-11-10,47.616703033447266,29.73047637939453,,33.2760124206543,73.22470092773438
2010-11-11,47.487449645996094,29.478683471679688,,33.12976837158203,73.20878601074219
2010-11-12,46.886924743652344,29.140911102294922,,32.69099807739258,73.24070739746094
2010-11-15,46.81852722167969,29.122493743896484,,32.66313171386719,73.24070739746094
2010-11-16,46.07355880737305,28.4039363861084,,32.001529693603516,73.24070739746094
2010-11-17,46.14957046508789,28.53904914855957,,32.0920524597168,73.24070739746094
2010-11-18,46.79573059082031,29.220754623413086,,32.74672317504883,73.22470092773438
2010-11-19,46.98574447631836,29.233036041259766,,32.74672317504883,73.22470092773438
2010-11-22,46.99334716796875,29.03036880493164,,32.62833023071289,73.22470092773438
2010-11-23,46.32440185546875,28.14600372314453,,31.85527229309082,73.22470092773438
2010-11-24,47.06935501098633,28.63117218017578,,32.34975051879883,73.24070739746094
2010-11-26,46.750091552734375,28.14600372314453,,31.98759651184082,73.24070739746094
2010-11-29,46.68168258666992,27.98632049560547,,31.813491821289062,73.24070739746094
2010-11-30,46.392799377441406,27.69769287109375,,31.520986557006836,73.24070739746094
2010-12-01,47.38865280151367,28.434656143188477,,32.32884979248047,73.22470092773438
2010-12-02,47.99677658081055,29.01808738708496,,32.92082977294922,73.22470092773438
2010-12-03,48.148807525634766,29.233036041259766,,33.08100509643555,73.24070739746094
2010-12-06,48.13359832763672,29.122493743896484,,32.990474700927734,73.22470092773438
2010-12-07,48.18681335449219,29.128625869750977,,32.95565414428711,73.22470092773438
2010-12-08,48.323631286621094,29.1531925201416,,33.011383056640625,73.22470092773438
2010-12-09,48.49849319458008,29.18389892578125,,33.10190963745117,73.24070739746094
2010-12-10,48.810157775878906,29.276033401489258,,33.24119567871094,73.24070739746094
2010-12-13,48.82535171508789,29.546232223510742,,33.45708465576172,73.24070739746094
2010-12-14,48.84056091308594,29.57695770263672,,33.498870849609375,73.24070739746094
2010-12-15,48.627723693847656,29.165477752685547,,33.17851257324219,73.22470092773438
2010-12-16,48.91657638549805,29.337438583374023,,33.36656188964844,73.22470092773438
2010-12-17,49.00777816772461,29.23917579650879,,33.269039154052734,73.24070739746094
2010-12-20,49.13703155517578,29.220754623413086,,33.31083679199219,73.24070739746094
2010-12-21,49.4334831237793,29.49098777770996,,33.59637451171875,73.24070739746094
2010-12-22,49.62148666381836,29.584463119506836,,33.687259674072266,73.22470092773438
2010-12-23,49.552696228027344,29.540546417236328,,33.62336730957031,73.22470092773438
2010-12-27,49.58327102661133,29.48407554626465,,33.644649505615234,73.22470092773438
2010-12-28,49.629112243652344,29.56563949584961,,33.62336730957031,73.24070739746094
2010-12-29,49.70554733276367,29.772689819335938,,33.857635498046875,73.22470092773438
2010-12-30,49.6443977355957,29.785245895385742,,33.829254150390625,73.24070739746094
2010-12-31,49.62148666381836,29.948389053344727,,33.935733795166016,73.22470092773438
2011-01-03,50.133522033691406,30.199363708496094,,34.24102020263672,73.24070739746094
2011-01-04,50.034156799316406,30.142900466918945,,34.18421173095703,73.24070739746094
2011-01-05,50.309288024902344,30.029966354370117,,34.198421478271484,73.24070739746094
2011-01-06,50.19466018676758,29.778966903686523,,33.95703887939453,73.24070739746094
2011-01-07,50.080020904541016,29.571908950805664,,33.84343338012695,73.22470092773438
2011-01-10,50.11823654174805,29.49034881591797,,33.70144271850586,73.24070739746094
2011-01-11,50.31693649291992,29.747594833374023,,33.99964141845703,73.24070739746094
2011-01-12,50.767826080322266,30.368776321411133,,34.51789474487305,73.22470092773438
2011-01-13,50.6913948059082,30.331132888793945,,34.49658966064453,73.22470092773438
2011-01-14,51.020042419433594,30.506813049316406,,34.702491760253906,73.22470092773438
2011-01-18,51.14995574951172,30.682518005371094,,34.80897903442383,73.22470092773438
2011-01-19,50.53854751586914,30.444072723388672,,34.50369644165039,73.24070739746094
2011-01-20,50.38570785522461,30.167997360229492,,34.31910705566406,73.24070739746094
2011-01-21,50.46976089477539,30.2432861328125,,34.404296875,73.22470092773438
2011-01-24,50.75253677368164,30.487998962402344,,34.63148498535156,73.22470092773438
2011-01-25,50.78310775756836,30.387603759765625,,34.532081604003906,73.24070739746094
2011-01-26,51.07352066040039,30.57584571838379,,34.745079040527344,73.22470092773438
2011-01-27,51.226356506347656,30.638593673706055,,34.85157012939453,73.24070739746094
2011-01-28,50.309288024902344,29.904468536376953,31.094989776611328,34.0919303894043,73.22470092773438
2011-01-31,50.63792037963867,30.18681526184082,31.441701889038086,34.41139602661133,73.22470092773438
2011-02-01,51.470916748046875,30.864463806152344,32.11616897583008,35.078773498535156,73.22470092773438
2011-02-02,51.40977478027344,30.82681655883789,31.952274322509766,35.00066375732422,73.22470092773438
2011-02-03,51.524417877197266,30.82681655883789,32.00899887084961,35.04325485229492,73.22470092773438
2011-02-04,51.66962432861328,30.801721572875977,31.990089416503906,35.08585739135742,73.24070739746094
2011-02-07,52.01351547241211,30.864463806152344,32.07835388183594,35.17815399169922,73.22470092773438
2011-02-08,52.27335739135742,30.964859008789062,32.128753662109375,35.355655670166016,73.22470092773438
2011-02-09,52.13579559326172,30.71387481689453,31.933372497558594,35.12846374511719,73.24070739746094
2011-02-10,52.19694519042969,30.506813049316406,31.637104034423828,34.936767578125,73.22470092773438
2011-02-11,52.54084777832031,30.6197566986084,31.75687599182129,35.142662048339844,73.22470092773438
2011-02-14,52.678401947021484,30.651138305664062,31.83251190185547,35.22785186767578,73.22470092773438
2011-02-15,52.51026153564453,30.60721206665039,31.731651306152344,35.149757385253906,73.24070739746094
2011-02-16,52.85417556762695,30.92094612121582,32.128753662109375,35.412437438964844,73.24070739746094
2011-02-17,53.04524230957031,31.084070205688477,32.261146545410156,35.61122131347656,73.24070739746094
2011-02-18,53.144588470458984,31.203285217285156,32.317867279052734,35.72481155395508,73.22470092773438
2011-02-22,52.00586700439453,30.312307357788086,31.511032104492188,34.81608200073242,73.22470092773438
2011-02-23,51.57027053833008,30.3374080657959,31.47950553894043,34.71669006347656,73.24070739746094
2011-02-24,51.577919006347656,30.34368324279785,31.523637771606445,34.76637649536133,73.24070739746094
2011-02-25,52.227500915527344,30.757795333862305,31.882930755615234,35.13555145263672,73.24070739746094
2011-02-28,52.51026153564453,31.01504898071289,32.17289733886719,35.41952896118164,73.22470092773438
2011-03-01,51.62376403808594,30.638593673706055,31.807294845581055,34.943870544433594,73.22470092773438
2011-03-02,51.730770111083984,30.870742797851562,32.0405158996582,35.13555145263672,73.24070739746094
2011-03-03,52.6707649230957,31.25349998474121,32.412410736083984,35.66802215576172,73.22470092773438
2011-03-04,52.319217681884766,31.1029052734375,32.198123931884766,35.398231506347656,73.24070739746094
2011-03-07,51.84539794921875,30.77663230895996,31.983787536621094,35.149757385253906,73.22470092773438
2011-03-08,52.31154251098633,30.933481216430664,32.09725570678711,35.34143829345703,73.22470092773438
2011-03-09,52.23514938354492,30.90839195251465,32.05945587158203,35.284645080566406,73.22470092773438
2011-03-10,51.2340087890625,30.124074935913086,31.265199661254883,34.48240280151367,73.22470092773438
2011-03-11,51.577919006347656,30.237009048461914,31.3786563873291,34.610191345214844,73.24070739746094
2011-03-14,51.26457595825195,29.885639190673828,30.92481231689453,34.31200408935547,73.24070739746094
2011-03-15,50.72196960449219,29.28327751159668,30.382709503173828,33.687259674072266,73.25664520263672
2011-03-16,49.843116760253906,28.498966217041016,29.538049697875977,32.906307220458984,73.25664520263672
2011-03-17,50.416290283203125,29.23310089111328,30.29446029663086,33.6375617980957,73.25664520263672
2011-03-18,50.653202056884766,29.59700584411621,30.760923385620117,33.907344818115234,73.25664520263672
2011-03-21,51.44797134399414,30.280935287475586,31.422786712646484,34.58180236816406,73.25664520263672
2011-03-22,51.27985382080078,30.22446632385254,31.347137451171875,34.51079559326172,73.22470092773438
2011-03-23,51.40214157104492,30.356245040893555,31.48580551147461,34.560489654541016,73.24070739746094
2011-03-24,51.891258239746094,30.720149993896484,31.80099105834961,35.00774002075195,73.22470092773438
2011-03-25,52.077728271484375,30.462907791137695,31.599287033081055,34.943870544433594,73.22470092773438
2011-03-28,51.95494842529297,30.387603759765625,31.45430564880371,34.844482421875,73.24070739746094
2011-03-29,52.338653564453125,30.613473892211914,31.70643424987793,35.092960357666016,73.22470092773438
2011-03-30,52.73003005981445,30.964859008789062,32.128753662109375,35.44084930419922,73.24070739746094
2011-03-31,52.73003005981445,30.946033477783203,32.09095001220703,35.398231506347656,73.22470092773438
2011-04-01,52.98331069946289,31.29741668701172,32.374603271484375,35.689308166503906,73.22470092773438
2011-04-04,53.02934265136719,31.410354614257812,32.5447883605957,35.74611282348633,73.22470092773438
2011-04-05,53.06003189086914,31.328786849975586,32.41871643066406,35.74611282348633,73.22470092773438
2011-04-06,53.198184967041016,31.554668426513672,32.658260345458984,35.923614501953125,73.22470092773438
2011-04-07,53.04470443725586,31.404081344604492,32.494380950927734,35.802921295166016,73.24070739746094
2011-04-08,52.82212448120117,31.623689651489258,32.74021530151367,35.8383903503418,73.22470092773438
2011-04-11,52.63028335571289,31.448007583618164,32.53850173950195,35.731910705566406,73.22470092773438
2011-04-12,52.18517303466797,31.14055633544922,32.229618072509766,35.36983108520508,73.24070739746094
2011-04-13,52.215877532958984,31.21584129333496,32.362003326416016,35.426631927490234,73.24070739746094
2011-04-14,52.2465705871582,31.316238403320312,32.437644958496094,35.547332763671875,73.22470092773438
2011-04-15,52.499820709228516,31.29741668701172,32.41871643066406,35.56154251098633,73.24070739746094
2011-04-18,51.870521545410156,30.663677215576172,31.83880615234375,34.943870544433594,73.22470092773438
2011-04-19,52.16983413696289,30.996234893798828,32.128753662109375,35.25624084472656,73.22470092773438
2011-04-20,52.92958068847656,31.73661994934082,32.885189056396484,35.93071365356445,73.22470092773438
2011-04-21,53.19050216674805,31.91230583190918,33.02385711669922,36.17918014526367,73.22470092773438
2011-04-25,53.13678741455078,31.843297958374023,32.9986572265625,36.14369583129883,73.22470092773438
2011-04-26,53.60490798950195,32.10055160522461,33.25708770751953,36.39216995239258,73.22470092773438
2011-04-27,53.95792007446289,32.38291931152344,33.54072570800781,36.69744110107422,73.22470092773438
2011-04-28,54.11909484863281,32.47074890136719,33.603782653808594,36.782649993896484,73.22470092773438
2011-04-29,54.2572135925293,32.633888244628906,33.75506591796875,36.93883514404297,73.22470092773438
2011-05-02,54.16513442993164,32.558589935302734,33.698341369628906,36.832332611083984,73.22470092773438
2011-05-03,53.86582946777344,32.194679260253906,33.35793685913086,36.55546188354492,73.22470092773438
2011-05-04,53.466793060302734,31.824480056762695,33.004940032958984,36.20048904418945,73.25664520263672
2011-05-05,53.037025451660156,31.259756088256836,32.41871643066406,35.689308166503906,73.25664520263672
2011-05-06,53.267242431640625,31.39781379699707,32.5447883605957,35.85258865356445,73.25664520263672
2011-05-09,53.55119705200195,31.52958106994629,32.727603912353516,36.04428482055664,73.25664520263672
2011-05-10,54.02699279785156,31.81192970275879,33.0301628112793,36.43477249145508,73.25664520263672
2011-05-11,53.47443771362305,31.21584129333496,32.43133544921875,35.795814514160156,73.25664520263672
2011-05-12,53.72772979736328,31.316238403320312,32.55111312866211,35.8242073059082,73.25664520263672
2011-05-13,53.23653793334961,30.82681655883789,32.00899887084961,35.40534210205078,73.24070739746094
2011-05-16,52.868186950683594,30.76407814025879,31.920761108398438,35.284645080566406,73.24070739746094
2011-05-17,52.82212448120117,30.839385986328125,31.983787536621094,35.391136169433594,73.24070739746094
2011-05-18,53.328636169433594,31.10917091369629,32.317867279052734,35.6964225769043,73.22470092773438
2011-05-19,53.45909118652344,31.222110748291016,32.36830520629883,35.774513244628906,73.25664520263672
2011-05-20,53.06003189086914,30.814273834228516,32.02162170410156,35.398231506347656,73.24070739746094
2011-05-23,52.38471221923828,30.180551528930664,31.422786712646484,34.78767395019531,73.24070739746094
2011-05-24,52.33097839355469,30.368776321411133,31.586673736572266,34.90127182006836,73.24070739746094
2011-05-25,52.54587936401367,30.538183212280273,31.744260787963867,35.10004806518555,73.24070739746094
2011-05-26,52.86050033569336,30.807985305786133,32.02162170410156,35.355655670166016,73.24070739746094
2011-05-27,53.10610580444336,31.040159225463867,32.261146545410156,35.589927673339844,73.24070739746094
2011-05-31,53.68165588378906,31.598594665527344,32.74021530151367,36.10108947753906,73.24070739746094
2011-06-01,52.461463928222656,30.933481216430664,32.11616897583008,35.34143829345703,73.22470092773438
2011-06-02,52.3616943359375,31.071523666381836,32.28005599975586,35.384033203125,73.22470092773438
2011-06-03,51.8244743347168,31.07781982421875,32.217010498046875,35.270450592041016,73.22470092773438
2011-06-06,51.22587966918945,30.657421112060547,31.8135986328125,34.78767395019531,73.22470092773438
2011-06-07,51.20286178588867,30.914653778076172,32.07835388183594,34.943870544433594,73.24070739746094
2011-06-08,50.93425750732422,30.550748825073242,31.750568389892578,34.730873107910156,73.24070739746094
2011-06-09,51.29494857788086,30.858186721801758,32.03420639038086,35.014869689941406,73.22470092773438
2011-06-10,50.565887451171875,30.167997360229492,31.3093318939209,34.31200408935547,73.24070739746094
2011-06-13,50.5582275390625,30.18681526184082,31.3282413482666,34.382999420166016,73.22470092773438
2011-06-14,51.256591796875,30.71387481689453,31.81988525390625,34.90836715698242,73.24070739746094
2011-06-15,50.34334182739258,29.841716766357422,30.981538772583008,34.035133361816406,73.24070739746094
2011-06-16,50.427764892578125,29.64093589782715,30.798748016357422,33.9144287109375,73.24070739746094
2011-06-17,50.58892059326172,29.879365921020508,31.019371032714844,34.12742614746094,73.24070739746094
2011-06-20,50.826820373535156,29.82917594909668,30.95001983642578,34.15581512451172,73.24070739746094
2011-06-21,51.60193634033203,30.469181060791016,31.586673736572266,34.77347946166992,73.22470092773438
2011-06-22,51.31798553466797,30.17426872253418,31.158044815063477,34.539188385009766,73.24070739746094
2011-06-23,51.23356628417969,29.954662322998047,30.987844467163086,34.3546028137207,73.24070739746094
2011-06-24,50.650146484375,29.71623420715332,30.754613876342773,34.0067253112793,73.22470092773438
2011-06-27,51.08173751831055,29.960927963256836,31.000452041625977,34.28361511230469,73.22470092773438
2011-06-28,51.790767669677734,30.387603759765625,31.366046905517578,34.7521858215332,73.22470092773438
2011-06-29,52.245479583740234,30.820541381835938,31.826196670532227,35.1994514465332,73.24070739746094
2011-06-30,52.715599060058594,31.25349998474121,32.34308624267578,35.61833190917969,73.24070739746094
2011-07-01,53.47089385986328,31.57977294921875,32.66456985473633,36.02300262451172,73.22470092773438
2011-07-05,53.46318054199219,31.410354614257812,32.48806381225586,35.94490432739258,73.22470092773438
2011-07-06,53.57108688354492,31.25349998474121,32.317867279052734,35.84550476074219,73.24070739746094
2011-07-07,54.14910888671875,31.554668426513672,32.62043762207031,36.18629837036133,73.22470092773438
2011-07-08,53.763763427734375,31.178197860717773,32.29267120361328,35.83132553100586,73.22470092773438
2011-07-11,52.769561767578125,30.28720474243164,31.429094314575195,34.99356460571289,73.20878601074219
2011-07-12,52.5383415222168,30.105247497558594,31.202150344848633,34.730873107910156,73.22470092773438
2011-07-13,52.73871994018555,30.557024002075195,31.668628692626953,35.078773498535156,73.24070739746094
2011-07-14,52.29172134399414,30.293485641479492,31.466894149780273,34.81608200073242,73.24070739746094
2011-07-15,52.62312316894531,30.456628799438477,31.586673736572266,35.02906799316406,73.24070739746094
2011-07-18,52.1375846862793,30.029966354370117,31.202150344848633,34.58888626098633,73.24070739746094
2011-07-19,53.01618576049805,30.469181060791016,31.61188507080078,35.16395950317383,73.24070739746094
2011-07-20,52.985374450683594,30.738971710205078,31.876630783081055,35.384033203125,73.22470092773438
2011-07-21,53.632747650146484,31.309961318969727,32.450252532958984,35.959110260009766,73.22470092773438
2011-07-22,53.7252082824707,31.372709274291992,32.50696563720703,35.96620178222656,73.24070739746094
2011-07-25,53.37842559814453,31.14055633544922,32.33047866821289,35.689308166503906,73.24070739746094
2011-07-26,53.154903411865234,31.33504867553711,32.443939208984375,35.74611282348633,73.24070739746094
2011-07-27,51.98344802856445,30.594663619995117,31.851417541503906,34.972267150878906,73.24070739746094
2011-07-28,51.80619430541992,30.538183212280273,31.681232452392578,34.915462493896484,73.24070739746094
2011-07-29,51.52101135253906,30.513090133666992,31.775781631469727,34.85157012939453,73.24070739746094
2011-08-01,51.28982162475586,30.293485641479492,31.536251068115234,34.58888626098633,73.24070739746094
2011-08-02,49.933406829833984,29.471508026123047,30.69788932800293,33.72274398803711,73.24070739746094
2011-08-03,50.210845947265625,29.55937385559082,30.7357120513916,33.857635498046875,73.24070739746094
2011-08-04,47.690670013427734,27.620527267456055,28.75641441345215,31.855573654174805,73.24070739746094
2011-08-05,47.49028778076172,27.902891159057617,28.96442222595215,31.990468978881836,73.24070739746094
2011-08-08,44.19941329956055,25.750713348388672,26.90319061279297,29.6334285736084,73.24070739746094
2011-08-09,46.411312103271484,27.325634002685547,28.34038734436035,31.30181312561035,73.24070739746094
2011-08-10,44.43833923339844,25.876216888427734,27.10490608215332,29.775407791137695,73.24070739746094
2011-08-11,46.47297668457031,27.08091926574707,28.2773494720459,31.216630935668945,73.24070739746094
2011-08-12,46.78125762939453,27.400924682617188,28.548404693603516,31.500606536865234,73.24070739746094
2011-08-15,47.798583984375,28.009553909301758,29.22918128967285,32.203468322753906,73.24070739746094
2011-08-16,47.34385299682617,27.633087158203125,28.90139389038086,31.869768142700195,73.24070739746094
2011-08-17,47.35157012939453,27.840137481689453,28.96442222595215,32.01177215576172,73.24070739746094
2011-08-18,45.2398567199707,26.50366973876953,27.678508758544922,30.584766387939453,73.20878601074219
2011-08-19,44.43062973022461,26.095821380615234,27.237281799316406,30.123289108276367,73.24070739746094
2011-08-22,44.43833923339844,26.30915641784668,27.38856315612793,30.14459228515625,73.20878601074219
2011-08-23,45.96430587768555,27.131114959716797,28.195405960083008,31.188232421875,73.24070739746094
2011-08-24,46.619388580322266,27.106027603149414,28.163896560668945,31.33022117614746,73.24070739746094
2011-08-25,45.84099578857422,26.535036087036133,27.596580505371094,30.662857055664062,73.20878601074219
2011-08-26,46.60398864746094,26.892683029174805,27.97478485107422,31.14562225341797,73.24070739746094
2011-08-29,48.06061553955078,27.589170455932617,28.649263381958008,31.990468978881836,73.24070739746094
2011-08-30,48.19163513183594,27.495031356811523,28.705991744995117,32.025962829589844,73.24070739746094
2011-08-31,48.384307861328125,27.92799186706543,29.090497970581055,32.32414245605469,73.24070739746094
2011-09-01,47.83711242675781,27.714641571044922,28.90139389038086,32.09695053100586,73.24070739746094
2011-09-02,46.52690505981445,27.03072166442871,28.176504135131836,31.31601333618164,73.24070739746094
2011-09-06,46.23405838012695,26.409542083740234,27.375961303710938,30.748056411743164,73.22470092773438
2011-09-07,47.61359405517578,27.131114959716797,28.28997230529785,31.600004196166992,73.20878601074219
2011-09-08,47.04328918457031,26.64798355102539,27.760473251342773,31.103023529052734,73.20878601074219
2011-09-09,45.81789016723633,25.70052146911621,26.85907745361328,30.201383590698242,73.22470092773438
2011-09-12,46.14156723022461,25.581308364868164,26.644760131835938,30.16588592529297,73.22470092773438
2011-09-13,46.60398864746094,25.775815963745117,26.90319061279297,30.449871063232422,73.20878601074219
2011-09-14,47.26678466796875,25.989151000976562,27.1112060546875,30.790653228759766,73.20878601074219
2011-09-15,48.0914421081543,26.52248764038086,27.6343936920166,31.308908462524414,73.20878601074219
2011-09-16,48.322635650634766,26.47856903076172,27.565059661865234,31.37992286682129,73.20878601074219
2011-09-19,47.8139762878418,25.788362503051758,26.941028594970703,30.77644157409668,73.22470092773438
2011-09-20,47.64442443847656,25.78209686279297,26.997753143310547,30.76935386657715,73.22470092773438
2011-09-21,46.09532928466797,24.997783660888672,26.203519821166992,29.825105667114258,73.22470092773438
2011-09-22,44.6772575378418,23.89345359802246,25.024761199951172,28.582679748535156,73.20878601074219
2011-09-23,44.93758010864258,24.131881713867188,25.232778549194336,28.845373153686523,73.22470092773438
2011-09-26,45.99904251098633,24.640127182006836,25.592071533203125,29.455934524536133,73.22470092773438
2011-09-27,46.58012008666992,25.255035400390625,26.28545570373535,30.023889541625977,73.20878601074219
2011-09-28,45.51865768432617,24.72796630859375,25.768577575683594,29.37073516845703,73.22470092773438
2011-09-29,45.85184097290039,25.167190551757812,26.30436134338379,29.782506942749023,73.22470092773438
2011-09-30,44.72064971923828,24.295026779174805,25.409282684326172,28.859586715698242,73.22470092773438
2011-10-03,43.24079895019531,23.64875030517578,24.646562576293945,28.135421752929688,73.22470092773438
2011-10-04,44.32548141479492,23.975027084350586,24.93021583557129,28.689191818237305,73.22470092773438
2011-10-05,45.231990814208984,24.420513153076172,25.358850479125977,29.22164535522461,73.22470092773438
2011-10-06,46.10749435424805,25.085609436035156,26.16568946838379,29.931612014770508,73.20878601074219
2011-10-07,45.689117431640625,24.88483428955078,25.951372146606445,29.676023483276367,73.22470092773438
2011-10-10,47.26192855834961,25.920133590698242,26.90319061279297,30.77644157409668,73.20878601074219
2011-10-11,47.30067825317383,25.79463768005371,26.777118682861328,30.655746459960938,73.22470092773438
2011-10-12,47.75004196166992,26.321697235107422,27.464191436767578,31.259212493896484,73.20878601074219
2011-10-13,47.68804931640625,26.252683639526367,27.375961303710938,31.088836669921875,73.22470092773438
2011-10-14,48.55582046508789,26.685626983642578,27.77937126159668,31.61417579650879,73.20878601074219
2011-10-17,47.57186508178711,26.02680015563965,26.972537994384766,30.847442626953125,73.20878601074219
2011-10-18,48.53258514404297,26.434648513793945,27.533533096313477,31.450891494750977,73.22470092773438
2011-10-19,47.88950729370117,25.9263916015625,26.985143661499023,30.98233413696289,73.22470092773438
2011-10-20,48.106449127197266,25.88248634338379,26.97884178161621,30.939739227294922,73.22470092773438
2011-10-21,49.0129508972168,26.535036087036133,27.628095626831055,31.67808723449707,73.20878601074219
2011-10-24,49.8342170715332,27.037002563476562,28.201719284057617,32.16083908081055,73.20878601074219
2011-10-25,48.81925582885742,26.635433197021484,27.710031509399414,31.585790634155273,73.22470092773438
2011-10-26,49.346092224121094,27.062097549438477,28.081958770751953,32.03305435180664,73.22470092773438
2011-10-27,51.05064010620117,28.524072647094727,29.468700408935547,33.44587326049805,73.20878601074219
2011-10-28,51.09712600708008,28.29191017150879,29.235477447509766,33.339378356933594,73.20878601074219
2011-10-31,49.803226470947266,27.08719253540039,28.012605667114258,32.11115646362305,73.19280242919922
2011-11-01,48.478355407714844,26.22759437561035,27.067092895507812,31.188232421875,73.22470092773438
2011-11-02,49.2763786315918,26.616607666015625,27.602888107299805,31.741975784301758,73.20878601074219
2011-11-03,50.237117767333984,27.244056701660156,28.245830535888672,32.388038635253906,73.19280242919922
2011-11-04,49.96593475341797,26.949155807495117,27.86132049560547,32.118263244628906,73.20878601074219
2011-11-07,50.22161865234375,27.112287521362305,28.08824348449707,32.26734161376953,73.22470092773438
2011-11-08,50.825950622558594,27.36956024169922,28.35300064086914,32.66492462158203,73.22470092773438
2011-11-09,48.888973236083984,25.97659683227539,26.865379333496094,31.159826278686523,73.20878601074219
2011-11-10,49.32286071777344,26.23386573791504,27.205759048461914,31.486392974853516,73.22470092773438
2011-11-11,50.29908752441406,26.83622169494629,27.86132049560547,32.182151794433594,73.20878601074219
2011-11-14,49.803226470947266,26.409542083740234,27.438993453979492,31.699382781982422,73.22470092773438
2011-11-15,50.10540008544922,26.390722274780273,27.520938873291016,31.71357536315918,73.20878601074219
2011-11-16,49.26862716674805,25.888763427734375,26.81494903564453,31.230819702148438,73.22470092773438
2011-11-17,48.462860107421875,25.531112670898438,26.42413902282715,30.71965980529785,73.22470092773438
2011-11-18,48.39311981201172,25.54366683959961,26.493465423583984,30.748056411743164,73.22470092773438
2011-11-21,47.49436569213867,24.865999221801758,25.91356658935547,30.04518699645996,73.22470092773438
2011-11-22,47.26967239379883,24.81580352783203,25.65511131286621,30.00259780883789,73.20878601074219
2011-11-23,46.215972900390625,24.11933135986328,25.00585174560547,29.214550018310547,73.22470092773438
2011-11-25,46.06877136230469,24.037765502929688,24.86087417602539,29.12224006652832,73.22470092773438
2011-11-28,47.45562744140625,25.035415649414062,25.989187240600586,30.215576171875,73.22470092773438
2011-11-29,47.602848052978516,25.098154067993164,26.052230834960938,30.322084426879883,73.19280242919922
2011-11-30,49.617271423339844,26.390722274780273,27.42009162902832,31.71357536315918,73.20878601074219
2011-12-01,49.617271423339844,26.158557891845703,27.155330657958984,31.571584701538086,73.19280242919922
2011-12-02,49.59403610229492,26.196216583251953,27.218366622924805,31.557395935058594,73.20878601074219
2011-12-05,50.13638687133789,26.566408157348633,27.502025604248047,31.933670043945312,73.20878601074219
2011-12-06,50.15961837768555,26.390722274780273,27.363357543945312,31.855573654174805,73.22470092773438
2011-12-07,50.291358947753906,26.497392654418945,27.52724838256836,31.962068557739258,73.20878601074219
2011-12-08,49.152408599853516,25.687971115112305,26.562807083129883,31.09592056274414,73.20878601074219
2011-12-09,50.02791976928711,26.271503448486328,27.18054962158203,31.67808723449707,73.19280242919922
2011-12-12,49.260887145996094,25.531112670898438,26.398914337158203,30.939739227294922,73.19280242919922
2011-12-13,48.7340202331543,25.167190551757812,25.95766830444336,30.613157272338867,73.19280242919922
2011-12-14,48.17618942260742,24.85973358154297,25.737060546875,30.236896514892578,73.20878601074219
2011-12-15,48.35437774658203,24.928754806518555,25.818998336791992,30.35047721862793,73.19280242919922
2011-12-16,48.5170783996582,24.94757843017578,25.818998336791992,30.40016746520996,73.20878601074219
2011-12-19,47.95150375366211,24.627578735351562,25.510122299194336,30.030996322631836,73.20878601074219
2011-12-20,49.45457458496094,25.449539184570312,26.316974639892578,30.996536254882812,73.20878601074219
2011-12-21,49.54886245727539,25.403430938720703,26.272090911865234,30.922395706176758,73.20878601074219
2011-12-22,50.063133239746094,25.695653915405273,26.52577018737793,31.278575897216797,73.20878601074219
2011-12-23,50.44491958618164,25.845008850097656,26.681880950927734,31.467565536499023,73.20878601074219
2011-12-27,50.452720642089844,25.656692504882812,26.623350143432617,31.42393684387207,73.19280242919922
2011-12-28,49.837158203125,25.254074096679688,26.083459854125977,30.951452255249023,73.19598388671875
2011-12-29,50.32803726196289,25.62421226501465,26.480243682861328,31.31492042541504,73.19598388671875
2011-12-30,50.10209655761719,25.747604370117188,26.60382843017578,31.38759994506836,73.19598388671875
2012-01-03,50.81114959716797,26.422948837280273,27.377880096435547,31.97640609741211,73.17996978759766
2012-01-04,50.83452224731445,26.351518630981445,27.254283905029297,31.97640609741211,73.17996978759766
2012-01-05,51.06051254272461,26.05280113220215,26.955066680908203,31.809202194213867,73.17996978759766
2012-01-06,50.9436149597168,25.721622467041016,26.60382843017578,31.569316864013672,73.17996978759766
2012-01-09,51.06051254272461,25.832019805908203,26.766435623168945,31.67836570739746,73.19598388671875
2012-01-10,51.566986083984375,26.2346248626709,27.182735443115234,32.1653938293457,73.19598388671875
2012-01-11,51.66047668457031,26.176191329956055,27.124195098876953,32.12177276611328,73.17996978759766
2012-01-12,51.785160064697266,26.2995662689209,27.234779357910156,32.223541259765625,73.17996978759766
2012-01-13,51.543609619140625,26.033327102661133,26.97458839416504,31.94005584716797,73.17996978759766
2012-01-17,51.66047668457031,26.364503860473633,27.28030776977539,32.20901107788086,73.17996978759766
2012-01-18,52.283836364746094,26.890501022338867,27.83319854736328,32.63786315917969,73.17996978759766
2012-01-19,52.60329055786133,27.247655868530273,28.132415771484375,32.928619384765625,73.17996978759766
2012-01-20,52.61887741088867,27.280120849609375,28.26900863647461,33.0013313293457,73.17996978759766
2012-01-23,52.634490966796875,27.481420516967773,28.43812370300293,33.03767395019531,73.17996978759766
2012-01-24,52.62667465209961,27.24115753173828,28.275503158569336,32.91408157348633,73.17996978759766
2012-01-25,53.10976791381836,27.565845489501953,28.633264541625977,33.31390380859375,73.17996978759766
2012-01-26,52.83704376220703,27.611305236816406,28.60724449157715,33.19031524658203,73.17996978759766
2012-01-27,52.87601089477539,27.663249969482422,28.678810119628906,33.23392105102539,73.17996978759766
2012-01-30,52.665626525878906,27.358047485351562,28.379594802856445,33.0303955078125,73.19598388671875
2012-01-31,52.64223861694336,27.513900756835938,28.555217742919922,33.10308837890625,73.17996978759766
2012-02-01,53.250022888183594,27.948978424072266,28.97800064086914,33.5610466003418,73.17996978759766
2012-02-02,53.34353256225586,28.026887893676758,29.075584411621094,33.6918830871582,73.17996978759766
2012-02-03,54.1383171081543,28.47495460510254,29.498371124267578,34.16437911987305,73.17996978759766
2012-02-06,54.10712814331055,28.358083724975586,29.335771560668945,34.077152252197266,73.19598388671875
2012-02-07,54.2318115234375,28.526920318603516,29.46585464477539,34.193443298339844,73.17996978759766
2012-02-08,54.348697662353516,28.643810272216797,29.595947265625,34.324302673339844,73.19598388671875
2012-02-09,54.43439865112305,28.682754516601562,29.589452743530273,34.367889404296875,73.17996978759766
2012-02-10,54.00583267211914,28.163251876831055,29.069067001342773,33.90996551513672,73.19598388671875
2012-02-13,54.418800354003906,28.461977005004883,29.394311904907227,34.20798110961914,73.17996978759766
2012-02-14,54.34090042114258,28.286645889282227,29.192672729492188,34.06986999511719,73.19598388671875
2012-02-15,54.10712814331055,28.345090866088867,29.309738159179688,34.00444412231445,73.17996978759766
2012-02-16,54.75386047363281,28.708736419677734,29.595947265625,34.46965789794922,73.19598388671875
2012-02-17,54.83179473876953,28.812641143798828,29.778079986572266,34.56416702270508,73.17996978759766
2012-02-21,54.808414459228516,28.845104217529297,29.778079986572266,34.578697204589844,73.17996978759766
2012-02-22,54.6369743347168,28.780174255371094,29.713031768798828,34.476932525634766,73.17996978759766
2012-02-23,54.94087219238281,28.929529190063477,29.895160675048828,34.60050964355469,73.17996978759766
2012-02-24,55.0187873840332,29.12433433532715,30.090301513671875,34.796775817871094,73.19598388671875
2012-02-27,55.0655403137207,28.929529190063477,29.817102432250977,34.70955276489258,73.17996978759766
2012-02-28,55.22140121459961,29.202266693115234,30.181364059448242,34.90580368041992,73.17996978759766
2012-02-29,54.86297607421875,28.974971771240234,29.85613250732422,34.68046951293945,73.19598388671875
2012-03-01,55.283721923828125,29.254213333129883,30.259414672851562,35.01483917236328,73.17996978759766
2012-03-02,55.01100540161133,29.046415328979492,29.934165954589844,34.760433197021484,73.17996978759766
2012-03-05,54.76167297363281,28.747703552246094,29.700021743774414,34.5423583984375,73.17996978759766
2012-03-06,53.88117980957031,27.864561080932617,28.821903228759766,33.6918830871582,73.17996978759766
2012-03-07,54.348697662353516,28.182741165161133,29.166650772094727,34.06259536743164,73.17996978759766
2012-03-08,54.909706115722656,28.812641143798828,29.810598373413086,34.62959289550781,73.19598388671875
2012-03-09,55.18242263793945,28.72821807861328,29.732532501220703,34.60050964355469,73.19598388671875
2012-03-12,55.14346694946289,28.630800247192383,29.589452743530273,34.5423583984375,73.19598388671875
2012-03-13,56.164207458496094,29.13733673095703,30.0968017578125,35.15296173095703,73.19598388671875
2012-03-14,56.047332763671875,28.85159683227539,29.778079986572266,35.02211380004883,73.17996978759766
2012-03-15,56.37458419799805,29.065887451171875,30.03175926208496,35.23290252685547,73.17996978759766
2012-03-16,56.460304260253906,29.189279556274414,30.16834831237793,35.34922790527344,73.17996978759766
2012-03-19,56.670692443847656,29.241228103637695,30.233400344848633,35.45099639892578,73.19598388671875
2012-03-20,56.47587585449219,28.903554916381836,29.85613250732422,35.17475509643555,73.19598388671875
2012-03-21,56.4135627746582,28.77367401123047,29.784582138061523,35.109344482421875,73.19598388671875
2012-03-22,55.96162033081055,28.513925552368164,29.439834594726562,34.69500732421875,73.19598388671875
2012-03-23,56.18758010864258,28.702251434326172,29.63498306274414,34.96395492553711,73.19598388671875
2012-03-26,56.96856689453125,29.117841720581055,30.083797454833984,35.48005676269531,73.19598388671875
2012-03-27,56.78073501586914,28.91652488708496,29.908172607421875,35.2692756652832,73.17996978759766
2012-03-28,56.4990348815918,28.682754516601562,29.660987854003906,35.007568359375,73.19598388671875
2012-03-29,56.39730453491211,28.48146629333496,29.485370635986328,34.949432373046875,73.17996978759766
2012-03-30,56.545989990234375,28.715242385864258,29.693525314331055,35.08753204345703,73.17996978759766
2012-04-02,57.023345947265625,29.052900314331055,30.090301513671875,35.45099639892578,73.1640396118164
2012-04-03,56.83554458618164,28.66977882385254,29.6414852142334,35.11659622192383,73.17996978759766
2012-04-04,56.20167922973633,28.046375274658203,28.997529983520508,34.578697204589844,73.1640396118164
2012-04-05,56.16254425048828,28.03988265991211,28.965002059936523,34.50600814819336,73.17996978759766
2012-04-09,55.505210876464844,27.79961585998535,28.717823028564453,34.20798110961914,73.19598388671875
2012-04-10,54.46443557739258,27.27361488342285,28.190959930419922,33.52470779418945,73.19598388671875
2012-04-11,54.91830062866211,27.59181785583496,28.5487003326416,33.90996551513672,73.19598388671875
2012-04-12,55.7477912902832,28.13079071044922,29.101600646972656,34.49873733520508,73.17996978759766
2012-04-13,55.06700897216797,27.624292373657227,28.581214904785156,33.9317626953125,73.1640396118164
2012-04-16,55.01219940185547,27.70221710205078,28.69830894470215,34.04808044433594,73.17996978759766
2012-04-17,55.84953689575195,28.137298583984375,29.11461067199707,34.571434020996094,73.17996978759766
2012-04-18,55.653900146484375,28.00741958618164,28.92597198486328,34.360633850097656,73.17996978759766
2012-04-19,55.33306121826172,27.858057022094727,28.84791374206543,34.20798110961914,73.19598388671875
2012-04-20,55.419132232666016,28.046375274658203,28.991012573242188,34.31702423095703,73.17996978759766
2012-04-23,54.941795349121094,27.57233238220215,28.522674560546875,33.873600006103516,73.19598388671875
2012-04-24,55.12176513671875,27.747663497924805,28.678810119628906,33.997188568115234,73.19598388671875
2012-04-25,55.93560791015625,28.085342407226562,29.06257438659668,34.455142974853516,73.17996978759766
2012-04-26,56.34252166748047,28.26067352294922,29.134132385253906,34.745887756347656,73.19598388671875
2012-04-27,56.47556686401367,28.36457633972168,29.225177764892578,34.818580627441406,73.17996978759766
2012-04-30,56.18602752685547,28.195735931396484,29.075584411621094,34.673194885253906,73.19598388671875
2012-05-01,56.545989990234375,28.332109451293945,29.238191604614258,34.84764862060547,73.19598388671875
2012-05-02,56.420753479003906,28.137298583984375,29.004026412963867,34.71682357788086,73.19598388671875
2012-05-03,55.92777633666992,27.897018432617188,28.7308292388916,34.426048278808594,73.17996978759766
2012-05-04,54.99657440185547,27.468435287475586,28.347064971923828,33.81545639038086,73.17996978759766
2012-05-07,55.03569793701172,27.611305236816406,28.490161895751953,33.96084213256836,73.19598388671875
2012-05-08,54.832237243652344,27.176227569580078,28.099884033203125,33.61920166015625,73.19598388671875
2012-05-09,54.50355529785156,26.838546752929688,27.735624313354492,33.29935836791992,73.19598388671875
2012-05-10,54.64443588256836,26.97490692138672,27.86572265625,33.38658142089844,73.19598388671875
2012-05-11,54.495731353759766,26.75412368774414,27.69660186767578,33.27754592895508,73.19598388671875
2012-05-14,53.87754821777344,26.241117477416992,27.124195098876953,32.73236083984375,73.19598388671875
2012-05-15,53.58802795410156,25.90994644165039,26.805463790893555,32.456138610839844,73.19598388671875
2012-05-16,53.33760452270508,25.656692504882812,26.532278060913086,32.201725006103516,73.19598388671875
2012-05-17,52.41419982910156,25.325510025024414,26.20054054260254,31.758329391479492,73.19598388671875
2012-05-18,51.97597885131836,25.156679153442383,25.992389678955078,31.489360809326172,73.19598388671875
2012-05-21,52.93849182128906,25.7021484375,26.493249893188477,32.07817840576172,73.19598388671875
2012-05-22,52.954132080078125,25.55278968811035,26.415203094482422,32.02001953125,73.1640396118164
2012-05-23,53.04805374145508,25.357980728149414,26.207042694091797,31.910980224609375,73.1640396118164
2012-05-24,53.149803161621094,25.247591018676758,26.0899600982666,31.81647491455078,73.19598388671875
2012-05-25,53.02458572387695,25.163175582885742,25.96636962890625,31.751052856445312,73.19598388671875
2012-05-29,53.66623306274414,25.520315170288086,26.369661331176758,32.187198638916016,73.19598388671875
2012-05-30,52.82111358642578,24.968351364135742,25.836284637451172,31.554800033569336,73.19598388671875
2012-05-31,52.68810272216797,24.98134422302246,25.927352905273438,31.57659149169922,73.19598388671875
2012-06-01,51.33430099487305,24.448856353759766,25.302915573120117,30.85696792602539,73.19598388671875
2012-06-04,51.28736114501953,24.55925178527832,25.485034942626953,30.936920166015625,73.19598388671875
2012-06-05,51.67860412597656,24.708608627319336,25.654159545898438,31.09684944152832,73.19598388671875
2012-06-06,52.883724212646484,25.435903549194336,26.389183044433594,31.94732666015625,73.17996978759766
2012-06-07,52.82111358642578,25.487855911254883,26.389183044433594,31.94732666015625,73.17996978759766
2012-06-08,53.2828254699707,25.39694595336914,26.21355628967285,31.99093246459961,73.17996978759766
2012-06-11,52.539405822753906,25.130699157714844,25.992389678955078,31.57659149169922,73.17996978759766
2012-06-12,53.11063766479492,25.533306121826172,26.447721481323242,32.04182052612305,73.19598388671875
2012-06-13,52.71939468383789,25.416423797607422,26.23956871032715,31.780141830444336,73.19598388671875
2012-06-14,53.26716232299805,25.52682113647461,26.402191162109375,32.005470275878906,73.19598388671875
2012-06-15,53.81492614746094,25.877470016479492,26.779449462890625,32.4052619934082,73.17996978759766
2012-06-18,53.97145080566406,25.857990264892578,26.766435623168945,32.43433380126953,73.19598388671875
2012-06-19,54.54267501831055,26.35801887512207,27.24778938293457,32.89956283569336,73.1640396118164
2012-06-20,54.44097900390625,26.416460037231445,27.267303466796875,32.950443267822266,73.1640396118164
2012-06-21,53.212379455566406,25.67617416381836,26.512760162353516,32.09270095825195,73.19598388671875
2012-06-22,53.64276885986328,25.870981216430664,26.798969268798828,32.398006439208984,73.17996978759766
2012-06-25,52.76661682128906,25.338504791259766,26.0899600982666,31.758329391479492,73.19598388671875
2012-06-26,53.0182991027832,25.494342803955078,26.324134826660156,31.94005584716797,73.19598388671875
2012-06-27,53.52952575683594,25.715133666992188,26.50625991821289,32.252620697021484,73.17996978759766
2012-06-28,53.41943359375,25.7021484375,26.47374725341797,32.15812683105469,73.19598388671875
2012-06-29,54.81938171386719,26.61126708984375,27.47544288635254,33.197601318359375,73.1640396118164
2012-07-02,54.96883773803711,26.78011131286621,27.625051498413086,33.3211669921875,73.1640396118164
2012-07-03,55.4171257019043,27.10479736328125,27.859207153320312,33.677345275878906,73.1640396118164
2012-07-05,55.18904495239258,26.695688247680664,27.527477264404297,33.357505798339844,73.1640396118164
2012-07-06,54.669960021972656,26.39697265625,27.2282657623291,32.994056701660156,73.1640396118164
2012-07-09,54.5362548828125,26.325544357299805,27.124195098876953,32.90683364868164,73.1640396118164
2012-07-10,54.048614501953125,26.117738723754883,26.94856834411621,32.645145416259766,73.1640396118164
2012-07-11,54.0092887878418,26.21514320373535,27.04613494873047,32.710575103759766,73.1640396118164
2012-07-12,53.79692077636719,25.90994644165039,26.701391220092773,32.383460998535156,73.1640396118164
2012-07-13,54.63849639892578,26.280094146728516,27.1372013092041,32.89956283569336,73.17996978759766
2012-07-16,54.50479507446289,26.28658676147461,27.098180770874023,32.89229202270508,73.1640396118164
2012-07-17,54.8665771484375,26.442424774169922,27.28680419921875,33.09581756591797,73.1640396118164
2012-07-18,55.25981903076172,26.55931854248047,27.37137794494629,33.27027893066406,73.1640396118164
2012-07-19,55.354209899902344,26.73464012145996,27.631553649902344,33.47380828857422,73.17996978759766
2012-07-20,54.85084533691406,26.25412368774414,27.124195098876953,32.994056701660156,73.1640396118164
2012-07-23,54.2452392578125,25.695653915405273,26.584312438964844,32.528846740722656,73.1640396118164
2012-07-24,53.757606506347656,25.45538330078125,26.35015106201172,32.1653938293457,73.17996978759766
2012-07-25,53.76547622680664,25.630712509155273,26.460735321044922,32.27442169189453,73.19598388671875
2012-07-26,54.583438873291016,26.28658676147461,27.150217056274414,32.97226333618164,73.17996978759766
2012-07-27,55.660953521728516,26.942445755004883,27.781150817871094,33.64101028442383,73.19598388671875
2012-07-30,55.60588073730469,26.858030319213867,27.703102111816406,33.5610466003418,73.19598388671875
2012-07-31,55.299156188964844,26.741147994995117,27.560001373291016,33.437469482421875,73.1640396118164
2012-08-01,55.07892990112305,26.75412368774414,27.540496826171875,33.335689544677734,73.17996978759766
2012-08-02,54.701412200927734,26.383991241455078,27.2282657623291,33.0013313293457,73.17996978759766
2012-08-03,55.81038284301758,27.19570541381836,28.03485107421875,33.83000183105469,73.17996978759766
2012-08-06,55.95195007324219,27.390518188476562,28.21697235107422,33.997188568115234,73.19598388671875
2012-08-07,56.290164947509766,27.598312377929688,28.431617736816406,34.237060546875,73.17996978759766
2012-08-08,56.360958099365234,27.598312377929688,28.392601013183594,34.20798110961914,73.1640396118164
2012-08-09,56.40813446044922,27.643766403198242,28.43812370300293,34.280677795410156,73.1640396118164
2012-08-10,56.51823043823242,27.721683502197266,28.535686492919922,34.34608840942383,73.1640396118164
2012-08-13,56.4710578918457,27.578828811645508,28.386085510253906,34.266136169433594,73.1640396118164
2012-08-14,56.455318450927734,27.604808807373047,28.470657348632812,34.280677795410156,73.1640396118164
2012-08-15,56.5811653137207,27.565845489501953,28.43812370300293,34.302494049072266,73.1640396118164
2012-08-16,57.01375198364258,27.890527725219727,28.73734474182129,34.64411544799805,73.1640396118164
2012-08-17,57.12387466430664,27.858057022094727,28.750350952148438,34.673194885253906,73.1640396118164
2012-08-20,57.115970611572266,27.864561080932617,28.69830894470215,34.62959289550781,73.1640396118164
2012-08-21,56.99800109863281,27.961973190307617,28.821903228759766,34.636863708496094,73.1640396118164
2012-08-22,56.92721939086914,27.935977935791016,28.821903228759766,34.6077766418457,73.1640396118164
2012-08-23,56.502498626708984,27.741174697875977,28.633264541625977,34.375179290771484,73.1640396118164
2012-08-24,56.824989318847656,27.68923568725586,28.620256423950195,34.4333381652832,73.1640396118164
2012-08-27,56.817115783691406,27.682737350463867,28.581214904785156,34.418792724609375,73.1640396118164
2012-08-28,56.80925750732422,27.630779266357422,28.412111282348633,34.426048278808594,73.1640396118164
2012-08-29,56.88003921508789,27.559343338012695,28.301528930664062,34.367889404296875,73.1640396118164
2012-08-30,56.455318450927734,27.15673828125,27.982805252075195,34.02626419067383,73.1640396118164
2012-08-31,56.79353332519531,27.448957443237305,28.275503158569336,34.266136169433594,73.1640396118164
2012-09-04,56.754180908203125,27.319087982177734,28.08037567138672,34.22978591918945,73.1640396118164
2012-09-05,56.754180908203125,27.24115753173828,28.008817672729492,34.17890548706055,73.17996978759766
2012-09-06,57.88674545288086,27.942474365234375,28.678810119628906,34.96395492553711,73.17996978759766
2012-09-07,58.16989517211914,28.338586807250977,29.127613067626953,35.29833221435547,73.1640396118164
2012-09-10,57.823822021484375,28.098331451416016,28.89994239807129,35.04391860961914,73.1640396118164
2012-09-11,57.949684143066406,28.403545379638672,29.140623092651367,35.262001037597656,73.1640396118164
2012-09-12,58.19350814819336,28.539905548095703,29.309738159179688,35.40737533569336,73.1640396118164
2012-09-13,59.0665283203125,29.065887451171875,29.888654708862305,36.02523422241211,73.1640396118164
2012-09-14,59.381126403808594,29.37759017944336,30.233400344848633,36.30146789550781,73.1640396118164
2012-09-17,59.1373176574707,29.17627716064453,29.992721557617188,36.11973190307617,73.1640396118164
2012-09-18,59.035072326660156,29.085372924804688,29.86912727355957,36.003440856933594,73.1640396118164
2012-09-19,59.08224105834961,29.195770263671875,29.979721069335938,36.07612991333008,73.1640396118164
2012-09-20,59.003570556640625,28.91652488708496,29.76506996154785,35.89440155029297,73.1640396118164
2012-09-21,59.01931381225586,29.013931274414062,29.84311294555664,35.89440155029297,73.1640396118164
2012-09-24,58.888145446777344,28.92732048034668,29.7485408782959,35.80906295776367,73.1640396118164
2012-09-25,58.287479400634766,28.669466018676758,29.497220993041992,35.51482391357422,73.1640396118164
2012-09-26,57.90019607543945,28.444652557373047,29.232690811157227,35.242645263671875,73.1640396118164
2012-09-27,58.4771614074707,28.83476448059082,29.66257667541504,35.68400573730469,73.17996978759766
2012-09-28,58.208438873291016,28.404983520507812,29.239286422729492,35.330909729003906,73.1640396118164
2012-10-01,58.311187744140625,28.636402130126953,29.43769645690918,35.507469177246094,73.1640396118164
2012-10-02,58.398109436035156,28.709131240844727,29.56997299194336,35.647239685058594,73.17996978759766
2012-10-03,58.61152648925781,28.590120315551758,29.444311141967773,35.60310363769531,73.1640396118164
2012-10-04,59.05410385131836,28.9405574798584,29.741933822631836,35.91940689086914,73.1640396118164
2012-10-05,59.03827667236328,28.920711517333984,29.794843673706055,35.934104919433594,73.1640396118164
2012-10-08,58.80908966064453,28.7025203704834,29.543519973754883,35.77228927612305,73.1640396118164
2012-10-09,58.21633529663086,28.338865280151367,29.1929931640625,35.36771011352539,73.1640396118164
2012-10-10,57.8764762878418,28.259517669677734,29.073945999145508,35.18380355834961,73.17996978759766
2012-10-11,57.96346664428711,28.47771453857422,29.26573944091797,35.353004455566406,73.17996978759766
2012-10-12,57.71054458618164,28.39835548400879,29.226057052612305,35.20587921142578,73.1640396118164
2012-10-15,58.184749603271484,28.7025203704834,29.530292510986328,35.52217102050781,73.17996978759766
2012-10-16,58.78538513183594,29.105854034423828,29.94033432006836,35.97825241088867,73.1640396118164
2012-10-17,59.06199645996094,29.330659866333008,30.178434371948242,36.19157791137695,73.17996978759766
2012-10-18,58.94344711303711,29.26451873779297,30.12552833557129,36.11800003051758,73.1640396118164
2012-10-19,57.92390060424805,28.821529388427734,29.669185638427734,35.558963775634766,73.1640396118164
2012-10-22,57.92390060424805,29.052949905395508,29.920495986938477,35.70607376098633,73.1640396118164
2012-10-23,57.18893814086914,28.49093246459961,29.292198181152344,35.0808219909668,73.17996978759766
2012-10-24,57.03081512451172,28.49093246459961,29.37156867980957,35.04404067993164,73.17996978759766
2012-10-25,57.18893814086914,28.7025203704834,29.583206176757812,35.26472473144531,73.1640396118164
2012-10-26,57.12567901611328,28.609947204589844,29.464153289794922,35.154380798339844,73.1640396118164
2012-10-31,57.15729522705078,28.623172760009766,29.477380752563477,35.11759948730469,73.17996978759766
2012-11-01,57.8764762878418,28.9405574798584,29.814685821533203,35.63987350463867,73.17996978759766
2012-11-02,57.27582931518555,28.67607879638672,29.596424102783203,35.26472473144531,73.17996978759766
2012-11-05,57.457603454589844,28.695903778076172,29.589815139770508,35.31619644165039,73.1640396118164
2012-11-06,57.892303466796875,28.920711517333984,29.808080673217773,35.61044692993164,73.1640396118164
2012-11-07,56.59613800048828,28.48432731628418,29.364953994750977,34.948402404785156,73.17996978759766
2012-11-08,55.87692642211914,28.186779022216797,29.073945999145508,34.595333099365234,73.17996978759766
2012-11-09,55.93227005004883,28.213239669799805,29.120243072509766,34.61003112792969,73.17996978759766
2012-11-12,55.9638671875,28.233062744140625,29.120243072509766,34.63944625854492,73.17996978759766
2012-11-13,55.75046920776367,28.01487159729004,28.941665649414062,34.4261360168457,73.17996978759766
2012-11-14,54.96804428100586,27.73716926574707,28.630828857421875,34.021568298339844,73.17996978759766
2012-11-15,54.825782775878906,27.790081024169922,28.69034194946289,33.97006607055664,73.17996978759766
2012-11-16,55.12614059448242,27.816524505615234,28.69034194946289,34.08040237426758,73.17996978759766
2012-11-19,56.26420593261719,28.338865280151367,29.285579681396484,34.801292419433594,73.17996978759766
2012-11-20,56.327423095703125,28.365306854248047,29.245899200439453,34.757164001464844,73.1640396118164
2012-11-21,56.46968078613281,28.385143280029297,29.32525634765625,34.87484359741211,73.1640396118164
2012-11-23,57.204708099365234,28.993436813354492,29.894044876098633,35.43391418457031,73.1640396118164
2012-11-26,57.13357162475586,28.894277572631836,29.808080673217773,35.34563446044922,73.1640396118164
2012-11-27,56.83323287963867,28.709131240844727,29.60965919494629,35.132320404052734,73.1640396118164
2012-11-28,57.28376007080078,28.920711517333984,29.80145263671875,35.43391418457031,73.1640396118164
2012-11-29,57.61567306518555,29.125680923461914,30.07262420654297,35.62517166137695,73.1640396118164
2012-11-30,57.599853515625,29.13890838623047,30.085865020751953,35.65460205078125,73.1640396118164
2012-12-03,57.346954345703125,29.171964645385742,30.06600570678711,35.56631088256836,73.1640396118164
2012-12-04,57.26792907714844,29.238100051879883,30.158588409423828,35.61044692993164,73.1640396118164
2012-12-05,57.37858581542969,29.423229217529297,30.304105758666992,35.713443756103516,73.1640396118164
2012-12-06,57.56037902832031,29.456274032592773,30.376848220825195,35.85319900512695,73.1640396118164
2012-12-07,57.726322174072266,29.522409439086914,30.409929275512695,35.9267692565918,73.1640396118164
2012-12-10,57.79747009277344,29.535621643066406,30.495891571044922,35.94148254394531,73.1640396118164
2012-12-11,58.16101837158203,29.694313049316406,30.60832405090332,36.22100067138672,73.1640396118164
2012-12-12,58.184749603271484,29.879446029663086,30.75383186340332,36.28721237182617,73.1640396118164
2012-12-13,57.8527946472168,29.72737693786621,30.661239624023438,36.059165954589844,73.1640396118164
2012-12-14,57.607784271240234,29.879446029663086,30.760438919067383,36.081241607666016,73.1640396118164
2012-12-17,58.32699966430664,30.031522750854492,30.912574768066406,36.382843017578125,73.1640396118164
2012-12-18,59.006683349609375,30.249719619750977,31.15064811706543,36.7432746887207,73.17996978759766
2012-12-19,58.64311599731445,30.329063415527344,31.21017837524414,36.66971969604492,73.1640396118164
2012-12-20,58.9655647277832,30.500383377075195,31.415321350097656,36.9040412902832,73.1640396118164
2012-12-21,58.463993072509766,30.266159057617188,31.13375473022461,36.59159469604492,73.1640396118164
2012-12-24,58.26495361328125,30.1724796295166,31.03319549560547,36.5320930480957,73.1640396118164
2012-12-26,57.98628234863281,30.212636947631836,31.066715240478516,36.472591400146484,73.1640396118164
2012-12-27,57.93849182128906,30.326393127441406,31.22760581970215,36.50979232788086,73.1640396118164
2012-12-28,57.30950927734375,30.09886360168457,31.006372451782227,36.28662109375,73.17996978759766
2012-12-31,58.34455108642578,30.61412239074707,31.556095123291016,36.76270294189453,73.1640396118164
2013-01-02,59.82548141479492,31.109294891357422,32.03881072998047,37.56609344482422,73.1640396118164
2013-01-03,59.737857818603516,30.81486701965332,31.77064323425293,37.35780715942383,73.1640396118164
2013-01-04,60.04046630859375,30.99553871154785,31.87120246887207,37.536338806152344,73.17996978759766
2013-01-07,59.88120651245117,30.794803619384766,31.73711395263672,37.342926025390625,73.14806365966797
2013-01-08,59.72196578979492,30.587358474731445,31.549402236938477,37.20158767700195,73.14806365966797
2013-01-09,59.905052185058594,30.7613525390625,31.73041343688965,37.3652458190918,73.14806365966797
2013-01-10,60.319095611572266,31.169523239135742,32.12595748901367,37.75951385498047,73.14806365966797
2013-01-11,60.327064514160156,31.156137466430664,32.11924362182617,37.73717498779297,73.14806365966797
2013-01-14,60.263362884521484,31.196292877197266,32.139366149902344,37.75951385498047,73.14806365966797
2013-01-15,60.37480545043945,31.095918655395508,32.03881072998047,37.72230911254883,73.14806365966797
2013-01-16,60.327064514160156,30.935321807861328,31.891313552856445,37.647926330566406,73.14806365966797
2013-01-17,60.741085052490234,31.20298957824707,32.17288589477539,37.893402099609375,73.1640396118164
2013-01-18,60.908260345458984,31.216388702392578,32.186302185058594,37.93060302734375,73.14806365966797
2013-01-22,61.22675704956055,31.249832153320312,32.179588317871094,38.079376220703125,73.14806365966797
2013-01-23,61.29841613769531,31.13608169555664,32.08572769165039,38.049617767333984,73.14806365966797
2013-01-24,61.37007522583008,31.249832153320312,32.206398010253906,38.1240234375,73.1640396118164
2013-01-25,61.712425231933594,31.463953018188477,32.374000549316406,38.332298278808594,73.14806365966797
2013-01-28,61.65667724609375,31.27659797668457,32.11924362182617,38.183528900146484,73.14806365966797
2013-01-29,61.86369323730469,31.497407913208008,32.434349060058594,38.391807556152344,73.14806365966797
2013-01-30,61.61684799194336,31.47064781188965,32.387428283691406,38.33973693847656,73.14806365966797
2013-01-31,61.50539779663086,31.35689926147461,32.31367492675781,38.235591888427734,73.1640396118164
2013-02-01,62.10255813598633,31.631248474121094,32.628761291503906,38.59267044067383,73.14806365966797
2013-02-04,61.449668884277344,31.12268829345703,32.07902526855469,38.049617767333984,73.14806365966797
2013-02-05,62.03091812133789,31.229764938354492,32.199703216552734,38.30997848510742,73.1640396118164
2013-02-06,62.14238739013672,31.2699031829834,32.27344512939453,38.3471794128418,73.1640396118164
2013-02-07,62.03091812133789,30.9821720123291,31.998580932617188,38.146324157714844,73.1640396118164
2013-02-08,62.40510177612305,31.169523239135742,32.15279006958008,38.37693786621094,73.1640396118164
2013-02-11,62.37323760986328,31.149463653564453,32.139366149902344,38.32485580444336,73.1640396118164
2013-02-12,62.47679138183594,31.249832153320312,32.25333786010742,38.443878173828125,73.1640396118164
2013-02-13,62.56435012817383,31.35689926147461,32.374000549316406,38.518272399902344,73.14806365966797
2013-02-14,62.643959045410156,31.229764938354492,32.22652053833008,38.458763122558594,73.1640396118164
2013-02-15,62.57229995727539,31.14276695251465,32.15947723388672,38.36204147338867,73.14806365966797
2013-02-19,63.010215759277344,31.450580596923828,32.4410514831543,38.69678497314453,73.14806365966797
2013-02-20,62.17418670654297,31.12268829345703,32.233238220214844,38.25790786743164,73.1640396118164
2013-02-21,61.75222396850586,30.721179962158203,31.68349266052246,37.863643646240234,73.14806365966797
2013-02-22,62.34934997558594,31.055763244628906,32.04550552368164,38.250465393066406,73.1640396118164
2013-02-25,61.20285415649414,30.413373947143555,31.408615112304688,37.536338806152344,73.14806365966797
2013-02-26,61.59300231933594,30.59404754638672,31.663372039794922,37.774383544921875,73.14806365966797
2013-02-27,62.34934997558594,30.962099075317383,32.018680572509766,38.19095993041992,73.1640396118164
2013-02-28,62.29364776611328,30.921939849853516,31.944944381713867,38.11656188964844,73.1640396118164
2013-03-01,62.43696594238281,30.915250778198242,31.91813087463379,38.213279724121094,73.1640396118164
2013-03-04,62.723567962646484,30.962099075317383,31.95163345336914,38.302547454833984,73.14806365966797
2013-03-05,63.35256576538086,31.2364501953125,32.26003646850586,38.65959930419922,73.1640396118164
2013-03-06,63.44810485839844,31.3100528717041,32.347190856933594,38.719112396240234,73.14806365966797
2013-03-07,63.59941101074219,31.41042137145996,32.4410514831543,38.86045455932617,73.1640396118164
2013-03-08,63.90989303588867,31.490713119506836,32.5281982421875,39.016666412353516,73.14806365966797
2013-03-11,64.09302520751953,31.537578582763672,32.56842803955078,39.12824630737305,73.1640396118164
2013-03-12,63.9815559387207,31.37027359008789,32.40081787109375,38.927406311035156,73.14806365966797
2013-03-13,64.10098266601562,31.25652503967285,32.293540954589844,38.90510177612305,73.1640396118164
2013-03-14,64.45931243896484,31.490713119506836,32.54831314086914,39.1803092956543,73.1640396118164
2013-03-15,64.38761901855469,31.463953018188477,32.508087158203125,39.06874084472656,73.1640396118164
2013-03-18,64.03727722167969,31.10260581970215,32.21311950683594,38.81582260131836,73.14806365966797
2013-03-19,63.86210632324219,30.9754695892334,32.07232666015625,38.548030853271484,73.14806365966797
2013-03-20,64.3398208618164,31.18291473388672,32.32707977294922,38.88277053833008,73.14806365966797
2013-03-21,63.82231140136719,30.88847541809082,32.032100677490234,38.57778549194336,73.14806365966797
2013-03-22,64.21741485595703,31.114660263061523,32.26400375366211,38.84194564819336,73.1640396118164
2013-03-25,64.00146484375,30.819347381591797,31.9816837310791,38.610626220703125,73.14806365966797
2013-03-26,64.48137664794922,31.06767463684082,32.1766242980957,38.90165710449219,73.1640396118164
2013-03-27,64.52936553955078,30.993846893310547,32.10940170288086,38.85687255859375,73.14806365966797
2013-03-28,64.7532958984375,31.114660263061523,32.24382400512695,39.01356887817383,73.1640396118164
2013-04-01,64.40939331054688,30.785795211791992,31.94807243347168,38.67776870727539,73.14806365966797
2013-04-02,64.6013412475586,30.993846893310547,32.08922576904297,38.90910720825195,73.1640396118164
2013-04-03,63.89752197265625,30.765661239624023,31.874141693115234,38.483741760253906,73.14806365966797
2013-04-04,64.17742156982422,30.92003059387207,32.069061279296875,38.70016860961914,73.14806365966797
2013-04-05,63.9534912109375,30.80593490600586,31.907745361328125,38.573299407958984,73.1640396118164
2013-04-08,64.34538269042969,30.886472702026367,31.941356658935547,38.75985336303711,73.1640396118164
2013-04-09,64.52936553955078,31.054237365722656,32.136287689208984,38.87926483154297,73.1640396118164
2013-04-10,65.36117553710938,31.470378875732422,32.58664321899414,39.409095764160156,73.1640396118164
2013-04-11,65.60912322998047,31.638158798217773,32.727779388427734,39.60310745239258,73.14806365966797
2013-04-12,65.37716674804688,31.483797073364258,32.56646728515625,39.43147277832031,73.1640396118164
2013-04-15,63.785518646240234,30.745527267456055,31.78003692626953,38.45390319824219,73.1640396118164
2013-04-16,64.72930908203125,31.275732040405273,32.37153244018555,39.080745697021484,73.1640396118164
2013-04-17,63.761531829833984,30.644855499267578,31.652315139770508,38.38674545288086,73.1640396118164
2013-04-18,63.361610412597656,30.618009567260742,31.632160186767578,38.2076301574707,73.14806365966797
2013-04-19,63.96949768066406,30.92003059387207,31.96824073791504,38.632999420166016,73.1640396118164
2013-04-22,64.2414321899414,31.007266998291016,32.042179107666016,38.75985336303711,73.1640396118164
2013-04-23,64.93727111816406,31.329425811767578,32.405147552490234,39.19268035888672,73.1640396118164
2013-04-24,65.03324127197266,31.584474563598633,32.64041519165039,39.35685729980469,73.1640396118164
2013-04-25,65.29718780517578,31.76568031311035,32.815162658691406,39.580718994140625,73.14806365966797
2013-04-26,65.17721557617188,31.725412368774414,32.8353271484375,39.476261138916016,73.14806365966797
2013-04-29,65.59312438964844,32.11467361450195,33.18486785888672,39.86429977416992,73.14806365966797
2013-04-30,65.79309844970703,32.282470703125,33.373077392578125,40.05831527709961,73.14806365966797
2013-05-01,65.1212158203125,32.000587463378906,33.11091613769531,39.67026901245117,73.14806365966797
2013-05-02,65.80107879638672,32.15495681762695,33.272247314453125,39.976226806640625,73.1640396118164
2013-05-03,66.41694641113281,32.49052047729492,33.58816909790039,40.4090576171875,73.14806365966797
2013-05-06,66.67285919189453,32.51066207885742,33.554569244384766,40.453853607177734,73.14806365966797
2013-05-07,67.04077911376953,32.58449172973633,33.682273864746094,40.62546920776367,73.14806365966797
2013-05-08,67.35271453857422,32.88650131225586,34.06540298461914,40.909027099609375,73.1640396118164
2013-05-09,67.12877655029297,32.604610443115234,33.70243835449219,40.70755386352539,73.1640396118164
2013-05-10,67.4247055053711,32.61803436279297,33.756202697753906,40.72248077392578,73.14806365966797
2013-05-13,67.44068145751953,32.55762481689453,33.6755485534668,40.6926383972168,73.1640396118164
2013-05-14,68.13655853271484,32.6314697265625,33.756202697753906,40.95381546020508,73.14806365966797
2013-05-15,68.4324722290039,32.68516540527344,33.81669616699219,41.11052322387695,73.14806365966797
2013-05-16,68.15254974365234,32.48381042480469,33.57472229003906,40.89411544799805,73.14806365966797
2013-05-17,68.84835815429688,32.72542190551758,33.76292419433594,41.22991943359375,73.1640396118164
2013-05-20,68.84036254882812,32.873069763183594,34.025081634521484,41.27470397949219,73.14806365966797
2013-05-21,68.95234680175781,32.91335678100586,34.04524230957031,41.334407806396484,73.1640396118164
2013-05-22,68.2724838256836,32.611328125,33.68898391723633,40.91651153564453,73.1640396118164
2013-05-23,68.14452362060547,32.19520950317383,33.33274459838867,40.729949951171875,73.1640396118164
2013-05-24,68.05657196044922,31.960323333740234,33.03699493408203,40.483680725097656,73.1640396118164
2013-05-28,68.49644470214844,32.05427169799805,33.07732391357422,40.64040756225586,73.14806365966797
2013-05-29,68.03255462646484,31.76568031311035,32.8353271484375,40.33441925048828,73.1640396118164
2013-05-30,68.31250762939453,31.866355895996094,32.96977615356445,40.52846145629883,73.14806365966797
2013-05-31,67.40070343017578,31.2153263092041,32.270713806152344,39.834449768066406,73.1640396118164
2013-06-03,67.67266845703125,31.430110931396484,32.58664321899414,40.080718994140625,73.1640396118164
2013-06-04,67.34471893310547,31.409975051879883,32.47909164428711,39.93144989013672,73.1640396118164
2013-06-05,66.3929443359375,30.799209594726562,31.887582778930664,39.25984191894531,73.1640396118164
2013-06-06,67.01678466796875,30.993846893310547,32.0825080871582,39.58817672729492,73.14806365966797
2013-06-07,67.8486099243164,31.262319564819336,32.277442932128906,39.946372985839844,73.1640396118164
2013-06-10,67.87258911132812,31.228757858276367,32.25055694580078,39.968772888183594,73.14806365966797
2013-06-11,67.18474578857422,30.77235984802246,31.800214767456055,39.43894577026367,73.1640396118164
2013-06-12,66.61687469482422,30.70525360107422,31.74643325805664,39.2225341796875,73.14806365966797
2013-06-13,67.64862823486328,31.17506217956543,32.23038101196289,39.80460739135742,73.1640396118164
2013-06-14,67.26472473144531,30.799209594726562,31.83380699157715,39.46133041381836,73.14806365966797
2013-06-17,67.73662567138672,31.2220458984375,32.25727844238281,39.87176513671875,73.14806365966797
2013-06-18,68.24853515625,31.376413345336914,32.42530822753906,40.17027282714844,73.14806365966797
2013-06-19,67.37670135498047,30.77235984802246,31.793487548828125,39.46133041381836,73.14806365966797
2013-06-20,65.7051010131836,29.631404876708984,30.744901657104492,38.25987243652344,73.14806365966797
2013-06-21,65.87305450439453,29.772350311279297,30.812118530273438,38.33450698852539,73.1640396118164
2013-06-24,65.02606964111328,29.21099090576172,30.198484420776367,37.73161315917969,73.1640396118164
2013-06-25,65.67699432373047,29.60564422607422,30.593494415283203,38.23591232299805,73.1640396118164
2013-06-26,66.28770446777344,29.77576446533203,30.790992736816406,38.52943801879883,73.1640396118164
2013-06-27,66.77790832519531,30.1431941986084,31.145160675048828,38.92837142944336,73.14806365966797
2013-06-28,66.4323501586914,30.08875274658203,31.111106872558594,38.77030563354492,73.14806365966797
2013-07-01,66.98680877685547,30.408552169799805,31.356281280517578,39.09394073486328,73.1640396118164
2013-07-02,66.91449737548828,30.177207946777344,31.179222106933594,38.87568283081055,73.14806365966797
2013-07-03,67.01094055175781,30.122774124145508,31.104297637939453,38.935890197753906,73.1640396118164
2013-07-05,67.72611999511719,30.218046188354492,31.226877212524414,39.21438217163086,73.1640396118164
2013-07-08,68.08771514892578,30.32010269165039,31.363101959228516,39.36491775512695,73.13206481933594
2013-07-09,68.56987762451172,30.531036376953125,31.5742244720459,39.62834167480469,73.13206481933594
2013-07-10,68.6020278930664,30.57866668701172,31.587858200073242,39.681034088134766,73.13206481933594
2013-07-11,69.59847259521484,31.470043182373047,32.541343688964844,40.55413818359375,73.13206481933594
2013-07-12,69.66275024414062,31.2727108001709,32.33021926879883,40.4562873840332,73.13206481933594
2013-07-15,69.92793273925781,31.49725341796875,32.527713775634766,40.66703796386719,73.13206481933594
2013-07-16,69.61455535888672,31.476852416992188,32.541343688964844,40.54662322998047,73.13206481933594
2013-07-17,69.83956146240234,31.592517852783203,32.69118118286133,40.71220397949219,73.13206481933594
2013-07-18,70.23330688476562,31.7217960357666,32.80695343017578,40.92294692993164,73.14806365966797
2013-07-19,70.3377914428711,31.701379776000977,32.78653335571289,40.92294692993164,73.14806365966797
2013-07-22,70.49046325683594,31.905519485473633,32.977230072021484,41.11111068725586,73.14806365966797
2013-07-23,70.36188507080078,32.034793853759766,33.12706756591797,41.13370132446289,73.14806365966797
2013-07-24,70.08060455322266,31.898696899414062,32.9908447265625,40.998226165771484,73.1640396118164
2013-07-25,70.3377914428711,31.987159729003906,33.0589599609375,41.08101272583008,73.13206481933594
2013-07-26,70.34579467773438,31.823869705200195,32.90231704711914,40.97563171386719,73.13206481933594
2013-07-29,70.10470581054688,31.531265258789062,32.6026496887207,40.757362365722656,73.14806365966797
2013-07-30,70.17704010009766,31.470043182373047,32.5345344543457,40.727264404296875,73.13206481933594
2013-07-31,70.24935913085938,31.504058837890625,32.54814529418945,40.77241516113281,73.14806365966797
2013-08-01,71.14134216308594,31.912309646606445,32.9636116027832,41.31433868408203,73.13206481933594
2013-08-02,71.17347717285156,32.068817138671875,33.12706756591797,41.43476486206055,73.14806365966797
2013-08-05,71.1815185546875,31.966754913330078,33.024898529052734,41.34444046020508,73.14806365966797
2013-08-06,70.7154769897461,31.86468505859375,32.93636703491211,41.14875030517578,73.14806365966797
2013-08-07,70.43419647216797,31.667373657226562,32.704795837402344,40.9154167175293,73.13206481933594
2013-08-08,70.7234878540039,32.02798843383789,33.140689849853516,41.284236907958984,73.13206481933594
2013-08-09,70.54669189453125,32.08243179321289,33.20198059082031,41.254119873046875,73.14806365966797
2013-08-12,70.49848175048828,32.06201171875,33.195159912109375,41.2315559387207,73.14806365966797
2013-08-13,70.65113067626953,32.29335021972656,33.40630340576172,41.42724609375,73.14806365966797
2013-08-14,70.28152465820312,32.30015563964844,33.392677307128906,41.3369140625,73.14806365966797
2013-08-15,69.23686981201172,32.055206298828125,33.16793441772461,40.85519790649414,73.14806365966797
2013-08-16,69.0118408203125,32.075626373291016,33.140689849853516,40.80253601074219,73.14806365966797
2013-08-19,68.54574584960938,31.769432067871094,32.847816467285156,40.471351623535156,73.13206481933594
2013-08-20,68.99577331542969,31.715009689331055,32.78653335571289,40.59931182861328,73.14806365966797
2013-08-21,68.593994140625,31.29312515258789,32.316593170166016,40.17780303955078,73.14806365966797
2013-08-22,69.20472717285156,31.619728088378906,32.74567413330078,40.53909683227539,73.13206481933594
2013-08-23,69.49398803710938,31.871490478515625,32.94316864013672,40.80253601074219,73.14806365966797
2013-08-26,69.31722259521484,31.667373657226562,32.74567413330078,40.614356994628906,73.13206481933594
2013-08-27,68.08771514892578,31.109397888183594,32.17357635498047,39.899314880371094,73.13206481933594
2013-08-28,68.33686065673828,31.075389862060547,32.153133392333984,39.95953369140625,73.13206481933594
2013-08-29,68.52169036865234,31.095783233642578,32.159942626953125,39.982093811035156,73.14806365966797
2013-08-30,68.11986541748047,30.8780574798584,31.914758682250977,39.7713623046875,73.14806365966797
2013-09-03,68.46541595458984,31.36796760559082,32.432369232177734,40.13262939453125,73.14806365966797
2013-09-04,69.07609558105469,31.633344650268555,32.74567413330078,40.54662322998047,73.14806365966797
2013-09-05,69.15650177001953,31.715009689331055,32.80695343017578,40.62942123413086,73.14806365966797
2013-09-06,69.2127456665039,31.885093688964844,33.011287689208984,40.73478317260742,73.14806365966797
2013-09-09,69.99223327636719,32.44306564331055,33.596988677978516,41.291770935058594,73.11609649658203
2013-09-10,70.53866577148438,32.74245834350586,33.90347671508789,41.690673828125,73.13206481933594
2013-09-11,70.7234878540039,32.86492156982422,33.98521041870117,41.81111145019531,73.13206481933594
2013-09-12,70.50650787353516,32.65399169921875,33.75364303588867,41.59282684326172,73.13206481933594
2013-09-13,70.65113067626953,32.803680419921875,33.90347671508789,41.72832107543945,73.14806365966797
2013-09-16,71.06098175048828,33.048648834228516,34.2167854309082,42.021846771240234,73.13206481933594
2013-09-17,71.43868255615234,33.116676330566406,34.2167854309082,42.11969757080078,73.13206481933594
2013-09-18,72.2744140625,34.08970642089844,35.19749069213867,42.94763946533203,73.14806365966797
2013-09-19,72.16192626953125,33.797122955322266,34.938697814941406,42.812164306640625,73.14806365966797
2013-09-20,71.67975616455078,33.5045280456543,34.604976654052734,42.42829513549805,73.13206481933594
2013-09-23,71.35594940185547,33.51889419555664,34.63233947753906,42.364051818847656,73.13206481933594
2013-09-24,71.24290466308594,33.43686294555664,34.598140716552734,42.28844451904297,73.13206481933594
2013-09-25,71.11370849609375,33.43686294555664,34.56391525268555,42.25065231323242,73.13206481933594
2013-09-26,71.38826751708984,33.573551177978516,34.707611083984375,42.38673400878906,73.13206481933594
2013-09-27,71.10564422607422,33.43003463745117,34.58445358276367,42.25065231323242,73.13206481933594
2013-09-30,70.77457427978516,33.21813201904297,34.31078338623047,41.993629455566406,73.13206481933594
2013-10-01,71.38826751708984,33.43003463745117,34.550235748291016,42.32624816894531,73.14806365966797
2013-10-02,71.26712799072266,33.40953063964844,34.598140716552734,42.265769958496094,73.14806365966797
2013-10-03,70.66150665283203,33.2591552734375,34.43394088745117,42.016300201416016,73.14806365966797
2013-10-04,71.17832946777344,33.36852264404297,34.52287673950195,42.190185546875,73.14806365966797
2013-10-07,70.54043579101562,33.09511184692383,34.22185516357422,41.84999465942383,73.14806365966797
2013-10-08,69.60379028320312,32.83538055419922,33.941349029541016,41.40398025512695,73.14806365966797
2013-10-09,69.55530548095703,32.97208023071289,34.1876335144043,41.487125396728516,73.13206481933594
2013-10-10,71.12179565429688,33.59408187866211,34.76233673095703,42.34138107299805,73.11609649658203
2013-10-11,71.62242126464844,33.77860641479492,34.89232635498047,42.63620376586914,73.10015869140625
2013-10-14,71.93734741210938,33.860633850097656,35.03598403930664,42.74202346801758,73.10015869140625
2013-10-15,71.38826751708984,33.66241455078125,34.83074951171875,42.44720458984375,73.10015869140625
2013-10-16,72.3895263671875,33.94948196411133,35.13178253173828,42.91590118408203,73.11609649658203
2013-10-17,72.92243194580078,34.33224868774414,35.494384765625,43.3392333984375,73.11609649658203
2013-10-18,73.43923950195312,34.537288665771484,35.67911911010742,43.59626007080078,73.13206481933594
2013-10-21,73.39884185791016,34.550968170166016,35.72700119018555,43.641632080078125,73.13206481933594
2013-10-22,73.81871032714844,34.85853576660156,36.08961486816406,43.951560974121094,73.13206481933594
2013-10-23,73.4715347290039,34.46210861206055,35.62438201904297,43.56603240966797,73.13206481933594
2013-10-24,73.7541275024414,34.591983795166016,35.80226135253906,43.80036926269531,73.11609649658203
2013-10-25,74.0206069946289,34.56464385986328,35.76121520996094,43.845733642578125,73.13206481933594
2013-10-28,74.0771484375,34.55780029296875,35.74753189086914,43.838165283203125,73.13206481933594
2013-10-29,74.44856262207031,34.64665603637695,35.83647155761719,43.94402313232422,73.11609649658203
2013-10-30,74.01252746582031,34.53047561645508,35.71331787109375,43.7776985168457,73.11609649658203
2013-10-31,73.79450988769531,34.325408935546875,35.569644927978516,43.550907135009766,73.11609649658203
2013-11-01,73.89142608642578,34.188720703125,35.3507080078125,43.528228759765625,73.11609649658203
2013-11-04,74.23054504394531,34.339088439941406,35.51491928100586,43.7776985168457,73.11609649658203
2013-11-05,74.01252746582031,34.01783752441406,35.15230178833008,43.45262908935547,73.11609649658203
2013-11-06,74.20632934570312,34.277565002441406,35.48070526123047,43.65674591064453,73.13206481933594
2013-11-07,73.2212142944336,33.751277923583984,34.871795654296875,43.04441452026367,73.11609649658203
2013-11-08,74.1982421875,33.894798278808594,35.0633659362793,43.42239761352539,73.11609649658203
2013-11-11,74.2466812133789,33.860633850097656,35.042842864990234,43.45262908935547,73.13206481933594
2013-11-12,74.13363647460938,33.751277923583984,34.87864303588867,43.33168029785156,73.13206481933594
2013-11-13,74.76347351074219,33.867469787597656,35.01546859741211,43.57357406616211,73.13206481933594
2013-11-14,75.1187515258789,34.093021392822266,35.2138786315918,43.7776985168457,73.11609649658203
2013-11-15,75.4498291015625,34.407440185546875,35.58333206176758,44.09519577026367,73.11609649658203
2013-11-18,75.09452056884766,34.46894836425781,35.6517448425293,44.07253646850586,73.11609649658203
2013-11-19,74.87655639648438,34.352760314941406,35.521759033203125,43.92888259887695,73.11609649658203
2013-11-20,74.64237213134766,34.134029388427734,35.24808883666992,43.71723175048828,73.11609649658203
2013-11-21,75.31254577636719,34.2707405090332,35.41912841796875,44.01203155517578,73.13206481933594
2013-11-22,75.68400573730469,34.373268127441406,35.521759033203125,44.1783561706543,73.11609649658203
2013-11-25,75.60321807861328,34.195552825927734,35.41228485107422,44.01203155517578,73.11609649658203
2013-11-26,75.67589569091797,34.181880950927734,35.3301887512207,44.02714538574219,73.11609649658203
2013-11-27,75.89393615722656,34.318572998046875,35.50122833251953,44.19346618652344,73.13206481933594
2013-11-29,75.78894805908203,34.44160461425781,35.61754608154297,44.22370910644531,73.10015869140625
2013-12-02,75.62749481201172,33.96999740600586,35.29597473144531,43.92132568359375,73.11609649658203
2013-12-03,75.3367691040039,33.88797378540039,35.0633659362793,43.68698501586914,73.13206481933594
2013-12-04,75.23179626464844,33.730777740478516,34.87864303588867,43.528228759765625,73.13206481933594
2013-12-05,75.01376342773438,33.55305480957031,34.71444320678711,43.369468688964844,73.13206481933594
2013-12-06,75.78894805908203,33.990501403808594,35.20020294189453,43.891082763671875,73.13206481933594
2013-12-09,75.95852661132812,34.0109977722168,35.20020294189453,43.92888259887695,73.13206481933594
2013-12-10,75.70821380615234,33.96999740600586,35.12493133544922,43.86084747314453,73.11609649658203
2013-12-11,74.77153778076172,33.55305480957031,34.80337905883789,43.35436248779297,73.13206481933594
2013-12-12,74.63428497314453,33.3343391418457,34.516029357910156,43.15025329589844,73.13206481933594
2013-12-13,74.65850067138672,33.320682525634766,34.543399810791016,43.1351203918457,73.13206481933594
2013-12-16,75.18336486816406,33.55988693237305,34.78285598754883,43.460182189941406,73.11609649658203
2013-12-17,74.95726776123047,33.416358947753906,34.63233947753906,43.286319732666016,73.11609649658203
2013-12-18,76.16844940185547,33.894798278808594,35.13178253173828,43.88352584838867,73.13206481933594
2013-12-19,76.0634994506836,33.81962585449219,35.008628845214844,43.891082763671875,73.13206481933594
2013-12-20,76.56998443603516,33.9553337097168,35.13151168823242,44.13760757446289,73.11609649658203
2013-12-23,77.02458953857422,34.28600311279297,35.414546966552734,44.487606048583984,73.11609649658203
2013-12-24,77.2356185913086,34.34800338745117,35.49738693237305,44.59412384033203,73.11609649658203
2013-12-26,77.60089111328125,34.49266815185547,35.621646881103516,44.75388717651367,73.11609649658203
2013-12-27,77.55220794677734,34.630455017089844,35.828765869140625,44.89086151123047,73.13206481933594
2013-12-30,77.57653045654297,34.80955505371094,36.008235931396484,45.012596130371094,73.13206481933594
2013-12-31,77.86065673828125,34.94734191894531,36.16012191772461,45.19520950317383,73.10015869140625
2014-01-02,77.17878723144531,34.244667053222656,35.525001525878906,44.5256462097168,73.10015869140625
2014-01-03,77.16255187988281,34.244667053222656,35.511199951171875,44.57129669189453,73.11609649658203
2014-01-06,76.95964813232422,34.168888092041016,35.40765380859375,44.44956588745117,73.10015869140625
2014-01-07,77.45478057861328,34.327327728271484,35.580238342285156,44.65499496459961,73.11609649658203
2014-01-08,77.51162719726562,34.292884826660156,35.55952835083008,44.66259002685547,73.11609649658203
2014-01-09,77.57653045654297,34.23777389526367,35.45597457885742,44.65499496459961,73.10015869140625
2014-01-10,77.79571533203125,34.58911895751953,35.82185363769531,44.9593391418457,73.11609649658203
2014-01-13,76.81350708007812,34.292884826660156,35.545711517333984,44.4571647644043,73.11609649658203
2014-01-14,77.6577377319336,34.56155776977539,35.828765869140625,44.86042022705078,73.11609649658203
2014-01-15,78.04736328125,34.630455017089844,35.90469741821289,44.997379302978516,73.11609649658203
2014-01-16,77.99053192138672,34.61666488647461,35.91160202026367,45.012596130371094,73.11609649658203
2014-01-17,77.6902084350586,34.52022933959961,35.780426025390625,44.845211029052734,73.10015869140625
2014-01-21,77.94993591308594,34.64422607421875,35.91160202026367,44.96694564819336,73.11609649658203
2014-01-22,78.09603881835938,34.68556213378906,36.022056579589844,45.08108901977539,73.11609649658203
2014-01-23,77.42232513427734,34.341102600097656,35.64236068725586,44.67021942138672,73.11609649658203
2014-01-24,75.75016784667969,33.45246124267578,34.71730422973633,43.51369857788086,73.10015869140625
2014-01-27,75.2631607055664,33.25267028808594,34.5032958984375,43.28543472290039,73.10015869140625
2014-01-28,75.7907485961914,33.52821350097656,34.855377197265625,43.6430549621582,73.10015869140625
2014-01-29,75.0114974975586,33.183773040771484,34.43427276611328,43.20174026489258,73.11609649658203
2014-01-30,75.88814544677734,33.33534240722656,34.63446807861328,43.635440826416016,73.11609649658203
2014-01-31,75.39301300048828,32.922000885009766,34.20643997192383,43.18651580810547,73.10015869140625
2014-02-03,73.62346649169922,32.322669982910156,33.578250885009766,42.32675552368164,73.10015869140625
2014-02-04,74.18353271484375,32.65333938598633,33.88199234008789,42.6767463684082,73.11609649658203
2014-02-05,74.06987762451172,32.67399215698242,33.95793151855469,42.64630889892578,73.10015869140625
2014-02-06,74.97091674804688,33.24577331542969,34.57233428955078,43.308265686035156,73.10015869140625
2014-02-07,75.93689727783203,33.63155746459961,34.93820571899414,43.795223236083984,73.11609649658203
2014-02-10,76.02618408203125,33.45934295654297,34.81394577026367,43.76478576660156,73.10015869140625
2014-02-11,76.89470672607422,34.038002014160156,35.34551239013672,44.34304428100586,73.10015869140625
2014-02-12,77.00022888183594,34.065547943115234,35.37313461303711,44.426719665527344,73.11609649658203
2014-02-13,77.47105407714844,34.155120849609375,35.46287155151367,44.586509704589844,73.11609649658203
2014-02-14,77.84441375732422,34.31356430053711,35.69068908691406,44.80717468261719,73.11609649658203
2014-02-18,78.07170867919922,34.534000396728516,35.84257507324219,45.00498580932617,73.10015869140625
2014-02-19,77.55220794677734,34.26533508300781,35.6147346496582,44.715858459472656,73.11609649658203
2014-02-20,78.07170867919922,34.41000747680664,35.73210144042969,44.96694564819336,73.11609649658203
2014-02-21,78.00675201416016,34.48577880859375,35.856380462646484,44.97456359863281,73.10015869140625
2014-02-24,78.45320129394531,34.74755859375,36.09800338745117,45.25606155395508,73.11609649658203
2014-02-25,78.42074584960938,34.61666488647461,36.04966354370117,45.14194107055664,73.11609649658203
2014-02-26,78.50192260742188,34.506439208984375,35.87017059326172,45.149559020996094,73.11609649658203
2014-02-27,78.9159164428711,34.713111877441406,36.04276657104492,45.316932678222656,73.10015869140625
2014-02-28,79.06199645996094,34.77511978149414,36.118690490722656,45.43868637084961,73.11609649658203
2014-03-03,78.48567962646484,34.09312057495117,35.414546966552734,44.8223876953125,73.11609649658203
2014-03-04,79.71951293945312,34.699337005615234,36.04966354370117,45.5832405090332,73.10015869140625
2014-03-05,79.7357406616211,34.66487503051758,36.04966354370117,45.60607147216797,73.11609649658203
2014-03-06,79.8818359375,35.050662994384766,36.450050354003906,45.81149673461914,73.11609649658203
2014-03-07,79.85750579833984,34.81644821166992,36.16700744628906,45.666934967041016,73.10015869140625
2014-03-10,79.8006820678711,34.61666488647461,35.91160202026367,45.46151351928711,73.10015869140625
2014-03-11,79.35424041748047,34.354896545410156,35.72520446777344,45.22563171386719,73.10015869140625
2014-03-12,79.41104125976562,34.27912139892578,35.635459899902344,45.179988861083984,73.10015869140625
2014-03-13,78.49381256103516,33.72111511230469,35.055572509765625,44.57129669189453,73.10015869140625
2014-03-14,78.39639282226562,33.69355773925781,35.0279655456543,44.5256462097168,73.10015869140625
2014-03-17,79.02142333984375,34.0311164855957,35.42835998535156,44.90607833862305,73.10015869140625
2014-03-18,79.69514465332031,34.26533508300781,35.6768798828125,45.24846649169922,73.10015869140625
2014-03-19,79.24060821533203,33.83132553100586,35.21435546875,44.80717468261719,73.11609649658203
2014-03-20,79.63833618164062,33.755558013916016,35.14531707763672,44.89086151123047,73.10015869140625
2014-03-21,79.34611511230469,33.72801208496094,35.13842010498047,44.81477737426758,73.11609649658203
2014-03-24,78.88346099853516,33.824440002441406,35.24887466430664,44.776729583740234,73.11609649658203
2014-03-25,79.16304779052734,34.188358306884766,35.587486267089844,45.055259704589844,73.11609649658203
2014-03-26,78.50270080566406,34.216121673583984,35.59444808959961,44.87160110473633,73.10015869140625
2014-03-27,78.33964538574219,34.452239990234375,35.85172653198242,44.98639678955078,73.10015869140625
2014-03-28,78.69020080566406,34.6883659362793,36.06729507446289,45.2695198059082,73.10015869140625
2014-03-31,79.46473693847656,34.93836212158203,36.29673767089844,45.65977478027344,73.10015869140625
2014-04-01,80.08432006835938,35.16754150390625,36.54706573486328,45.9964714050293,73.10015869140625
2014-04-02,80.33706665039062,35.264766693115234,36.61660385131836,46.06533432006836,73.10015869140625
2014-04-03,80.11693572998047,35.12586975097656,36.51231384277344,45.965850830078125,73.11609649658203
2014-04-04,79.01631927490234,35.021697998046875,36.42885971069336,45.567955017089844,73.10015869140625
2014-04-07,78.07061767578125,34.91059494018555,36.3036994934082,45.25422286987305,73.10015869140625
2014-04-08,78.41302490234375,35.04253005981445,36.40105056762695,45.422550201416016,73.10015869140625
2014-04-09,79.3505859375,35.43143081665039,36.8252067565918,45.958213806152344,73.10015869140625
2014-04-10,77.60588073730469,34.827247619628906,36.19939422607422,45.10883331298828,73.10015869140625
2014-04-11,76.83954620361328,34.69530487060547,36.06729507446289,44.7568359375,73.10015869140625
2014-04-14,77.361328125,34.83417892456055,36.22026824951172,45.0016975402832,73.10015869140625
2014-04-15,77.89126586914062,34.66057205200195,35.983848571777344,44.994049072265625,73.10015869140625
2014-04-16,78.70651245117188,35.05643081665039,36.35236740112305,45.468482971191406,73.10015869140625
2014-04-17,78.86143493652344,35.21617126464844,36.54706573486328,45.65211868286133,73.11609649658203
2014-04-21,79.17936706542969,35.230045318603516,36.64441680908203,45.72099685668945,73.10015869140625
2014-04-22,79.5870361328125,35.32032012939453,36.672237396240234,45.889347076416016,73.08415985107422
2014-04-23,79.38316345214844,35.21617126464844,36.56098175048828,45.79751205444336,73.10015869140625
2014-04-24,79.48917388916016,35.21617126464844,36.58879852294922,45.82046127319336,73.10015869140625
2014-04-25,78.71469116210938,35.014747619628906,36.36628341674805,45.46083450317383,73.10015869140625
2014-04-28,78.82879638671875,35.12586975097656,36.477535247802734,45.59856414794922,73.10015869140625
2014-04-29,79.22015380859375,35.34809875488281,36.62355422973633,45.8281135559082,73.10015869140625
2014-04-30,79.51362609863281,35.45226287841797,36.75566482543945,45.9964714050293,73.10015869140625
2014-05-01,79.53809356689453,35.52865982055664,36.81128692626953,46.08828353881836,73.08415985107422
2014-05-02,79.47288513183594,35.53559875488281,36.85997009277344,46.10358810424805,73.10015869140625
2014-05-05,79.60334777832031,35.466163635253906,36.8252067565918,46.11125946044922,73.10015869140625
2014-05-06,78.86957550048828,35.45921325683594,36.797386169433594,45.90464401245117,73.08415985107422
2014-05-07,79.23645782470703,35.53559875488281,36.89474105834961,46.09593963623047,73.08415985107422
2014-05-08,79.02447509765625,35.542545318603516,36.90169906616211,46.027069091796875,73.08415985107422
2014-05-09,79.22015380859375,35.49394226074219,36.8252067565918,46.04237747192383,73.10015869140625
2014-05-12,80.11693572998047,35.77865219116211,37.14506912231445,46.44792938232422,73.08415985107422
2014-05-13,80.06803131103516,35.820343017578125,37.17982864379883,46.42497634887695,73.10015869140625
2014-05-14,79.62775421142578,35.83421325683594,37.200687408447266,46.31019973754883,73.10015869140625
2014-05-15,78.8940200805664,35.660606384277344,36.971229553222656,45.981163024902344,73.10015869140625
2014-05-16,79.22830200195312,35.79948806762695,37.08944320678711,46.18776321411133,73.10015869140625
2014-05-19,79.59518432617188,35.75782012939453,37.06857681274414,46.23368453979492,73.10015869140625
2014-05-20,79.00001525878906,35.500858306884766,36.81825637817383,45.92759704589844,73.10015869140625
2014-05-21,79.61145782470703,35.75088119506836,37.08944320678711,46.2413215637207,73.08415985107422
2014-05-22,79.8805160522461,35.8967170715332,37.200687408447266,46.42497634887695,73.08415985107422
2014-05-23,80.29629516601562,35.987003326416016,37.304988861083984,46.62392807006836,73.10015869140625
2014-05-27,80.82623291015625,36.11200714111328,37.44405746459961,46.83819580078125,73.08415985107422
2014-05-28,80.73654174804688,36.007843017578125,37.36757278442383,46.754024505615234,73.10015869140625
2014-05-29,81.16861724853516,36.19533157348633,37.56922149658203,47.03715133666992,73.08415985107422
2014-05-30,81.1849365234375,36.13284683227539,37.464908599853516,46.937660217285156,73.10015869140625
2014-06-02,81.28278350830078,36.25090026855469,37.63180160522461,47.121315002441406,73.08415985107422
2014-06-03,81.25016784667969,36.22311782836914,37.56922149658203,47.05245590209961,73.08415985107422
2014-06-04,81.42137145996094,36.20229721069336,37.562252044677734,47.09836959838867,73.08415985107422
2014-06-05,82.08175659179688,36.41062545776367,37.81258773803711,47.45034408569336,73.08415985107422
2014-06-06,82.50567626953125,36.62590026855469,38.042049407958984,47.710533142089844,73.08415985107422
2014-06-09,82.64429473876953,36.67451095581055,38.06985855102539,47.76408767700195,73.10015869140625
2014-06-10,82.62800598144531,36.65366744995117,38.042049407958984,47.725830078125,73.10015869140625
2014-06-11,82.35079956054688,36.507843017578125,37.902984619140625,47.55748748779297,73.08415985107422
2014-06-12,81.76380920410156,36.493961334228516,37.889076232910156,47.37383270263672,73.10015869140625
2014-06-13,82.0328598022461,36.53562545776367,37.937744140625,47.50390625,73.08415985107422
2014-06-16,82.09806823730469,36.51478576660156,37.902984619140625,47.47332000732422,73.10015869140625
2014-06-17,82.3915786743164,36.431461334228516,37.85430145263672,47.56513214111328,73.08415985107422
2014-06-18,83.00299072265625,36.78562927246094,38.20893478393555,47.84061050415039,73.10015869140625
2014-06-19,83.10082244873047,36.89674377441406,38.2993278503418,47.92478561401367,73.10015869140625
2014-06-20,83.2965087890625,36.84117889404297,38.271514892578125,48.00130081176758,73.10015869140625
2014-06-23,83.27204132080078,36.7717399597168,38.19502639770508,47.92478561401367,73.10015869140625
2014-06-24,82.69081115722656,36.560970306396484,37.972862243652344,47.688114166259766,73.10015869140625
2014-06-25,83.10832977294922,36.59611129760742,37.98691940307617,47.77291488647461,73.08415985107422
2014-06-26,83.0592041015625,36.63825988769531,38.029109954833984,47.76520919799805,73.08415985107422
2014-06-27,83.28024291992188,36.6944694519043,38.12752914428711,47.92708969116211,73.10015869140625
2014-06-30,83.31298065185547,36.73661804199219,38.16970443725586,47.973350524902344,73.08415985107422
2014-07-01,83.91059875488281,37.05978012084961,38.50015640258789,48.381927490234375,73.10015869140625
2014-07-02,83.8614501953125,37.115989685058594,38.55640411376953,48.420467376708984,73.10015869140625
2014-07-03,84.30353546142578,37.27054977416992,38.70405197143555,48.636329650878906,73.08415985107422
2014-07-07,83.8614501953125,37.03168487548828,38.44392013549805,48.327964782714844,73.10015869140625
2014-07-08,83.22295379638672,36.729583740234375,38.13454818725586,47.9425163269043,73.10015869140625
2014-07-09,83.5831298828125,36.8349723815918,38.275169372558594,48.1429557800293,73.08415985107422
2014-07-10,83.21475219726562,36.48370361328125,37.87441635131836,47.826881408691406,73.08415985107422
2014-07-11,83.28840637207031,36.490726470947266,37.92364501953125,47.84229278564453,73.08415985107422
2014-07-14,83.68955993652344,36.76472091674805,38.1767463684082,48.12753677368164,73.08415985107422
2014-07-15,83.4767074584961,36.63825988769531,38.057220458984375,47.98106002807617,73.08415985107422
2014-07-16,83.68955993652344,36.89820098876953,38.28922653198242,48.189212799072266,73.08415985107422
2014-07-17,82.72357177734375,36.406410217285156,37.76897048950195,47.59560775756836,73.08415985107422
2014-07-18,83.61587524414062,36.76472091674805,38.141597747802734,48.09670639038086,73.0682144165039
2014-07-21,83.41939544677734,36.68041229248047,38.07829666137695,47.988773345947266,73.08415985107422
2014-07-22,83.84508514404297,36.89117431640625,38.30330276489258,48.22774124145508,73.0682144165039
2014-07-23,84.04158020019531,36.96142578125,38.38062286376953,48.35108947753906,73.08415985107422
2014-07-24,84.05795288085938,37.017635345458984,38.42985534667969,48.3896484375,73.08415985107422
2014-07-25,83.61587524414062,36.88416290283203,38.29625701904297,48.189212799072266,73.08415985107422
2014-07-28,83.59130859375,36.97548294067383,38.38062286376953,48.189212799072266,73.08415985107422
2014-07-29,83.28840637207031,36.80686950683594,38.23299026489258,47.973350524902344,73.08415985107422
2014-07-30,83.34571838378906,36.8349723815918,38.20486831665039,47.9964714050293,73.08415985107422
2014-07-31,81.6511459350586,36.195648193359375,37.508811950683594,47.13306427001953,73.0682144165039
2014-08-01,81.44645690917969,36.034061431884766,37.38227844238281,46.971168518066406,73.08415985107422
2014-08-04,82.00314331054688,36.237815856933594,37.614288330078125,47.2718391418457,73.08415985107422
2014-08-05,81.28274536132812,35.78113555908203,37.079959869384766,46.79385757446289,73.0682144165039
2014-08-06,81.29913330078125,35.71088790893555,37.03776550292969,46.73989486694336,73.0682144165039
2014-08-07,80.87342071533203,35.450950622558594,36.72842025756836,46.45467758178711,73.08415985107422
2014-08-08,81.80667877197266,35.67576217651367,36.94636917114258,46.801578521728516,73.0682144165039
2014-08-11,82.10140991210938,35.83734893798828,37.17135238647461,47.025142669677734,73.0682144165039
2014-08-12,81.95402526855469,35.80925369262695,37.136192321777344,46.971168518066406,73.0682144165039
2014-08-13,82.53526306152344,36.012996673583984,37.38227844238281,47.248695373535156,73.08415985107422
2014-08-14,82.89546203613281,36.16754150390625,37.522891998291016,47.472259521484375,73.0682144165039
2014-08-15,82.90365600585938,36.17457580566406,37.487735748291016,47.44913864135742,73.08415985107422
2014-08-18,83.64860534667969,36.41344451904297,37.75489807128906,47.85771560668945,73.0682144165039
2014-08-19,84.0661392211914,36.5047721862793,37.832244873046875,47.98106002807617,73.08415985107422
2014-08-20,84.26261901855469,36.42046356201172,37.77598571777344,48.01961135864258,73.0682144165039
2014-08-21,84.4509048461914,36.511783599853516,37.83926773071289,48.11981964111328,73.08415985107422
2014-08-22,84.32809448242188,36.350215911865234,37.691627502441406,48.07356643676758,73.08415985107422
2014-08-25,84.77017211914062,36.603126525878906,37.9798698425293,48.29712677001953,73.08415985107422
2014-08-26,84.92572021484375,36.64528274536133,38.015037536621094,48.3433837890625,73.08415985107422
2014-08-27,84.87657165527344,36.74362564086914,38.14862060546875,48.428184509277344,73.0682144165039
2014-08-28,84.78654479980469,36.53990173339844,37.93067932128906,48.26628494262695,73.08415985107422
2014-08-29,85.04032897949219,36.560970306396484,37.94473648071289,48.381927490234375,73.08415985107422
2014-09-02,85.10578918457031,36.603126525878906,37.94473648071289,48.45899963378906,73.0682144165039
2014-09-03,85.0157699584961,36.94737243652344,38.28220748901367,48.559234619140625,73.08415985107422
2014-09-04,84.83564758300781,36.722572326660156,38.050193786621094,48.405059814453125,73.0682144165039
2014-09-05,85.22858428955078,36.79985427856445,38.13454818725586,48.51298522949219,73.08415985107422
2014-09-08,85.05668640136719,36.406410217285156,37.75489807128906,48.22004318237305,73.0682144165039
2014-09-09,84.45906829833984,36.26589584350586,37.558048248291016,47.96564483642578,73.0682144165039
2014-09-10,84.77832794189453,36.38533020019531,37.684593200683594,48.12753677368164,73.08415985107422
2014-09-11,84.93389129638672,36.17457580566406,37.49475860595703,48.02731704711914,73.0682144165039
2014-09-12,84.3853988647461,36.04108810424805,37.30493927001953,47.7883415222168,73.0682144165039
2014-09-15,84.16436767578125,35.96379470825195,37.2346305847168,47.688114166259766,73.0682144165039
2014-09-16,84.76195526123047,36.14649200439453,37.473670959472656,48.00418472290039,73.0682144165039
2014-09-17,84.85199737548828,35.90058135986328,37.19948959350586,47.826881408691406,73.0682144165039
2014-09-18,85.28591918945312,36.14649200439453,37.41743469238281,48.06586456298828,73.08415985107422
2014-09-19,85.1221694946289,35.90760803222656,37.19948959350586,47.87312698364258,73.08415985107422
2014-09-22,84.3362808227539,35.69684600830078,36.960418701171875,47.51850509643555,73.08415985107422
2014-09-23,83.79598236083984,35.4368782043457,36.70732498168945,47.194732666015625,73.08415985107422
2014-09-24,84.44976806640625,35.640296936035156,36.915122985839844,47.573490142822266,73.08415985107422
2014-09-25,83.12576293945312,35.05405044555664,36.31435775756836,46.798946380615234,73.08415985107422
2014-09-26,83.80007934570312,35.22358322143555,36.519325256347656,47.070030212402344,73.08415985107422
2014-09-29,83.65206146240234,34.870426177978516,36.12352752685547,46.83766174316406,73.0682144165039
2014-09-30,83.25732421875,34.77861022949219,36.0457878112793,46.76795196533203,73.08415985107422
2014-10-01,82.16355895996094,34.3406982421875,35.607574462890625,46.07084655761719,73.08415985107422
2014-10-02,82.2046890258789,34.10761260986328,35.36022186279297,45.931419372558594,73.08415985107422
2014-10-03,83.12576293945312,34.1429328918457,35.40968704223633,46.26448440551758,73.05220794677734
2014-10-06,82.96124267578125,34.41838073730469,35.678253173828125,46.31096267700195,73.05220794677734
2014-10-07,81.6783447265625,33.92398452758789,35.16937255859375,45.660335540771484,73.0682144165039
2014-10-08,83.03528594970703,34.46076583862305,35.664119720458984,46.3729248046875,73.0682144165039
2014-10-09,81.32473754882812,33.59202194213867,34.81598663330078,45.311771392822266,73.0682144165039
2014-10-10,80.31322479248047,33.06935501098633,34.23641586303711,44.6611442565918,73.0682144165039
2014-10-13,79.03030395507812,33.10464859008789,34.27882766723633,44.351314544677734,73.0682144165039
2014-10-14,79.27700805664062,33.15409851074219,34.342445373535156,44.41328048706055,73.05220794677734
2014-10-15,78.83294677734375,32.92807388305664,34.04558181762695,44.118961334228516,73.05220794677734
2014-10-16,79.00565338134766,32.72325897216797,33.854766845703125,44.064727783203125,73.0682144165039
2014-10-17,79.869140625,33.17529296875,34.321231842041016,44.61467361450195,73.0682144165039
2014-10-20,80.66682434082031,33.358924865722656,34.56154251098633,45.001953125,73.0682144165039
2014-10-21,82.2622299194336,33.72621154785156,34.91493606567383,45.652587890625,73.05220794677734
2014-10-22,81.62078094482422,33.45073699951172,34.6534309387207,45.249820709228516,73.0682144165039
2014-10-23,82.60762786865234,33.71207809448242,34.92906188964844,45.73004913330078,73.05220794677734
2014-10-24,83.18329620361328,33.9381103515625,35.12696075439453,45.97015380859375,73.05220794677734
2014-10-27,83.06816101074219,33.75446701049805,34.90785598754883,45.908199310302734,73.05220794677734
2014-10-28,84.1454849243164,34.25593948364258,35.466224670410156,46.504600524902344,73.05220794677734
2014-10-29,84.02213287353516,34.05816650390625,35.23297882080078,46.341957092285156,73.0682144165039
2014-10-30,84.5402603149414,34.2841911315918,35.45915985107422,46.59754943847656,73.05220794677734
2014-10-31,85.54353332519531,34.8492431640625,36.01750946044922,47.209449768066406,73.0682144165039
2014-11-03,85.5928726196289,34.517269134521484,35.69239044189453,47.03904724121094,73.05220794677734
2014-11-04,85.28035736083984,34.3406982421875,35.50863265991211,46.868656158447266,73.0682144165039
2014-11-05,85.68331909179688,34.368953704833984,35.543975830078125,46.977088928222656,73.05220794677734
2014-11-06,86.10271453857422,34.10053253173828,35.29659652709961,47.008056640625,73.0682144165039
2014-11-07,86.16851806640625,34.17824935913086,35.367271423339844,47.03904724121094,73.05220794677734
2014-11-10,86.43169403076172,34.31245040893555,35.45915985107422,47.17848205566406,73.0682144165039
2014-11-11,86.51390838623047,34.474891662597656,35.6287841796875,47.30241012573242,73.0682144165039
2014-11-12,86.49749755859375,34.277122497558594,35.430877685546875,47.186214447021484,73.0682144165039
2014-11-13,86.48104095458984,34.3406982421875,35.50155258178711,47.170719146728516,73.05220794677734
2014-11-14,86.4892807006836,34.467830657958984,35.62171173095703,47.294654846191406,73.05220794677734
2014-11-17,86.48104095458984,34.277122497558594,35.430877685546875,47.209449768066406,73.0682144165039
2014-11-18,86.99089813232422,34.58790588378906,35.7701301574707,47.51927185058594,73.05220794677734
2014-11-19,86.76886749267578,34.5455322265625,35.699466705322266,47.47280502319336,73.05220794677734
2014-11-20,87.01557922363281,34.42546081542969,35.57929992675781,47.410850524902344,73.05220794677734
2014-11-21,87.47613525390625,34.856300354003906,36.01043701171875,47.81361770629883,73.05220794677734
2014-11-24,87.79686737060547,34.90574264526367,36.01043701171875,47.90656661987305,73.0682144165039
2014-11-25,87.78038787841797,34.94106674194336,36.08818817138672,47.953033447265625,73.0682144165039
2014-11-26,87.97777557373047,35.110572814941406,36.27195358276367,48.07695770263672,73.05220794677734
2014-11-28,87.66526794433594,34.73622512817383,35.83375549316406,47.80585861206055,73.0682144165039
2014-12-01,86.92512512207031,34.566715240478516,35.671180725097656,47.4495735168457,73.05220794677734
2014-12-02,87.46788787841797,34.637351989746094,35.74892044067383,47.61997604370117,73.05220794677734
2014-12-03,87.86260986328125,34.637351989746094,35.79840850830078,47.80585861206055,73.05220794677734
2014-12-04,87.75572204589844,34.53139877319336,35.69239044189453,47.68193054199219,73.05220794677734
2014-12-05,87.95309448242188,34.55965042114258,35.720664978027344,47.75164794921875,73.0682144165039
2014-12-08,87.32805633544922,34.185302734375,35.29659652709961,47.348880767822266,73.0682144165039
2014-12-09,87.3774185180664,34.01579284667969,35.09870529174805,47.201717376708984,73.05220794677734
2014-12-10,85.94650268554688,33.50726318359375,34.625160217285156,46.52009963989258,73.05220794677734
2014-12-11,86.34123229980469,33.42955780029297,34.54035186767578,46.52783203125,73.05220794677734
2014-12-12,84.98428344726562,32.8645133972168,33.91130447387695,45.75328063964844,73.0682144165039
2014-12-15,84.3675308227539,32.31359100341797,33.40949249267578,45.257564544677734,73.03627014160156
2014-12-16,83.74252319335938,32.476043701171875,33.572044372558594,45.18010711669922,73.03627014160156
2014-12-17,85.53530883789062,32.970462799072266,34.024391174316406,46.047607421875,73.03627014160156
2014-12-18,87.55833435058594,33.54963684082031,34.58980941772461,46.8531494140625,73.05220794677734
2014-12-19,87.9201889038086,33.599082946777344,34.625160217285156,47.008056640625,73.03627014160156
2014-12-22,88.26824188232422,33.76924133300781,34.803287506103516,47.2793083190918,73.03627014160156
2014-12-23,88.4666519165039,33.70515823364258,34.689292907714844,47.25593185424805,73.03627014160156
2014-12-24,88.4914321899414,33.790584564208984,34.796173095703125,47.38842010498047,73.05220794677734
2014-12-26,88.7560043334961,33.94723129272461,35.06697463989258,47.59885025024414,73.03627014160156
2014-12-29,88.94613647460938,33.7549934387207,34.83893585205078,47.474159240722656,73.03627014160156
2014-12-30,88.50798034667969,33.51292037963867,34.55388641357422,47.224754333496094,73.03627014160156
2014-12-31,87.63168334960938,33.3634033203125,34.44700241088867,46.858428955078125,73.05220794677734
2015-01-02,87.56553649902344,33.235252380371094,34.3543586730957,46.73371124267578,73.03627014160156
2015-01-05,86.0609359741211,32.50191116333008,33.59900665283203,45.829586029052734,73.05220794677734
2015-01-06,85.21765899658203,32.21000671386719,33.34248352050781,45.36974334716797,73.03627014160156
2015-01-07,86.23450469970703,32.56598663330078,33.73440170288086,45.95429611206055,73.03627014160156
2015-01-08,87.75568389892578,33.02165603637695,34.16197204589844,46.647972106933594,73.03627014160156
2015-01-09,87.02816772460938,32.836544036865234,34.01945114135742,46.336212158203125,73.03627014160156
2015-01-12,86.40814208984375,32.70125961303711,33.884037017822266,46.09458923339844,73.03627014160156
2015-01-13,86.209716796875,32.879268646240234,34.06220245361328,46.12577819824219,73.03627014160156
2015-01-14,85.7385025024414,32.75110626220703,33.919677734375,45.91532516479492,73.03627014160156
2015-01-15,84.87043762207031,32.95757293701172,34.16197204589844,45.76723861694336,73.03627014160156
2015-01-16,85.99475860595703,33.32069778442383,34.496891021728516,46.32841873168945,73.03627014160156
2015-01-20,86.11876678466797,33.35628128051758,34.53964614868164,46.414154052734375,73.03627014160156
2015-01-21,86.50735473632812,33.68379592895508,34.8674430847168,46.757102966308594,73.05220794677734
2015-01-22,87.82180786132812,33.92587661743164,35.102596282958984,47.29489517211914,73.03627014160156
2015-01-23,87.42498779296875,33.72651290893555,34.86030960083008,46.94415283203125,73.05220794677734
2015-01-26,87.7887191772461,34.05403137207031,35.23086929321289,47.26372146606445,73.05220794677734
2015-01-27,86.76360321044922,34.0397834777832,35.195213317871094,46.96754837036133,73.05220794677734
2015-01-28,85.58969116210938,33.56987762451172,34.73917770385742,46.37519073486328,73.03627014160156
2015-01-29,86.40814208984375,33.89739227294922,35.074073791503906,46.7649040222168,73.03627014160156
2015-01-30,85.23420715332031,33.35628128051758,34.53964614868164,46.09458923339844,73.03627014160156
2015-02-02,86.19319152832031,33.80484390258789,35.052711486816406,46.710330963134766,73.03627014160156
2015-02-03,87.51591491699219,34.331695556640625,35.594295501708984,47.38842010498047,73.05220794677734
2015-02-04,87.21003723144531,34.05403137207031,35.30924606323242,47.177974700927734,73.03627014160156
2015-02-05,88.1690444946289,34.47410583496094,35.71541976928711,47.73916244506836,73.03627014160156
2015-02-06,87.90449523925781,34.0184326171875,35.23086929321289,47.29489517211914,73.03627014160156
2015-02-09,87.4663314819336,33.92587661743164,35.152469635009766,47.17019271850586,73.02030944824219
2015-02-10,88.35919189453125,34.13948059082031,35.33061981201172,47.567691802978516,73.03627014160156
2015-02-11,88.40050506591797,33.94723129272461,35.15959548950195,47.45856475830078,73.02030944824219
2015-02-12,89.25202941894531,34.509708404541016,35.72968292236328,48.0587158203125,73.02030944824219
2015-02-13,89.67363739013672,34.751766204833984,35.964839935302734,48.36269760131836,73.03627014160156
2015-02-17,89.81420135498047,34.844322204589844,36.07884979248047,48.41725158691406,73.03627014160156
2015-02-18,89.8637924194336,34.98672866821289,36.221378326416016,48.57313537597656,73.03627014160156
2015-02-19,89.83899688720703,34.95823669433594,36.17861557006836,48.51078796386719,73.03627014160156
2015-02-20,90.3432846069336,35.27151870727539,36.44940185546875,48.90049362182617,73.02030944824219
2015-02-23,90.33501434326172,35.09352111816406,36.29975128173828,48.77579879760742,73.03627014160156
2015-02-24,90.54169464111328,35.3498420715332,36.52779006958008,48.94725036621094,73.02030944824219
2015-02-25,90.50863647460938,35.37120056152344,36.606170654296875,48.939456939697266,73.03627014160156
2015-02-26,90.45075988769531,35.29287338256836,36.54203414916992,48.86151885986328,73.02030944824219
2015-02-27,90.12832641601562,35.30711364746094,36.534915924072266,48.838138580322266,73.03627014160156
2015-03-02,90.68222045898438,35.32847213745117,36.534915924072266,49.009613037109375,73.02030944824219
2015-03-03,90.31021881103516,35.11488723754883,36.349639892578125,48.752403259277344,73.03627014160156
2015-03-04,89.94644165039062,34.965362548828125,36.17148971557617,48.471805572509766,73.03627014160156
2015-03-05,90.08700561523438,34.97959899902344,36.192874908447266,48.541954040527344,73.03627014160156
2015-03-06,88.83867645263672,34.509708404541016,35.69404983520508,47.94179916381836,73.02030944824219
2015-03-09,89.16935729980469,34.52393341064453,35.71541976928711,48.035335540771484,73.03627014160156
2015-03-10,87.81353759765625,33.78347396850586,34.96720504760742,47.16239929199219,73.03627014160156
2015-03-11,87.74742126464844,33.88315963745117,35.05984115600586,47.18578338623047,73.03627014160156
2015-03-12,88.84693145751953,34.26050567626953,35.44464111328125,47.76254653930664,73.02030944824219
2015-03-13,88.35089111328125,34.02554702758789,35.20236587524414,47.45856475830078,73.03627014160156
2015-03-16,89.45868682861328,34.4100227355957,35.572906494140625,48.035335540771484,73.03627014160156
2015-03-17,89.28511810302734,34.38865661621094,35.55865478515625,47.95738983154297,73.03627014160156
2015-03-18,90.31021881103516,35.11488723754883,36.31401443481445,48.76020431518555,73.03627014160156
2015-03-19,89.98777770996094,34.673465728759766,35.87220764160156,48.38608169555664,73.03627014160156
2015-03-20,90.74011993408203,35.37120056152344,36.57767105102539,49.0563850402832,73.03627014160156
2015-03-23,90.58306121826172,35.52071762084961,36.748695373535156,49.110931396484375,73.02030944824219
2015-03-24,90.10356140136719,35.492225646972656,36.76294708251953,48.95505142211914,73.03627014160156
2015-03-25,88.69821166992188,35.2436637878418,36.396976470947266,48.31584930419922,73.02030944824219
2015-03-26,88.52376556396484,34.9650764465332,36.1896858215332,48.1043586730957,73.02030944824219
2015-03-27,88.76461029052734,35.022216796875,36.21827697753906,48.253173828125,73.02030944824219
2015-03-30,89.89423370361328,35.165069580078125,36.36838912963867,48.59001541137695,73.00430297851562
2015-03-31,89.08025360107422,34.80793762207031,35.98953628540039,48.2453498840332,73.03627014160156
2015-04-01,88.91415405273438,35.07221221923828,36.27545928955078,48.27667999267578,73.00430297851562
2015-04-02,89.19654083251953,35.37223434448242,36.60426330566406,48.597862243652344,73.02030944824219
2015-04-06,89.81118774414062,35.75795364379883,37.01884841918945,49.02085494995117,73.02030944824219
2015-04-07,89.51214599609375,35.715091705322266,36.99739074707031,48.926856994628906,73.03627014160156
2015-04-08,89.89423370361328,35.99366760253906,37.26901626586914,49.20883560180664,73.03627014160156
2015-04-09,90.2098617553711,36.136531829833984,37.411964416503906,49.33418273925781,73.02030944824219
2015-04-10,90.6334457397461,36.2008171081543,37.45485305786133,49.56918716430664,73.02030944824219
2015-04-13,90.27631378173828,35.99366760253906,37.247589111328125,49.31852340698242,73.00430297851562
2015-04-14,90.4091796875,36.27225875854492,37.53348922729492,49.530025482177734,73.02030944824219
2015-04-15,90.86600494384766,36.46510696411133,37.75505828857422,49.81201934814453,73.00430297851562
2015-04-16,90.82450866699219,36.62226486206055,37.898033142089844,49.85901641845703,73.02030944824219
2015-04-17,89.76966094970703,36.12939453125,37.390525817871094,49.25584411621094,73.00430297851562
2015-04-20,90.50055694580078,36.12939453125,37.411964416503906,49.51435089111328,73.00430297851562
2015-04-21,90.47563171386719,36.42939376831055,37.69075012207031,49.63968276977539,73.02030944824219
2015-04-22,90.85771942138672,36.54368209838867,37.79796600341797,49.843345642089844,73.00430297851562
2015-04-23,91.14012908935547,36.75082778930664,37.99095153808594,50.054847717285156,73.00430297851562
2015-04-24,91.23978424072266,36.922271728515625,38.155357360839844,50.188011169433594,73.00430297851562
2015-04-27,90.76632690429688,37.06511688232422,38.35547637939453,50.180171966552734,73.02030944824219
2015-04-28,91.00721740722656,37.12226486206055,38.39838790893555,50.30551528930664,73.02030944824219
2015-04-29,90.60852813720703,36.8365478515625,38.10531997680664,49.99216842651367,73.02030944824219
2015-04-30,89.6284408569336,36.45796203613281,37.719337463378906,49.47517395019531,73.02030944824219
2015-05-01,90.45072174072266,36.715118408203125,38.012393951416016,49.96867752075195,73.00430297851562
2015-05-04,90.76632690429688,36.78654861450195,38.083866119384766,50.00785446166992,73.02030944824219
2015-05-05,89.68660736083984,36.29368209838867,37.562068939208984,49.42036056518555,73.02030944824219
2015-05-06,89.43738555908203,36.23654556274414,37.5406379699707,49.31068801879883,73.02030944824219
2015-05-07,89.77794647216797,36.12224578857422,37.390525817871094,49.36550521850586,73.00430297851562
2015-05-08,90.90756225585938,36.80796813964844,38.12675476074219,50.101837158203125,73.02030944824219
2015-05-11,90.5254898071289,36.53654098510742,37.81940841674805,49.804176330566406,73.00430297851562
2015-05-12,90.25969696044922,36.493690490722656,37.790809631347656,49.757179260253906,73.02030944824219
2015-05-13,90.30953216552734,36.686553955078125,37.99810791015625,49.882503509521484,73.02030944824219
2015-05-14,91.20655059814453,37.1151237487793,38.448421478271484,50.376014709472656,73.00430297851562
2015-05-15,91.31452178955078,37.215126037597656,38.55563735961914,50.47002029418945,73.00430297851562
2015-05-18,91.65506744384766,37.02940368652344,38.369789123535156,50.446510314941406,73.00430297851562
2015-05-19,91.61357116699219,36.94369888305664,38.262569427490234,50.38385009765625,73.00430297851562
2015-05-20,91.55541229248047,36.97227478027344,38.3126106262207,50.3681755065918,73.00430297851562
2015-05-21,91.7879867553711,37.093692779541016,38.4698600769043,50.55617904663086,73.02030944824219
2015-05-22,91.61357116699219,36.929405212402344,38.29117202758789,50.36033630371094,73.02030944824219
2015-05-26,90.6583480834961,36.34367752075195,37.640708923339844,49.733680725097656,73.02030944824219
2015-05-27,91.48898315429688,36.6008186340332,37.926612854003906,50.16451644897461,73.02030944824219
2015-05-28,91.40591430664062,36.46510696411133,37.7479248046875,49.99216842651367,73.00430297851562
2015-05-29,90.79129028320312,36.07939147949219,37.37623977661133,49.63968276977539,73.00430297851562
2015-06-01,91.0155258178711,36.000816345214844,37.26186752319336,49.63968276977539,73.00430297851562
2015-06-02,90.9490737915039,36.1436653137207,37.469154357910156,49.718013763427734,73.02030944824219
2015-06-03,91.26470947265625,36.265106201171875,37.59068298339844,49.90601348876953,73.02030944824219
2015-06-04,90.5337905883789,35.857948303222656,37.14751052856445,49.42036056518555,73.00430297851562
2015-06-05,90.45904541015625,35.54365539550781,36.82584762573242,49.1148567199707,73.00430297851562
2015-06-08,89.90254974365234,35.45794677734375,36.74722671508789,48.90334701538086,72.98833465576172
2015-06-09,89.8277816772461,35.29365158081055,36.57566833496094,48.785850524902344,72.98833465576172
2015-06-10,90.92418670654297,35.94366455078125,37.25471878051758,49.5770149230957,73.00430297851562
2015-06-11,91.18163299560547,35.96509552001953,37.304744720458984,49.66317367553711,73.02030944824219
2015-06-12,90.58362579345703,35.73652267456055,37.06172561645508,49.34202194213867,73.00430297851562
2015-06-15,90.16832733154297,35.4793701171875,36.811553955078125,49.06785202026367,73.02030944824219
2015-06-16,90.66668701171875,35.47222900390625,36.81869888305664,49.201011657714844,72.98833465576172
2015-06-17,90.8161849975586,35.4936637878418,36.79010772705078,49.201011657714844,73.02030944824219
2015-06-18,91.71321105957031,35.800811767578125,37.12605667114258,49.71017074584961,72.98833465576172
2015-06-19,91.31452178955078,35.636531829833984,36.95450973510742,49.47517395019531,72.98833465576172
2015-06-22,91.87104034423828,36.265106201171875,37.59068298339844,50.031349182128906,73.00430297851562
2015-06-23,91.96238708496094,36.42939376831055,37.74078369140625,50.109676361083984,72.98833465576172
2015-06-24,91.26470947265625,36.12939453125,37.44771194458008,49.77284240722656,72.98833465576172
2015-06-25,90.98229217529297,36.1008186340332,37.40482711791992,49.63184356689453,73.00430297851562
2015-06-26,90.93055725097656,36.033653259277344,37.37376403808594,49.67367172241211,72.98833465576172
2015-06-29,89.02872467041016,35.02970504760742,36.340816497802734,48.41130447387695,73.00430297851562
2015-06-30,89.27062225341797,35.06581497192383,36.35527420043945,48.53755187988281,73.00430297851562
2015-07-01,89.85450744628906,35.23915100097656,36.535850524902344,48.79789733886719,73.00430297851562
2015-07-02,89.73773956298828,35.2824821472168,36.622528076171875,48.80579376220703,73.00430297851562
2015-07-06,89.50418090820312,34.603572845458984,35.84962463378906,48.285064697265625,73.00430297851562
2015-07-07,89.99634552001953,34.502445220947266,35.74127197265625,48.29296112060547,72.98833465576172
2015-07-08,88.49485778808594,33.59961700439453,34.795013427734375,47.27518081665039,72.98833465576172
2015-07-09,88.67838287353516,34.126869201660156,35.33677291870117,47.6460075378418,72.98833465576172
2015-07-10,89.75444030761719,35.08749008178711,36.311927795410156,48.624324798583984,72.98833465576172
2015-07-13,90.77206420898438,35.253597259521484,36.47084426879883,48.963592529296875,72.98833465576172
2015-07-14,91.18081665039062,35.463050842285156,36.7164421081543,49.2555046081543,73.00430297851562
2015-07-15,91.06403350830078,35.246376037597656,36.499732971191406,49.11349868774414,72.98833465576172
2015-07-16,91.69802856445312,35.5713996887207,36.774234771728516,49.50797653198242,72.98833465576172
2015-07-17,91.72303771972656,35.47751235961914,36.70199966430664,49.429080963134766,73.00430297851562
2015-07-20,91.73136901855469,35.47028732299805,36.73811340332031,49.413307189941406,72.98833465576172
2015-07-21,91.33097076416016,35.41971969604492,36.67310333251953,49.27129364013672,73.00430297851562
2015-07-22,91.197509765625,35.11638259887695,36.34803771972656,49.03459548950195,72.98833465576172
2015-07-23,90.67202758789062,34.98636245727539,36.21803283691406,48.82157897949219,72.98833465576172
2015-07-24,89.72103881835938,34.538551330566406,35.7629508972168,48.237735748291016,73.00430297851562
2015-07-27,89.1288070678711,34.24964904785156,35.46680450439453,47.8432502746582,72.98833465576172
2015-07-28,90.18818664550781,34.675804138183594,35.87851333618164,48.371856689453125,72.98833465576172
2015-07-29,90.8054428100586,34.78413772583008,36.015777587890625,48.67955780029297,73.00430297851562
2015-07-30,90.88053894042969,34.76968002319336,35.957984924316406,48.734771728515625,73.00430297851562
2015-07-31,90.78876495361328,34.964698791503906,36.153011322021484,48.78211975097656,73.00430297851562
2015-08-03,90.46346282958984,34.80580139160156,35.957984924316406,48.57699203491211,73.00430297851562
2015-08-04,90.31330108642578,34.82745361328125,35.97965621948242,48.58488082885742,72.98833465576172
2015-08-05,90.61360931396484,34.95025634765625,36.18913650512695,48.7032356262207,72.98833465576172
2015-08-06,89.8712158203125,34.79135513305664,36.001319885253906,48.39552688598633,72.98833465576172
2015-08-07,89.61262512207031,34.74079132080078,35.97242736816406,48.34818649291992,72.98833465576172
2015-08-10,90.73033905029297,35.224708557128906,36.434730529785156,48.95570755004883,73.00430297851562
2015-08-11,89.91292572021484,34.625240325927734,35.813514709472656,48.33241653442383,72.98833465576172
2015-08-12,90.00466918945312,34.401329040527344,35.582366943359375,48.21406936645508,72.98833465576172
2015-08-13,89.87953186035156,34.3218879699707,35.48847198486328,48.15093994140625,72.98833465576172
2015-08-14,90.22157287597656,34.35799789428711,35.524574279785156,48.29296112060547,72.97235107421875
2015-08-17,90.79711151123047,34.25688552856445,35.45956802368164,48.363975524902344,72.97235107421875
2015-08-18,90.56356811523438,34.04021072387695,35.18507766723633,48.11939239501953,72.98833465576172
2015-08-19,89.75444030761719,33.69351577758789,34.83113479614258,47.69334411621094,73.00430297851562
2015-08-20,87.80253601074219,32.92068862915039,34.0510139465332,46.651893615722656,72.98833465576172
2015-08-21,85.27506256103516,32.10454177856445,33.234764099121094,45.365875244140625,72.98833465576172
2015-08-24,81.84668731689453,30.89113998413086,32.02848434448242,43.574920654296875,72.98833465576172
2015-08-25,80.8707275390625,31.136720657348633,32.27405548095703,43.574920654296875,72.98833465576172
2015-08-26,83.80695343017578,31.931201934814453,33.11919403076172,44.85304260253906,73.00430297851562
2015-08-27,85.83392333984375,32.559574127197266,33.74040985107422,45.839263916015625,72.98833465576172
2015-08-28,85.90064239501953,32.45845413208008,33.71150207519531,45.839263916015625,73.00430297851562
2015-08-31,85.25833892822266,32.25621032714844,33.465919494628906,45.5473518371582,73.00430297851562
2015-09-01,82.75591278076172,31.187274932861328,32.34628677368164,44.11929702758789,73.00430297851562
2015-09-02,84.31580352783203,31.642290115356445,32.82303237915039,44.86094665527344,72.98833465576172
2015-09-03,84.41587829589844,31.707311630249023,32.859153747558594,44.9240608215332,73.00430297851562
2015-09-04,83.2146987915039,30.992258071899414,32.06458282470703,44.056182861328125,72.98833465576172
2015-09-08,85.3167495727539,31.873409271240234,33.00361251831055,45.23963928222656,72.98833465576172
2015-09-09,84.14895629882812,31.678401947021484,32.86637878417969,44.81360626220703,72.98833465576172
2015-09-10,84.58270263671875,31.90230369567871,33.07585525512695,45.097633361816406,72.97235107421875
2015-09-11,84.96642303466797,31.909528732299805,33.0614128112793,45.19230651855469,72.98833465576172
2015-09-14,84.64108276367188,31.714519500732422,32.895286560058594,44.971378326416016,72.98833465576172
2015-09-15,85.70882415771484,31.974533081054688,33.111968994140625,45.4368782043457,72.97235107421875
2015-09-16,86.43450927734375,32.50178146362305,33.66815948486328,46.012840270996094,72.97235107421875
2015-09-17,86.3177261352539,32.55234146118164,33.69706344604492,46.012840270996094,72.97235107421875
2015-09-18,84.94974517822266,31.830076217651367,32.909706115722656,45.12130355834961,72.97235107421875
2015-09-21,85.29174041748047,31.830076217651367,32.93860626220703,45.176513671875,72.98833465576172
2015-09-22,84.14895629882812,31.07170867919922,32.165714263916016,44.39544677734375,72.98833465576172
2015-09-23,83.98213958740234,30.89113998413086,31.970678329467773,44.19820022583008,72.97235107421875
2015-09-24,83.68183898925781,30.75390625,31.876771926879883,44.06407165527344,72.97235107421875
2015-09-25,83.51248168945312,30.970293045043945,32.090232849121094,44.09499740600586,72.97235107421875
2015-09-28,81.27397155761719,30.316770553588867,31.40776252746582,43.07210922241211,72.98833465576172
2015-09-29,81.25717163085938,30.353078842163086,31.473108291625977,43.10383987426758,72.98833465576172
2015-09-30,82.76628875732422,30.955774307250977,32.17735290527344,43.857120513916016,72.97235107421875
2015-10-01,82.93396759033203,31.07196617126465,32.249942779541016,44.047428131103516,72.98833465576172
2015-10-02,84.1412582397461,31.602052688598633,32.89610290527344,44.77692794799805,72.98833465576172
2015-10-05,85.6922836303711,32.26285171508789,33.571319580078125,45.67292785644531,72.97235107421875
2015-10-06,85.41561126708984,32.27737808227539,33.56404495239258,45.60948944091797,72.97235107421875
2015-10-07,86.18695831298828,32.77841567993164,34.12308883666992,46.18041229248047,72.97235107421875
2015-10-08,86.93311309814453,33.068878173828125,34.362674713134766,46.57687759399414,72.97235107421875
2015-10-09,87.05049896240234,33.13423156738281,34.45705795288086,46.64824676513672,72.97235107421875
2015-10-12,87.06726837158203,33.02531433105469,34.224735260009766,46.56894302368164,72.97235107421875
2015-10-13,86.43009185791016,32.58236312866211,33.74555969238281,46.101112365722656,72.97235107421875
2015-10-14,85.98570251464844,32.69854736328125,33.93433380126953,46.07733154296875,72.97235107421875
2015-10-15,87.28524017333984,33.308509826660156,34.53691864013672,46.806827545166016,72.97235107421875
2015-10-16,87.62059020996094,33.31577682495117,34.52238464355469,46.87025833129883,72.97235107421875
2015-10-19,87.7212142944336,33.11970901489258,34.290069580078125,46.759254455566406,72.97235107421875
2015-10-20,87.62059020996094,33.07612991333008,34.26829147338867,46.703758239746094,72.95641326904297
2015-10-21,86.93311309814453,32.92363739013672,34.10857391357422,46.41828536987305,72.97235107421875
2015-10-22,88.20747375488281,33.366600036621094,34.61678695678711,47.04469680786133,72.97235107421875
2015-10-23,89.1297378540039,33.671573638916016,34.87089157104492,47.48081588745117,72.97235107421875
2015-10-26,88.92013549804688,33.461002349853516,34.68212127685547,47.338096618652344,72.95641326904297
2015-10-27,88.6266860961914,33.19232177734375,34.362674713134766,47.04469680786133,72.95641326904297
2015-10-28,89.7920150756836,33.35206604003906,34.54417419433594,47.4411735534668,72.95641326904297
2015-10-29,89.65792083740234,33.047096252441406,34.23924255371094,47.21915817260742,72.95641326904297
2015-10-30,89.31416320800781,33.02531433105469,34.18842697143555,47.052635192871094,72.95641326904297
2015-11-02,90.4879150390625,33.323028564453125,34.558712005615234,47.64735412597656,72.95641326904297
2015-11-03,90.71427917480469,33.43921661376953,34.68212127685547,47.8059196472168,72.97235107421875
2015-11-04,90.49630737304688,33.2431526184082,34.47883605957031,47.583900451660156,72.95641326904297
2015-11-05,90.39569854736328,33.17053985595703,34.34089660644531,47.520469665527344,72.95641326904297
2015-11-06,90.41246795654297,32.95269775390625,34.137603759765625,47.36187744140625,72.95641326904297
2015-11-09,89.50698852539062,32.57509231567383,33.77460479736328,46.909908294677734,72.97235107421875
2015-11-10,89.70820617675781,32.56057357788086,33.687469482421875,46.88612747192383,72.95641326904297
2015-11-11,89.32254028320312,32.64771270751953,33.796390533447266,46.854408264160156,72.97235107421875
2015-11-12,87.98950958251953,32.255584716796875,33.42611312866211,46.29935073852539,72.97235107421875
2015-11-13,87.05890655517578,31.986913681030273,33.09939956665039,45.7839469909668,72.95641326904297
2015-11-16,88.32486724853516,32.408084869384766,33.55678939819336,46.38658142089844,72.97235107421875
2015-11-17,88.21588897705078,32.45165252685547,33.62939453125,46.37071228027344,72.95641326904297
2015-11-18,89.6243667602539,32.72758102416992,33.94157791137695,46.97333908081055,72.95641326904297
2015-11-19,89.50698852539062,32.93091583251953,34.1158332824707,47.13193893432617,72.97235107421875
2015-11-20,89.89266204833984,32.916385650634766,34.1158332824707,47.21915817260742,72.95641326904297
2015-11-23,89.80040740966797,32.69127655029297,33.80364227294922,47.02885818481445,72.97235107421875
2015-11-24,90.03517150878906,32.74211120605469,33.868980407714844,47.13985824584961,72.95641326904297
2015-11-25,90.10224151611328,32.756622314453125,33.868980407714844,47.15571594238281,72.95641326904297
2015-11-27,90.23640441894531,32.640445709228516,33.72378158569336,47.12398910522461,72.97235107421875
2015-11-30,89.8507308959961,32.58961868286133,33.73829650878906,47.012977600097656,72.97235107421875
2015-12-01,90.6975326538086,32.916385650634766,34.086795806884766,47.512542724609375,72.95641326904297
2015-12-02,89.75012969970703,32.57509231567383,33.71650695800781,47.005062103271484,72.95641326904297
2015-12-03,88.40866088867188,32.386295318603516,33.56404495239258,46.47379684448242,72.97235107421875
2015-12-04,90.03517150878906,32.62592315673828,33.839935302734375,47.15571594238281,72.97235107421875
2015-12-07,89.3309326171875,32.299156188964844,33.491455078125,46.74339294433594,72.97235107421875
2015-12-08,88.79436492919922,31.82716178894043,32.99049377441406,46.267635345458984,72.95641326904297
2015-12-09,88.03142547607422,31.71097183227539,32.89610290527344,46.029747009277344,72.94046020507812
2015-12-10,88.29131317138672,31.660146713256836,32.845298767089844,45.9742431640625,72.95641326904297
2015-12-11,86.55581665039062,31.0356502532959,32.15556335449219,45.04652786254883,72.97235107421875
2015-12-14,86.8660659790039,31.15184211730957,32.2717170715332,45.18925857543945,72.97235107421875
2015-12-15,87.79666137695312,31.384212493896484,32.52585220336914,45.65707778930664,72.95641326904297
2015-12-16,89.07103729248047,31.957868576049805,33.1865234375,46.37864303588867,72.97235107421875
2015-12-17,87.76313781738281,31.558488845825195,32.71460723876953,45.72843933105469,72.95641326904297
2015-12-18,86.27078247070312,31.297082901000977,32.475006103515625,45.11787796020508,72.97235107421875
2015-12-21,86.95629119873047,31.439781188964844,32.699642181396484,45.46744155883789,72.95641326904297
2015-12-22,87.74044036865234,31.688600540161133,32.91917037963867,45.86649703979492,72.95641326904297
2015-12-23,88.8365478515625,32.21553039550781,33.47523880004883,46.50495147705078,72.95641326904297
2015-12-24,88.72693634033203,32.1716194152832,33.41672134399414,46.40919494628906,72.97235107421875
2015-12-28,88.53302764892578,32.05452346801758,33.292327880859375,46.3054313659668,72.95641326904297
2015-12-29,89.4773941040039,32.361900329589844,33.58500671386719,46.72843551635742,72.95641326904297
2015-12-30,88.80284881591797,32.08380126953125,33.31427001953125,46.38526153564453,72.97235107421875
2015-12-31,87.94277954101562,31.76911163330078,33.006961822509766,45.986209869384766,72.95641326904297
2016-01-04,86.62745666503906,31.2275447845459,32.43622970581055,45.21206283569336,72.97235107421875
2016-01-05,86.8213882446289,31.15436363220215,32.377716064453125,45.220035552978516,72.97235107421875
2016-01-06,85.65779876708984,30.620126724243164,31.828920364379883,44.54962921142578,72.94046020507812
2016-01-07,83.55829620361328,29.96146583557129,31.170413970947266,43.512107849121094,72.95641326904297
2016-01-08,82.60555267333984,29.602867126464844,30.804553985595703,43.00133514404297,72.95641326904297
2016-01-11,82.55492401123047,29.661415100097656,30.87039566040039,43.0252799987793,72.95641326904297
2016-01-12,83.11986541748047,29.785823822021484,30.943578720092773,43.264686584472656,72.97235107421875
2016-01-13,80.97821044921875,29.31745147705078,30.519182205200195,42.29899978637695,72.95641326904297
2016-01-14,82.21766662597656,29.690696716308594,30.92893409729004,42.98537063598633,72.94046020507812
2016-01-15,80.48916625976562,28.607568740844727,29.736263275146484,41.78024673461914,72.94046020507812
2016-01-19,80.40485382080078,28.86371421813965,30.087478637695312,41.90795135498047,72.95641326904297
2016-01-20,79.61225128173828,28.234323501586914,29.348464965820312,41.237552642822266,72.95641326904297
2016-01-21,79.92424011230469,28.453880310058594,29.597238540649414,41.47697448730469,72.97235107421875
2016-01-22,81.62743377685547,29.30281639099121,30.48261260986328,42.51449966430664,72.94046020507812
2016-01-25,80.28679656982422,28.841753005981445,29.970399856567383,41.85206604003906,72.95641326904297
2016-01-26,81.50940704345703,29.36135482788086,30.548450469970703,42.55439758300781,72.94046020507812
2016-01-27,80.58190155029297,29.193035125732422,30.402109146118164,42.17131042480469,72.95641326904297
2016-01-28,80.90230560302734,29.354053497314453,30.599666595458984,42.314964294433594,72.95641326904297
2016-01-29,82.90906524658203,29.990741729736328,31.20697784423828,43.28864669799805,72.97235107421875
2016-02-01,82.9259262084961,29.91754722595215,31.075271606445312,43.34451675415039,72.94046020507812
2016-02-02,81.32389831542969,29.193035125732422,30.36553382873535,42.314964294433594,72.94046020507812
2016-02-03,81.81295013427734,29.507734298706055,30.753326416015625,42.698055267333984,72.95641326904297
2016-02-04,82.00689697265625,29.632152557373047,30.899675369262695,42.785850524902344,72.97235107421875
2016-02-05,80.3205337524414,29.214990615844727,30.48261260986328,42.05160140991211,72.97235107421875
2016-02-08,79.07264709472656,28.68074607849121,29.94113540649414,41.37321472167969,72.95641326904297
2016-02-09,78.9714584350586,28.351417541503906,29.53139305114746,41.07793426513672,72.97235107421875
2016-02-10,79.02205657958984,28.33678436279297,29.52407455444336,41.101871490478516,72.95641326904297
2016-02-11,78.04397583007812,27.94159507751465,29.070411682128906,40.551185607910156,72.97235107421875
2016-02-12,79.56169128417969,28.395341873168945,29.5533504486084,41.269466400146484,72.95641326904297
2016-02-16,81.01193237304688,28.98811912536621,30.16796875,42.02766799926758,72.95641326904297
2016-02-17,82.35256958007812,29.536996841430664,30.753326416015625,42.84969711303711,72.95641326904297
2016-02-18,82.02375030517578,29.405261993408203,30.621623992919922,42.666133880615234,72.97235107421875
2016-02-19,82.04059600830078,29.324764251708984,30.51188087463379,42.610267639160156,72.97235107421875
2016-02-22,83.2378921508789,29.69800567626953,30.85576820373535,43.2567253112793,72.97235107421875
2016-02-23,82.23452758789062,29.207664489746094,30.394800186157227,42.65017318725586,72.95641326904297
2016-02-24,82.65612030029297,29.13448715209961,30.321619033813477,42.682090759277344,72.97235107421875
2016-02-25,83.63420867919922,29.434547424316406,30.636253356933594,43.144989013671875,72.95641326904297
2016-02-26,83.56674194335938,29.332094192504883,30.548450469970703,43.089111328125,72.95641326904297
2016-02-29,82.90065002441406,29.25889778137207,30.43870735168457,42.80978775024414,72.97235107421875
2016-03-01,84.87364196777344,30.04196548461914,31.302106857299805,43.89519500732422,72.97235107421875
2016-03-02,85.3458251953125,30.312742233276367,31.602100372314453,44.1825065612793,72.95641326904297
2016-03-03,85.76742553710938,30.620126724243164,31.938688278198242,44.54962921142578,72.97235107421875
2016-03-04,86.06253814697266,30.949447631835938,32.27526092529297,44.852928161621094,72.97235107421875
2016-03-07,86.23957824707031,30.949447631835938,32.23134994506836,44.852928161621094,72.97235107421875
2016-03-08,85.16877746582031,30.554256439208984,31.785022735595703,44.270301818847656,72.95641326904297
2016-03-09,85.58189392089844,30.737215042114258,32.01185607910156,44.509727478027344,72.97235107421875
2016-03-10,85.55657958984375,30.69331169128418,31.95331382751465,44.46184158325195,72.97235107421875
2016-03-11,87.00688934326172,31.46904754638672,32.77281951904297,45.419551849365234,72.95641326904297
2016-03-14,86.90568542480469,31.36660385131836,32.59720993041992,45.3157958984375,72.95641326904297
2016-03-15,86.60921478271484,31.01262855529785,32.23971939086914,44.97288131713867,72.95641326904297
2016-03-16,87.15135955810547,31.416521072387695,32.680145263671875,45.445613861083984,72.97235107421875
2016-03-17,87.82057189941406,31.754350662231445,33.03249740600586,45.86225891113281,72.95641326904297
2016-03-18,88.21027374267578,31.73965835571289,32.98112106323242,45.94236373901367,72.95641326904297
2016-03-21,88.29497528076172,31.754350662231445,33.01781463623047,45.94236373901367,72.97235107421875
2016-03-22,88.26956176757812,31.695592880249023,32.95176315307617,45.86225891113281,72.97235107421875
2016-03-23,87.54949951171875,31.313720703125,32.526004791259766,45.40553665161133,72.95641326904297
2016-03-24,87.52410125732422,31.15215492248535,32.34983825683594,45.309391021728516,72.97235107421875
2016-03-28,87.58338928222656,31.328407287597656,32.562705993652344,45.469642639160156,72.97235107421875
2016-03-29,88.55757904052734,31.666215896606445,32.90037155151367,45.966400146484375,72.97235107421875
2016-03-30,88.89642333984375,31.945276260375977,33.23069763183594,46.246829986572266,72.97235107421875
2016-03-31,88.79476165771484,31.68825340270996,32.97378158569336,46.2227897644043,72.97235107421875
2016-04-01,89.35387420654297,31.438575744628906,32.643455505371094,46.142677307128906,72.97235107421875
2016-04-04,88.98114013671875,31.30637550354004,32.503990173339844,45.95840072631836,72.97235107421875
2016-04-05,88.11707305908203,30.696847915649414,31.938758850097656,45.34946823120117,72.98833465576172
2016-04-06,89.0827865600586,31.137468338012695,32.430572509765625,45.878265380859375,72.98833465576172
2016-04-07,88.01542663574219,30.704187393188477,31.93142318725586,45.19722366333008,72.97235107421875
2016-04-08,88.26956176757812,31.2696533203125,32.584739685058594,45.621883392333984,72.98833465576172
2016-04-11,88.0239028930664,31.365137100219727,32.643455505371094,45.66994857788086,72.97235107421875
2016-04-12,88.87948608398438,31.879192352294922,33.1866569519043,46.21478271484375,72.97235107421875
2016-04-13,89.92143249511719,32.38591003417969,33.67847442626953,46.84775161743164,72.98833465576172
2016-04-14,89.8875503540039,32.393253326416016,33.64177703857422,46.80767822265625,72.98833465576172
2016-04-15,89.84519958496094,32.290435791015625,33.5610237121582,46.74360275268555,72.97235107421875
2016-04-18,90.4466552734375,32.525447845458984,33.817955017089844,47.05607604980469,72.98833465576172
2016-04-19,90.70075988769531,33.09823989868164,34.43455505371094,47.544822692871094,72.98833465576172
2016-04-20,90.79396057128906,33.08356857299805,34.36115264892578,47.56085205078125,72.98833465576172
2016-04-21,90.3449935913086,32.84121322631836,34.140926361083984,47.28843307495117,72.97235107421875
2016-04-22,90.47205352783203,32.819190979003906,34.11891555786133,47.2643928527832,72.98833465576172
2016-04-25,90.25181579589844,32.6502799987793,33.950069427490234,47.112159729003906,72.97235107421875
2016-04-26,90.4974594116211,32.78247833251953,34.08953857421875,47.28041076660156,72.98833465576172
2016-04-27,90.71772003173828,32.85590362548828,34.192317962646484,47.33650588989258,72.98833465576172
2016-04-28,89.90448760986328,32.45934295654297,33.795921325683594,46.9759635925293,72.98833465576172
2016-04-29,89.37928009033203,32.35654067993164,33.685821533203125,46.68751525878906,73.00430297851562
2016-05-02,90.07391357421875,32.56216049194336,33.90602493286133,47.01601791381836,72.98833465576172
2016-05-03,89.16748809814453,31.945276260375977,33.22335433959961,46.407081604003906,73.00430297851562
2016-05-04,88.64225769042969,31.57076072692871,32.8416633605957,46.0064697265625,72.98833465576172
2016-05-05,88.6083984375,31.53403663635254,32.79761505126953,45.99844741821289,72.98833465576172
2016-05-06,88.93029022216797,31.607473373413086,32.88570785522461,46.15068817138672,73.00430297851562
2016-05-09,89.02351379394531,31.45325469970703,32.70952606201172,45.97442626953125,73.00430297851562
2016-05-10,90.08236694335938,31.97464942932129,33.245384216308594,46.63943862915039,73.00430297851562
2016-05-11,89.26069641113281,31.754350662231445,33.025169372558594,46.310943603515625,72.97235107421875
2016-05-12,89.22679901123047,31.717618942260742,33.025169372558594,46.230804443359375,72.97235107421875
2016-05-13,88.45592498779297,31.299036026000977,32.577388763427734,45.7821159362793,72.97235107421875
2016-05-16,89.33692932128906,31.70294189453125,33.05451583862305,46.29490661621094,72.97235107421875
2016-05-17,88.53217315673828,31.51199722290039,32.804935455322266,45.91031265258789,72.97235107421875
2016-05-18,88.52368927001953,31.45325469970703,32.75356674194336,45.88627624511719,72.98833465576172
2016-05-19,88.1763916015625,31.232946395874023,32.503990173339844,45.63790512084961,72.97235107421875
2016-05-20,88.85406494140625,31.48261260986328,32.768245697021484,46.022491455078125,72.98833465576172
2016-05-23,88.7439193725586,31.39449691772461,32.650787353515625,45.878265380859375,73.00430297851562
2016-05-24,89.92992401123047,31.820438385009766,33.09123229980469,46.54329299926758,72.97235107421875
2016-05-25,90.58213806152344,32.114200592041016,33.43624496459961,46.895835876464844,72.98833465576172
2016-05-26,90.56522369384766,32.2243537902832,33.51698684692383,46.9519157409668,72.98833465576172
2016-05-27,90.97184753417969,32.1802864074707,33.443572998046875,47.02401351928711,73.00430297851562
2016-05-31,90.92951965332031,32.09950256347656,33.35548782348633,46.99197006225586,73.00430297851562
2016-06-01,91.17516326904297,32.07747268676758,33.36283493041992,47.08010482788086,73.00430297851562
2016-06-02,91.4801025390625,32.106842041015625,33.42890930175781,47.192291259765625,72.98833465576172
2016-06-03,91.22600555419922,32.393253326416016,33.72986602783203,47.328487396240234,73.00430297851562
2016-06-06,91.70036315917969,32.628257751464844,33.979434967041016,47.600914001464844,73.02030944824219
2016-06-07,91.8782730102539,32.89996337890625,34.26571273803711,47.8973503112793,73.02030944824219
2016-06-08,92.2001724243164,33.03950500488281,34.3905029296875,48.02555465698242,73.02030944824219
2016-06-09,92.01380157470703,32.59154510498047,33.93537902832031,47.71307373046875,72.98833465576172
2016-06-10,91.06503295898438,31.747007369995117,33.025169372558594,46.82373046875,72.98833465576172
2016-06-13,90.31111145019531,31.284347534179688,32.55537033081055,46.36701583862305,72.98833465576172
2016-06-14,90.14857482910156,30.905092239379883,32.166744232177734,46.03261184692383,72.98833465576172
2016-06-15,90.05500030517578,31.128189086914062,32.41938781738281,46.23454284667969,72.98833465576172
2016-06-16,90.3187484741211,31.128189086914062,32.38967514038086,46.2587890625,73.00430297851562
2016-06-17,90.02098083496094,31.381019592285156,32.6348762512207,46.347633361816406,72.98833465576172
2016-06-20,90.63359832763672,32.080020904541016,33.38535690307617,46.98573684692383,73.00430297851562
2016-06-21,90.82926940917969,32.355167388916016,33.608272552490234,47.18766784667969,73.00430297851562
2016-06-22,90.62507629394531,32.34772491455078,33.60083770751953,47.10689926147461,73.00430297851562
2016-06-23,91.8758544921875,33.195472717285156,34.48507308959961,48.051944732666016,73.00430297851562
2016-06-24,88.53197479248047,30.652263641357422,31.81752586364746,45.49951171875,72.98833465576172
2016-06-27,86.77069854736328,30.064800262451172,31.245365142822266,44.522151947021484,72.98833465576172
2016-06-28,88.36180114746094,30.85304832458496,32.02555847167969,45.491424560546875,72.98833465576172
2016-06-29,89.94442749023438,31.46281623840332,32.65715789794922,46.31532287597656,72.98833465576172
2016-06-30,91.17811584472656,31.864376068115234,33.050987243652344,46.904972076416016,72.98833465576172
2016-07-01,91.35682678222656,31.961048126220703,33.14015197753906,47.1230583190918,73.02030944824219
2016-07-05,90.67613983154297,31.34383201599121,32.56800842285156,46.48493957519531,73.02030944824219
2016-07-06,91.22917938232422,31.291784286499023,32.50112533569336,46.60609817504883,73.00430297851562
2016-07-07,91.18663024902344,31.187681198120117,32.36738586425781,46.46879577636719,73.02030944824219
2016-07-08,92.6075439453125,31.693342208862305,32.92466735839844,47.211910247802734,73.00430297851562
2016-07-11,92.990478515625,32.1171989440918,33.32590866088867,47.63999938964844,73.02030944824219
2016-07-12,93.76473236083984,32.55595016479492,33.786624908447266,48.07617950439453,72.98833465576172
2016-07-13,93.71369171142578,32.511329650878906,33.779170989990234,48.051944732666016,73.00430297851562
2016-07-14,94.1646728515625,32.82365417480469,34.0689697265625,48.41542434692383,73.02030944824219
2016-07-15,94.06256103515625,32.66004943847656,33.92779541015625,48.3104133605957,73.00430297851562
2016-07-18,94.32630920410156,32.793907165527344,34.04667282104492,48.42350769042969,73.00430297851562
2016-07-19,94.13914489746094,32.489017486572266,33.73460388183594,48.16503143310547,73.02030944824219
2016-07-20,94.64114379882812,32.74928665161133,34.00209426879883,48.431575775146484,73.02030944824219
2016-07-21,94.26676940917969,32.6749267578125,33.97237014770508,48.27001953125,73.02030944824219
2016-07-22,94.71769714355469,32.70466232299805,34.02438735961914,48.45582962036133,73.02030944824219
2016-07-25,94.47093963623047,32.64518356323242,33.912933349609375,48.3104133605957,73.00430297851562
2016-07-26,94.57305908203125,32.77159881591797,34.054107666015625,48.5042724609375,73.00430297851562
2016-07-27,94.46245574951172,32.920326232910156,34.21757888793945,48.52042770385742,73.02030944824219
2016-07-28,94.58160400390625,32.883148193359375,34.21014404296875,48.56889343261719,73.00430297851562
2016-07-29,94.80279541015625,33.2177848815918,34.54451370239258,48.851600646972656,73.02030944824219
2016-08-01,94.6751708984375,33.04673385620117,34.38105392456055,48.66581344604492,73.00430297851562
2016-08-02,93.96044921875,32.8608283996582,34.24729537963867,48.35886764526367,73.02030944824219
2016-08-03,94.30929565429688,32.808780670166016,34.18784713745117,48.46389389038086,73.00430297851562
2016-08-04,94.419921875,32.987247467041016,34.37361145019531,48.5446662902832,73.00430297851562
2016-08-05,95.20269775390625,33.12110900878906,34.5296630859375,48.924293518066406,73.00430297851562
2016-08-08,95.14313507080078,33.292144775390625,34.655982971191406,48.98891067504883,73.00430297851562
2016-08-09,95.22823333740234,33.574710845947266,34.9234733581543,49.182769775390625,73.00430297851562
2016-08-10,94.94743347167969,33.641639709472656,34.9903450012207,49.158531188964844,73.00430297851562
2016-08-11,95.42393493652344,33.9316520690918,35.27271270751953,49.52201843261719,73.00430297851562
2016-08-12,95.33030700683594,33.827552795410156,35.14638900756836,49.41701126098633,73.00430297851562
2016-08-15,95.67916870117188,34.0283317565918,35.361881256103516,49.65125274658203,73.00430297851562
2016-08-16,95.13461303710938,33.92422103881836,35.235565185546875,49.45740509033203,73.00430297851562
2016-08-17,95.25374603271484,33.92422103881836,35.235565185546875,49.441246032714844,73.00430297851562
2016-08-18,95.55156707763672,34.08037185668945,35.421321868896484,49.64316940307617,73.02030944824219
2016-08-19,95.41543579101562,33.86472702026367,35.183536529541016,49.465484619140625,73.00430297851562
2016-08-22,95.44094848632812,33.797813415527344,35.13896560668945,49.39278793334961,73.00430297851562
2016-08-23,95.6961898803711,33.89446258544922,35.24298095703125,49.54624557495117,73.00430297851562
2016-08-24,95.16017150878906,33.797813415527344,35.16124725341797,49.279685974121094,73.02030944824219
2016-08-25,95.10059356689453,33.723445892333984,35.09437561035156,49.26354217529297,73.00430297851562
2016-08-26,94.90491485595703,33.50035095214844,34.84175109863281,49.02931213378906,73.00430297851562
2016-08-29,95.42393493652344,33.649070739746094,34.975494384765625,49.31199645996094,73.02030944824219
2016-08-30,95.27076721191406,33.58957290649414,34.878902435302734,49.21506881713867,73.02030944824219
2016-08-31,94.9985122680664,33.44829177856445,34.7005729675293,49.0212287902832,73.02030944824219
2016-09-01,95.0495376586914,33.69369888305664,34.9234733581543,49.190853118896484,73.02030944824219
2016-09-02,95.53451538085938,34.072940826416016,35.324729919433594,49.63510513305664,73.03627014160156
2016-09-06,95.80682373046875,34.42243957519531,35.688819885253906,49.94203567504883,73.03627014160156
2016-09-07,95.9344253540039,34.481937408447266,35.733402252197266,50.01473617553711,73.02030944824219
2016-09-08,95.68768310546875,34.370391845703125,35.68138885498047,49.80472946166992,73.02030944824219
2016-09-09,93.30530548095703,33.58957290649414,34.88632583618164,48.593109130859375,73.03627014160156
2016-09-12,94.60710144042969,33.87958908081055,35.17611312866211,49.1666145324707,73.00430297851562
2016-09-13,93.12709045410156,33.090660095214844,34.31216049194336,48.24188232421875,73.02030944824219
2016-09-14,93.13565063476562,33.105613708496094,34.342044830322266,48.225643157958984,73.02030944824219
2016-09-15,94.0932388305664,33.427181243896484,34.67835235595703,48.78585433959961,73.02030944824219
2016-09-16,93.71703338623047,33.030826568603516,34.31216049194336,48.38801574707031,73.02030944824219
2016-09-19,93.85384368896484,33.247703552246094,34.54383087158203,48.55851364135742,73.02030944824219
2016-09-20,93.81110382080078,33.41969299316406,34.64846420288086,48.6802978515625,73.02030944824219
2016-09-21,94.88839721679688,34.047855377197266,35.32858657836914,49.41099166870117,73.02030944824219
2016-09-22,95.58094024658203,34.37689971923828,35.67985916137695,49.743865966796875,73.03627014160156
2016-09-23,95.03374481201172,34.01795196533203,35.306156158447266,49.378517150878906,73.03627014160156
2016-09-26,94.28134155273438,33.68143081665039,34.9773063659668,48.93197250366211,73.03627014160156
2016-09-27,94.81998443603516,33.90576171875,35.194053649902344,49.24049377441406,73.02030944824219
2016-09-28,95.37577056884766,34.19741439819336,35.5004768371582,49.56523895263672,73.02030944824219
2016-09-29,94.44380187988281,33.771156311035156,35.09688949584961,49.0618896484375,73.02030944824219
2016-09-30,95.18762969970703,33.97307205200195,35.28373336791992,49.40287399291992,73.03627014160156
2016-10-03,94.89693450927734,33.98054504394531,35.26132583618164,49.32167434692383,73.02030944824219
2016-10-04,94.4694595336914,33.8459587097168,35.134254455566406,49.1268424987793,73.03627014160156
2016-10-05,94.83709716796875,34.092735290527344,35.38837432861328,49.43535232543945,73.03627014160156
2016-10-06,94.87129974365234,33.950653076171875,35.238895416259766,49.289207458496094,73.03627014160156
2016-10-07,94.51219177246094,33.7562141418457,35.01468276977539,49.10248565673828,73.03627014160156
2016-10-10,95.02517700195312,33.90576171875,35.171627044677734,49.313568115234375,73.03627014160156
2016-10-11,93.75980377197266,33.3823127746582,34.618568420410156,48.56663131713867,73.02030944824219
2016-10-12,93.87093353271484,33.35986328125,34.5737190246582,48.63158416748047,73.03627014160156
2016-10-13,93.53748321533203,33.18040084838867,34.43173599243164,48.396141052246094,73.02030944824219
2016-10-14,93.5118408203125,33.247703552246094,34.49152755737305,48.42862319946289,73.02030944824219
2016-10-17,93.24677276611328,33.187889099121094,34.42424774169922,48.28248596191406,73.02030944824219
2016-10-18,93.79398345947266,33.591697692871094,34.83530807495117,48.70466613769531,73.02030944824219
2016-10-19,94.0932388305664,33.71134948730469,34.954898834228516,48.91573715209961,73.03627014160156
2016-10-20,93.91368103027344,33.71882629394531,34.939945220947266,48.89138412475586,73.02030944824219
2016-10-21,93.87952423095703,33.65151596069336,34.89509963989258,48.78585433959961,73.02030944824219
2016-10-24,94.34973907470703,33.673954010009766,34.93247604370117,48.94822311401367,73.02030944824219
2016-10-25,93.9478988647461,33.65151596069336,34.89509963989258,48.81831741333008,73.02030944824219
2016-10-26,93.6657485961914,33.4421272277832,34.700775146484375,48.607215881347656,73.03627014160156
2016-10-27,93.34938049316406,33.4122200012207,34.618568420410156,48.51791763305664,73.02030944824219
2016-10-28,93.04158020019531,33.35239791870117,34.581199645996094,48.37179183959961,73.03627014160156
2016-10-31,93.10144805908203,33.39725112915039,34.6110954284668,48.42862319946289,73.05220794677734
2016-11-01,92.40888977050781,33.26264953613281,34.47657775878906,48.1363410949707,73.03627014160156
2016-11-02,91.76762390136719,33.00092315673828,34.18509292602539,47.803470611572266,73.05220794677734
2016-11-03,91.36577606201172,32.948585510253906,34.15520477294922,47.67356491088867,73.03627014160156
2016-11-04,91.30594635009766,32.64945983886719,33.82634735107422,47.42188262939453,73.05220794677734
2016-11-07,93.32371520996094,33.25517272949219,34.46909713745117,48.37179183959961,73.03627014160156
2016-11-08,93.7256088256836,33.35239791870117,34.581199645996094,48.5828742980957,73.05220794677734
2016-11-09,94.88839721679688,33.16543197631836,34.34950637817383,48.6802978515625,73.02030944824219
2016-11-10,95.22185516357422,32.9261474609375,34.125308990478516,48.54228210449219,73.02030944824219
2016-11-11,95.25602722167969,32.62701416015625,33.77403259277344,48.274356842041016,72.98833465576172
2016-11-14,95.50399017333984,32.39519500732422,33.564754486083984,48.25812530517578,73.02030944824219
2016-11-15,96.2478256225586,32.66441345214844,33.893611907958984,48.712772369384766,73.03627014160156
2016-11-16,96.11105346679688,32.35780715942383,33.542354583740234,48.452964782714844,73.03627014160156
2016-11-17,96.5984115600586,32.51484298706055,33.751625061035156,48.72089385986328,73.05220794677734
2016-11-18,96.41883087158203,32.24563217163086,33.46761703491211,48.477325439453125,73.03627014160156
2016-11-21,97.1456069946289,32.552223205566406,33.76655578613281,48.92387390136719,73.02030944824219
2016-11-22,97.42774200439453,32.68684768676758,33.93098449707031,49.03752136230469,73.02030944824219
2016-11-23,97.5645751953125,32.552223205566406,33.77403259277344,48.99693298339844,73.02030944824219
2016-11-25,97.94075012207031,32.66441345214844,33.9085693359375,49.17554473876953,73.03627014160156
2016-11-28,97.37645721435547,32.54475402832031,33.78150939941406,48.9807014465332,73.02030944824219
2016-11-29,97.51325988769531,32.69432067871094,33.9459342956543,49.07813262939453,73.02030944824219
2016-11-30,97.28240966796875,32.68684768676758,33.91604995727539,49.005043029785156,73.02030944824219
2016-12-01,96.88056945800781,32.56718444824219,33.82634735107422,48.78585433959961,73.05387115478516
2016-12-02,96.88056945800781,32.65692138671875,33.91604995727539,48.89138412475586,73.037841796875
2016-12-05,97.55604553222656,32.90370559692383,34.18509292602539,49.248619079589844,73.037841796875
2016-12-06,98.05192565917969,33.0981330871582,34.364471435546875,49.49217224121094,73.05387115478516
2016-12-07,99.26602172851562,33.57673645019531,34.85773849487305,50.174156188964844,73.05387115478516
2016-12-08,99.6251220703125,33.60664749145508,34.88015365600586,50.312191009521484,73.05387115478516
2016-12-09,100.16377258300781,33.68891143798828,34.98479080200195,50.458309173583984,73.05387115478516
2016-12-12,99.90725708007812,33.52439880371094,34.782997131347656,50.304046630859375,73.037841796875
2016-12-13,100.48866271972656,33.86838150024414,35.126792907714844,50.709991455078125,73.05387115478516
2016-12-14,99.58235931396484,33.30004119873047,34.49152755737305,50.05238342285156,73.05387115478516
2016-12-15,99.9927749633789,33.25517272949219,34.46909713745117,50.14168167114258,73.05387115478516
2016-12-16,99.8388671875,33.20283126831055,34.40182876586914,50.09297180175781,73.037841796875
2016-12-19,100.12102508544922,33.15048599243164,34.364471435546875,50.1335563659668,73.05387115478516
2016-12-20,100.54863739013672,33.25229263305664,34.470001220703125,50.32741928100586,73.037841796875
2016-12-21,100.26468658447266,33.21459197998047,34.417232513427734,50.24562454223633,73.05387115478516
2016-12-22,100.006591796875,33.08638381958008,34.25138854980469,50.049312591552734,73.037841796875
2016-12-23,100.16144561767578,33.161800384521484,34.349395751953125,50.13111114501953,73.037841796875
2016-12-27,100.41096496582031,33.1768798828125,34.3569221496582,50.22925567626953,73.05387115478516
2016-12-28,99.57643127441406,33.11655044555664,34.33431625366211,49.93479919433594,73.05225372314453
2016-12-29,99.58502960205078,33.30509567260742,34.52276611328125,49.99205780029297,73.06825256347656
2016-12-30,99.2150650024414,33.32017135620117,34.58305740356445,49.89390182495117,73.03627014160156
2017-01-03,99.97217559814453,33.561527252197266,34.8317985534668,50.302894592285156,73.06825256347656
2017-01-04,100.73787689208984,33.9461555480957,35.21622848510742,50.760921478271484,73.06825256347656
2017-01-05,100.54004669189453,34.26292037963867,35.48004150390625,50.92450714111328,73.05225372314453
2017-01-06,100.85834503173828,34.13470458984375,35.404659271240234,50.93268966674805,73.06825256347656
2017-01-09,100.47119903564453,34.09699249267578,35.336830139160156,50.79363250732422,73.06825256347656
2017-01-10,100.54863739013672,34.11207962036133,35.397125244140625,50.84272003173828,73.05225372314453
2017-01-11,100.86695098876953,34.39113235473633,35.66095733642578,51.12080001831055,73.06825256347656
2017-01-12,100.6002426147461,34.40621566772461,35.71371078491211,51.02265167236328,73.06825256347656
2017-01-13,100.84973907470703,34.51935577392578,35.81924057006836,51.19441604614258,73.06825256347656
2017-01-17,100.40235900878906,34.459007263183594,35.728790283203125,51.03900909423828,73.06825256347656
2017-01-18,100.6346435546875,34.30061340332031,35.540340423583984,50.98176193237305,73.05225372314453
2017-01-19,100.23889923095703,34.225196838378906,35.51020050048828,50.859073638916016,73.05225372314453
2017-01-20,100.58304595947266,34.39113235473633,35.65341567993164,51.03083419799805,73.06825256347656
2017-01-23,100.31632232666016,34.48917007446289,35.81924057006836,51.03083419799805,73.05225372314453
2017-01-24,101.09923553466797,34.6701774597168,35.96245574951172,51.38254928588867,73.05225372314453
2017-01-25,101.96818542480469,34.99449157714844,36.33934020996094,51.840576171875,73.06825256347656
2017-01-26,101.82190704345703,34.88134002685547,36.22628402709961,51.7342643737793,73.084228515625
2017-01-27,101.65846252441406,34.821022033691406,36.14335632324219,51.6688117980957,73.05225372314453
2017-01-30,100.97017669677734,34.602298736572266,35.909690856933594,51.30074691772461,73.084228515625
2017-01-31,101.05620574951172,34.700347900390625,35.99261474609375,51.3907356262207,73.06825256347656
2017-02-01,101.04759979248047,34.78329849243164,36.113216400146484,51.46433639526367,73.07304382324219
2017-02-02,101.11643981933594,34.82856369018555,36.15843200683594,51.56248474121094,73.07304382324219
2017-02-03,101.88214874267578,35.00202941894531,36.324249267578125,51.824249267578125,73.05705261230469
2017-02-06,101.64126586914062,34.78329849243164,36.113216400146484,51.644287109375,73.08900451660156
2017-02-07,101.63263702392578,34.707881927490234,36.075523376464844,51.611572265625,73.08900451660156
2017-02-08,101.7444839477539,34.82856369018555,36.188602447509766,51.677005767822266,73.08900451660156
2017-02-09,102.41558074951172,34.94169235229492,36.28657531738281,51.93874740600586,73.08900451660156
2017-02-10,102.84574890136719,35.092525482177734,36.482566833496094,52.200469970703125,73.07304382324219
2017-02-13,103.36195373535156,35.258445739746094,36.62577438354492,52.46221923828125,73.07304382324219
2017-02-14,103.7405014038086,35.220733642578125,36.59562683105469,52.56855392456055,73.08900451660156
2017-02-15,104.30833435058594,35.4017333984375,36.799137115478516,52.871185302734375,73.07304382324219
2017-02-16,104.21370697021484,35.439456939697266,36.829307556152344,52.88755416870117,73.07304382324219
2017-02-17,104.3685531616211,35.34894943237305,36.67101287841797,52.862998962402344,73.08900451660156
2017-02-21,104.98800659179688,35.51486587524414,36.88206100463867,53.1411018371582,73.07304382324219
2017-02-22,104.85035705566406,35.52241516113281,36.88959884643555,53.1329231262207,73.07304382324219
2017-02-23,104.7729263305664,35.5752067565918,36.92729187011719,53.1329231262207,73.07304382324219
2017-02-24,104.94499206542969,35.2659912109375,36.6333122253418,53.0184211730957,73.07304382324219
2017-02-27,105.1772689819336,35.243377685546875,36.60315704345703,52.977516174316406,73.07304382324219
2017-02-28,104.79012298583984,35.13777542114258,36.47501754760742,52.773040771484375,73.10502624511719
2017-03-01,106.20108032226562,35.52241516113281,36.89714431762695,53.4192008972168,73.07621765136719
2017-03-02,105.52141571044922,35.228271484375,36.58055114746094,53.02659225463867,73.07621765136719
2017-03-03,105.60746765136719,35.41682434082031,36.76145553588867,53.222896575927734,73.09222412109375
2017-03-06,105.1944808959961,35.3338737487793,36.67101287841797,53.075679779052734,73.10816192626953
2017-03-07,104.85894012451172,35.25090789794922,36.58808898925781,52.903907775878906,73.07621765136719
2017-03-08,104.56643676757812,35.06991195678711,36.36949920654297,52.74849319458008,73.07621765136719
2017-03-09,104.61807250976562,35.107608795166016,36.414730072021484,52.773040771484375,73.07621765136719
2017-03-10,104.99661254882812,35.39420700073242,36.75392532348633,53.0674934387207,73.09222412109375
2017-03-13,105.07404327392578,35.620460510253906,36.957435607910156,53.27196502685547,73.07621765136719
2017-03-14,104.69547271728516,35.35649108886719,36.701148986816406,52.98569869995117,73.07621765136719
2017-03-15,105.6418685913086,35.93721389770508,37.29662322998047,53.63185119628906,73.09222412109375
2017-03-16,105.51283264160156,36.163475036621094,37.515235900878906,53.713653564453125,73.10816192626953
2017-03-17,105.45259094238281,36.18611145019531,37.50768280029297,53.73000717163086,73.10816192626953
2017-03-20,105.20309448242188,36.208740234375,37.58306884765625,53.65641403198242,73.09222412109375
2017-03-21,103.7319107055664,35.967384338378906,37.31925964355469,53.12474060058594,73.10816192626953
2017-03-22,103.86956024169922,36.060447692871094,37.3870964050293,53.20653533935547,73.10816192626953
2017-03-23,103.83515167236328,36.11341094970703,37.469993591308594,53.173828125,73.09222412109375
2017-03-24,103.84552001953125,36.21177291870117,37.60612106323242,53.27196502685547,73.10816192626953
2017-03-27,103.72449493408203,36.279869079589844,37.659053802490234,53.329227447509766,73.10816192626953
2017-03-28,104.4504623413086,36.39336395263672,37.78004455566406,53.63185119628906,73.10816192626953
2017-03-29,104.64059448242188,36.45389938354492,37.82542419433594,53.70821762084961,73.10816192626953
2017-03-30,105.02948760986328,36.31013870239258,37.67417526245117,53.683597564697266,73.10816192626953
2017-03-31,104.84803009033203,36.1890754699707,37.56830978393555,53.55221176147461,73.09222412109375
2017-04-03,104.58872985839844,36.19664764404297,37.56074905395508,53.502967834472656,73.0986099243164
2017-04-04,104.64059448242188,36.22691345214844,37.59099197387695,53.53578567504883,73.0986099243164
2017-04-05,104.21713256835938,36.045318603515625,37.424625396728516,53.33051300048828,73.0986099243164
2017-04-06,104.54557037353516,36.052886962890625,37.424625396728516,53.41262435913086,73.0986099243164
2017-04-07,104.46774291992188,36.00749588012695,37.38682174682617,53.34693908691406,73.0986099243164
2017-04-10,104.59742736816406,35.954524993896484,37.35658264160156,53.37158203125,73.0986099243164
2017-04-11,104.56281280517578,36.06801223754883,37.46245193481445,53.42082977294922,73.11459350585938
2017-04-12,104.02701568603516,36.11341094970703,37.46998977661133,53.29767608642578,73.0986099243164
2017-04-13,103.31832122802734,35.85615921020508,37.25825500488281,52.96101760864258,73.11459350585938
2017-04-17,104.21713256835938,36.1588249206543,37.56074905395508,53.41262435913086,73.11459350585938
2017-04-18,103.99244689941406,35.90156936645508,37.30363464355469,53.125247955322266,73.13057708740234
2017-04-19,103.90601348876953,35.719970703125,37.137271881103516,53.018497467041016,73.13057708740234
2017-04-20,104.76158142089844,36.045318603515625,37.47755813598633,53.46189880371094,73.13057708740234
2017-04-21,104.42454528808594,36.060447692871094,37.46245193481445,53.37978744506836,73.13057708740234
2017-04-24,105.53076934814453,36.817081451416016,38.25645065307617,54.21729278564453,73.11459350585938
2017-04-25,106.18754577636719,37.08188247680664,38.48332595825195,54.545753479003906,73.11459350585938
2017-04-26,106.21351623535156,36.960819244384766,38.39257049560547,54.512901306152344,73.13057708740234
2017-04-27,106.31719970703125,36.94570541381836,38.33964920043945,54.537540435791016,73.11459350585938
2017-04-28,105.962890625,36.94570541381836,38.33964920043945,54.42257308959961,73.14659881591797
2017-05-01,106.23942565917969,37.04405975341797,38.51356506347656,54.537540435791016,73.1418228149414
2017-05-02,106.23942565917969,37.27860641479492,38.74041748046875,54.751033782958984,73.12577819824219
2017-05-03,105.98014831542969,37.14997863769531,38.62700271606445,54.56216049194336,73.12577819824219
2017-05-04,106.05792999267578,37.301307678222656,38.725303649902344,54.685333251953125,73.1418228149414
2017-05-05,106.58509063720703,37.66447830200195,39.09583282470703,55.07948303222656,73.12577819824219
2017-05-08,106.4208984375,37.46776580810547,38.89167404174805,54.88241195678711,73.1418228149414
2017-05-09,106.38634490966797,37.48289108276367,38.86896896362305,54.92344665527344,73.1418228149414
2017-05-10,106.61968994140625,37.558555603027344,38.997535705566406,55.0219841003418,73.15778350830078
2017-05-11,106.30854034423828,37.52073287963867,38.91434860229492,54.93986511230469,73.15778350830078
2017-05-12,106.10114288330078,37.709896087646484,39.118526458740234,54.90703201293945,73.1418228149414
2017-05-15,106.67153930664062,37.95200729370117,39.39076614379883,55.276519775390625,73.15778350830078
2017-05-16,106.6110610961914,38.10333251953125,39.5420036315918,55.38325881958008,73.15778350830078
2017-05-17,104.69243621826172,37.649356842041016,39.020225524902344,54.52933120727539,73.17378234863281
2017-05-18,105.00357818603516,37.528297424316406,38.92948532104492,54.56216049194336,73.17378234863281
2017-05-19,105.75543975830078,38.04280090332031,39.46638488769531,55.1123161315918,73.15778350830078
2017-05-22,106.31719970703125,38.11088180541992,39.51931381225586,55.33400344848633,73.17378234863281
2017-05-23,106.49870300292969,38.10333251953125,39.51931381225586,55.32578659057617,73.17378234863281
2017-05-24,106.80982208251953,38.186546325683594,39.59494400024414,55.432525634765625,73.15778350830078
2017-05-25,107.25920104980469,38.19411087036133,39.61005783081055,55.621402740478516,73.17378234863281
2017-05-26,107.24191284179688,38.14114761352539,39.572242736816406,55.56390380859375,73.18976593017578
2017-05-30,107.06907653808594,38.080623626708984,39.48907470703125,55.50643539428711,73.15778350830078
2017-05-31,107.0345230102539,38.073062896728516,39.47395324707031,55.4818000793457,73.15778350830078
2017-06-01,108.02837371826172,38.33031463623047,39.76887512207031,55.89236831665039,73.18500518798828
2017-06-02,108.38270568847656,38.65565490722656,40.10915756225586,56.229007720947266,73.16900634765625
2017-06-05,108.24443054199219,38.52703094482422,39.950347900390625,56.1058349609375,73.18500518798828
2017-06-06,107.9678726196289,38.436241149902344,39.86717987060547,55.98268127441406,73.16900634765625
2017-06-07,108.08887481689453,38.39840316772461,39.882301330566406,55.98268127441406,73.20104217529297
2017-06-08,108.27899169921875,38.360572814941406,39.844486236572266,55.96625518798828,73.18500518798828
2017-06-09,108.19257354736328,38.21681213378906,39.66299819946289,55.867733001708984,73.20104217529297
2017-06-12,108.17530059814453,38.073062896728516,39.52687072753906,55.78561019897461,73.18500518798828
2017-06-13,108.71112060546875,38.383277893066406,39.852054595947266,56.14690017700195,73.20104217529297
2017-06-14,108.5555419921875,38.360572814941406,39.79911804199219,56.00729751586914,73.18500518798828
2017-06-15,108.31356811523438,37.95956039428711,39.40589141845703,55.66244888305664,73.18500518798828
2017-06-16,108.24443054199219,38.24708557128906,39.68568801879883,55.908756256103516,73.2170181274414
2017-06-19,109.12591552734375,38.40597915649414,39.859615325927734,56.2618408203125,73.20104217529297
2017-06-20,108.38270568847656,38.02009201049805,39.47395324707031,55.769187927246094,73.20104217529297
2017-06-21,108.25680541992188,38.036155700683594,39.409751892089844,55.769187927246094,73.2170181274414
2017-06-22,108.30023956298828,38.120304107666016,39.547325134277344,55.793819427490234,73.23303985595703
2017-06-23,108.56937408447266,38.212074279785156,39.64668655395508,55.89236831665039,73.2170181274414
2017-06-26,108.64753723144531,38.31150436401367,39.76134490966797,56.064796447753906,73.20104217529297
2017-06-27,107.75326538085938,38.2656135559082,39.66962432861328,55.769187927246094,73.20104217529297
2017-06-28,108.76907348632812,38.60214614868164,40.05179977416992,56.23714065551758,73.23303985595703
2017-06-29,107.90084838867188,38.1967658996582,39.63904571533203,55.69973373413086,73.2170181274414
2017-06-30,108.0484390258789,38.2656135559082,39.723121643066406,55.83202362060547,73.23303985595703
2017-07-03,108.30890655517578,38.303855895996094,39.753692626953125,55.92296600341797,73.24105834960938
2017-07-05,108.43045806884766,38.257965087890625,39.723121643066406,55.92296600341797,73.22502899169922
2017-07-06,107.36254119873047,38.051456451416016,39.48618698120117,55.451717376708984,73.24105834960938
2017-07-07,108.10922241210938,38.089691162109375,39.53202438354492,55.69973373413086,73.24105834960938
2017-07-10,108.18737030029297,38.219722747802734,39.65433120727539,55.82375717163086,73.24105834960938
2017-07-11,108.16130065917969,38.35740280151367,39.79191970825195,55.87336730957031,73.24105834960938
2017-07-12,108.93402099609375,38.747467041015625,40.17409896850586,56.36116027832031,73.22502899169922
2017-07-13,109.1076431274414,38.90044403076172,40.326961517333984,56.526512145996094,73.22502899169922
2017-07-14,109.59383392333984,39.21403121948242,40.68619918823242,56.86548614501953,73.2570571899414
2017-07-17,109.59383392333984,39.106956481933594,40.53334426879883,56.82415771484375,73.24105834960938
2017-07-18,109.66329193115234,39.183433532714844,40.64033889770508,56.873756408691406,73.24105834960938
2017-07-19,110.29711151123047,39.374637603759766,40.85435104370117,57.1796760559082,73.24105834960938
2017-07-20,110.3665771484375,39.497032165527344,41.00722885131836,57.27888107299805,73.24105834960938
2017-07-21,110.21894836425781,39.36699676513672,40.83142852783203,57.1796760559082,73.24105834960938
2017-07-24,110.22765350341797,39.3364143371582,40.83142852783203,57.1796760559082,73.24105834960938
2017-07-25,110.59228515625,39.374637603759766,40.87728500366211,57.29541778564453,73.24105834960938
2017-07-26,110.51415252685547,39.57351303100586,41.09895324707031,57.46903610229492,73.2570571899414
2017-07-27,110.32313537597656,39.47407531738281,40.98429489135742,57.3284797668457,73.2730941772461
2017-07-28,110.14080810546875,39.497032165527344,40.98429489135742,57.30367660522461,73.2570571899414
2017-07-31,110.08003234863281,39.5582160949707,41.060733795166016,57.31193542480469,73.2570571899414
2017-08-01,110.3057861328125,39.795310974121094,41.320613861083984,57.55998229980469,73.27631378173828
2017-08-02,110.20160675048828,39.82592010498047,41.31295394897461,57.51036834716797,73.29235076904297
2017-08-03,109.94982147216797,39.75708770751953,41.24416732788086,57.43594741821289,73.29235076904297
2017-08-04,110.1842269897461,39.82592010498047,41.320613861083984,57.543434143066406,73.29235076904297
2017-08-07,110.40129852294922,39.90239715576172,41.36647415161133,57.68399429321289,73.29235076904297
2017-08-08,110.097412109375,39.718841552734375,41.21360397338867,57.50211715698242,73.29235076904297
2017-08-09,109.9758529663086,39.58880615234375,41.09130096435547,57.36981964111328,73.29235076904297
2017-08-10,108.36100006103516,38.96162796020508,40.43396759033203,56.49343490600586,73.29235076904297
2017-08-11,108.5606918334961,38.95398712158203,40.44160842895508,56.51824188232422,73.30838012695312
2017-08-14,109.6719970703125,39.27521514892578,40.74736022949219,57.03912353515625,73.29235076904297
2017-08-15,109.56781768798828,39.21403121948242,40.663265228271484,56.981258392333984,73.30838012695312
2017-08-16,109.7674789428711,39.47407531738281,40.961368560791016,57.26234817504883,73.29235076904297
2017-08-17,108.02239227294922,39.053409576416016,40.464534759521484,56.452117919921875,73.30838012695312
2017-08-18,107.84008026123047,39.16813659667969,40.60211944580078,56.51824188232422,73.29235076904297
2017-08-21,107.99634552001953,39.221675872802734,40.68619918823242,56.56785202026367,73.30838012695312
2017-08-22,109.08161926269531,39.42819595336914,40.84671401977539,57.0225944519043,73.32440948486328
2017-08-23,108.7516860961914,39.497032165527344,40.915496826171875,56.95643615722656,73.32440948486328
2017-08-24,108.57803344726562,39.451133728027344,40.92314910888672,56.86548614501953,73.32440948486328
2017-08-25,108.83850860595703,39.718841552734375,41.18302917480469,57.08870315551758,73.30838012695312
2017-08-28,108.88192749023438,39.695884704589844,41.16010284423828,57.08045959472656,73.32440948486328
2017-08-29,108.92532348632812,39.56587219238281,40.991947174072266,57.03086471557617,73.32440948486328
2017-08-30,109.49835968017578,39.489376068115234,40.96901321411133,57.19620132446289,73.32440948486328
2017-08-31,110.2449951171875,39.81062316894531,41.28239440917969,57.55170822143555,73.34042358398438
2017-09-01,110.496826171875,39.92535400390625,41.397037506103516,57.72532272338867,73.34526062011719
2017-09-05,109.64593505859375,39.60410690307617,41.08365249633789,57.336753845214844,73.31315612792969
2017-09-06,109.94982147216797,39.87181091308594,41.37411117553711,57.55170822143555,73.34526062011719
2017-09-07,109.89771270751953,40.16244888305664,41.68749237060547,57.77493667602539,73.34526062011719
2017-09-08,109.81956481933594,40.14714813232422,41.649261474609375,57.70879364013672,73.32921600341797
2017-09-11,111.00033569335938,40.45309829711914,42.008522033691406,58.26272201538086,73.32921600341797
2017-09-12,111.42577362060547,40.51427459716797,42.031455993652344,58.419837951660156,73.36128997802734
2017-09-13,111.4778823852539,40.32307434082031,41.840370178222656,58.27100372314453,73.36128997802734
2017-09-14,111.44315338134766,40.430145263671875,41.93208694458008,58.287532806396484,73.34526062011719
2017-09-15,111.6515121459961,40.49898910522461,42.03909683227539,58.39501953125,73.34526062011719
2017-09-18,111.920654296875,40.57545852661133,42.107887268066406,58.59346008300781,73.34526062011719
2017-09-19,111.97274780273438,40.713138580322266,42.25312805175781,58.68437957763672,73.37733459472656
2017-09-20,112.15506744384766,40.65776443481445,42.18240737915039,58.68437957763672,73.37733459472656
2017-09-21,111.8425064086914,40.58853530883789,42.10556411743164,58.527313232421875,73.37733459472656
2017-09-22,111.93231201171875,40.64237594604492,42.143985748291016,58.568641662597656,73.37733459472656
2017-09-25,111.74922943115234,40.334716796875,41.875,58.31233596801758,73.37733459472656
2017-09-26,111.77535247802734,40.2347297668457,41.759742736816406,58.25446319580078,73.37733459472656
2017-09-27,112.3857192993164,40.211647033691406,41.72132873535156,58.36581802368164,73.37733459472656
2017-09-28,112.56883239746094,40.2808723449707,41.821224212646484,58.44060134887695,73.36128997802734
2017-09-29,112.93507385253906,40.542396545410156,42.05945587158203,58.76467514038086,73.39338684082031
2017-10-02,113.5279769897461,40.542396545410156,42.05945587158203,58.89761734008789,73.39656066894531
2017-10-03,113.75472259521484,40.75776290893555,42.29767990112305,59.15521240234375,73.39656066894531
2017-10-04,113.86805725097656,40.734676361083984,42.2669563293457,59.18014144897461,73.3805160522461
2017-10-05,114.4697036743164,40.71929931640625,42.28232192993164,59.354637145996094,73.39656066894531
2017-10-06,114.3912353515625,40.68852615356445,42.2285270690918,59.27986145019531,73.3805160522461
2017-10-09,114.16450500488281,40.65776443481445,42.22084426879883,59.19676208496094,73.3805160522461
2017-10-10,114.43482208251953,41.0346565246582,42.589717864990234,59.52081298828125,73.3805160522461
2017-10-11,114.59176635742188,41.15001678466797,42.78184509277344,59.68703079223633,73.3805160522461
2017-10-12,114.45225524902344,41.1654052734375,42.743404388427734,59.653778076171875,73.41265869140625
2017-10-13,114.5394515991211,41.41154098510742,43.02774429321289,59.819969177246094,73.41265869140625
2017-10-16,114.61792755126953,41.38847351074219,42.98164749145508,59.84489440917969,73.39656066894531
2017-10-17,114.67027282714844,41.27309799194336,42.866371154785156,59.819969177246094,73.41265869140625
2017-10-18,114.81848907470703,41.342315673828125,42.973960876464844,59.86152648925781,73.41265869140625
2017-10-19,114.84464263916016,41.21925354003906,42.79719543457031,59.7867317199707,73.41265869140625
2017-10-20,115.4637222290039,41.19617462158203,42.774147033691406,59.9279899597168,73.42870330810547
2017-10-23,114.97544860839844,41.057716369628906,42.65888977050781,59.69533157348633,73.41265869140625
2017-10-24,115.17597961425781,41.15001678466797,42.7357292175293,59.79507064819336,73.4447250366211
2017-10-25,114.5743408203125,41.0115852355957,42.58202362060547,59.55405807495117,73.4447250366211
2017-10-26,114.72256469726562,40.934669494628906,42.52055358886719,59.57068634033203,73.4447250366211
2017-10-27,115.65557098388672,41.13463592529297,42.68962097167969,59.8864631652832,73.4447250366211
2017-10-30,115.1498031616211,41.15771484375,42.712677001953125,59.81167984008789,73.42870330810547
2017-10-31,115.38524627685547,41.33462905883789,42.91248321533203,60.00278854370117,73.4447250366211
2017-11-01,115.48117065429688,41.43462371826172,43.050804138183594,60.13574981689453,73.45275115966797
2017-11-02,115.50731658935547,41.565372467041016,43.143028259277344,60.202213287353516,73.43671417236328
2017-11-03,115.8125,41.47307205200195,43.05849838256836,60.25206756591797,73.43671417236328
2017-11-06,116.03050231933594,41.62690734863281,43.204505920410156,60.40994644165039,73.45275115966797
2017-11-07,115.82991790771484,41.46537780761719,43.04312515258789,60.285308837890625,73.45275115966797
2017-11-08,116.02176666259766,41.61151885986328,43.204505920410156,60.41825866699219,73.45275115966797
2017-11-09,115.55096435546875,41.38077163696289,42.943214416503906,60.08588409423828,73.43671417236328
2017-11-10,115.56832885742188,41.27309799194336,42.827945709228516,60.03603744506836,73.45275115966797
2017-11-13,115.62938690185547,41.103885650634766,42.635833740234375,59.94462966918945,73.45275115966797
2017-11-14,115.42010498046875,41.04233932495117,42.589717864990234,59.85322189331055,73.45275115966797
2017-11-15,114.82717895507812,40.81159973144531,42.351470947265625,59.50423049926758,73.45275115966797
2017-11-16,115.87352752685547,41.26539993286133,42.83562469482422,60.077571868896484,73.46885681152344
2017-11-17,115.65557098388672,41.20386505126953,42.79719543457031,59.99447250366211,73.45275115966797
2017-11-20,115.9520034790039,41.28847885131836,42.866371154785156,60.08588409423828,73.46885681152344
2017-11-21,116.75420379638672,41.63459014892578,43.21219253540039,60.55952453613281,73.4848861694336
2017-11-22,116.66703796386719,41.76535415649414,43.33515548706055,60.64262008666992,73.4848861694336
2017-11-24,116.93730163574219,41.96533203125,43.56569290161133,60.86697006225586,73.46885681152344
2017-11-27,116.81526947021484,41.65766143798828,43.24293899536133,60.62602233886719,73.46885681152344
2017-11-28,117.97494506835938,41.888423919677734,43.50421905517578,61.09130096435547,73.5009765625
2017-11-29,117.97494506835938,41.63459014892578,43.204505920410156,60.90022659301758,73.4848861694336
2017-11-30,118.88177490234375,41.59614562988281,43.18145751953125,61.141170501708984,73.4848861694336
2017-12-01,118.6463623046875,41.480770111083984,43.11228942871094,61.00822448730469,73.48973083496094
2017-12-04,118.4893798828125,41.35769271850586,42.958580017089844,60.90022659301758,73.49772644042969
2017-12-05,117.98369598388672,41.303863525390625,42.8971061706543,60.70909118652344,73.50579833984375
2017-12-06,117.91388702392578,41.07311248779297,42.65118408203125,60.51795959472656,73.49772644042969
2017-12-07,118.38473510742188,41.15771484375,42.7587776184082,60.70909118652344,73.50579833984375
2017-12-08,119.00382232666016,41.442317962646484,43.02007293701172,61.06640625,73.51383972167969
2017-12-11,119.28285217285156,41.557674407958984,43.11228942871094,61.21596908569336,73.50579833984375
2017-12-12,119.41365814208984,41.54229736328125,43.096920013427734,61.23258972167969,73.51383972167969
2017-12-13,119.43109130859375,41.75766372680664,43.33515548706055,61.365543365478516,73.50579833984375
2017-12-14,118.87303924560547,41.549991607666016,43.135337829589844,61.09962463378906,73.51383972167969
2017-12-15,119.93685150146484,41.53460693359375,43.11228942871094,61.38216018676758,73.52190399169922
2017-12-18,120.76518249511719,42.0191764831543,43.604122161865234,61.955509185791016,73.52994537353516
2017-12-19,120.27689361572266,41.888423919677734,43.473480224609375,61.73968505859375,73.53153228759766
2017-12-20,120.2681655883789,41.86534118652344,43.46578598022461,61.697898864746094,73.53153228759766
2017-12-21,120.54244232177734,42.0538444519043,43.6822624206543,61.8735466003418,73.53153228759766
2017-12-22,120.49859619140625,42.177974700927734,43.81416320800781,61.98229217529297,73.5476303100586
2017-12-26,120.4021987915039,42.18572235107422,43.837432861328125,61.99063491821289,73.53958129882812
2017-12-27,120.4460678100586,42.27883529663086,43.9150276184082,62.032447814941406,73.5556640625
2017-12-28,120.70891571044922,42.395198822021484,43.99262237548828,62.216495513916016,73.5556640625
2017-12-29,120.26205444335938,42.449485778808594,44.07796096801758,62.1161003112793,73.53958129882812
2018-01-02,121.11199188232422,42.907188415527344,44.52022171020508,62.65982437133789,73.5476303100586
2018-01-03,121.81293487548828,43.17870330810547,44.83057403564453,63.08644104003906,73.56369018554688
2018-01-04,122.27738952636719,43.520042419433594,45.202999114990234,63.46282958984375,73.57174682617188
2018-01-05,122.995849609375,43.776039123535156,45.50558853149414,63.83087158203125,73.57174682617188
2018-01-08,123.27622985839844,43.78380584716797,45.48231506347656,63.897789001464844,73.57979583740234
2018-01-09,123.50405883789062,43.79930877685547,45.52111053466797,64.00652313232422,73.57979583740234
2018-01-10,123.31127166748047,43.667442321777344,45.365936279296875,63.79740524291992,73.57979583740234
2018-01-11,124.35401916503906,43.938934326171875,45.65300750732422,64.26585388183594,73.57174682617188
2018-01-12,125.08128356933594,44.35009002685547,46.09524917602539,64.77609252929688,73.59587860107422
2018-01-16,124.52928924560547,44.3190803527832,46.0487174987793,64.62552642822266,73.57979583740234
2018-01-17,125.67709350585938,44.65263748168945,46.36682891845703,65.13577270507812,73.59587860107422
2018-01-18,125.45804595947266,44.60610580444336,46.312503814697266,65.001953125,73.59587860107422
2018-01-19,126.10646057128906,44.80002975463867,46.52199172973633,65.34488677978516,73.60393524169922
2018-01-22,127.10539245605469,45.056034088134766,46.778045654296875,65.82164001464844,73.61200714111328
2018-01-23,127.42082977294922,45.226688385009766,46.96424865722656,66.00567626953125,73.61200714111328
2018-01-24,127.29815673828125,45.42064666748047,47.165985107421875,66.11444091796875,73.62002563476562
2018-01-25,127.3507308959961,45.25774002075195,46.99528503417969,66.0140609741211,73.62002563476562
2018-01-26,128.68260192871094,45.684391021728516,47.46082305908203,66.69156646728516,73.63613891601562
2018-01-29,127.84138488769531,45.19567108154297,46.97201156616211,66.1395492553711,73.62002563476562
2018-01-30,126.5094985961914,44.784515380859375,46.52975845336914,65.46199035644531,73.62812042236328
2018-01-31,126.5533676147461,44.869850158691406,46.59959411621094,65.52053833007812,73.63613891601562
2018-02-01,126.50076293945312,44.8310661315918,46.560787200927734,65.47035217285156,73.63292694091797
2018-02-02,123.81073760986328,43.80706787109375,45.54439163208008,64.04000091552734,73.64095306396484
2018-02-05,118.93893432617188,42.154720306396484,43.71330642700195,61.58077621459961,73.63292694091797
2018-02-06,120.88417053222656,43.031307220458984,44.76850128173828,62.86891555786133,73.64095306396484
2018-02-07,120.34963989257812,42.240028381347656,43.961578369140625,62.06591796875,73.6490249633789
2018-02-08,116.0210952758789,41.1074333190918,42.75120544433594,60.10024642944336,73.64095306396484
2018-02-09,117.6158218383789,41.4720344543457,43.15465545654297,60.73594284057617,73.6570816040039
2018-02-12,119.18425750732422,42.04608917236328,43.759849548339844,61.63933181762695,73.6570816040039
2018-02-13,119.56106567382812,42.06936264038086,43.759849548339844,61.681156158447266,73.6570816040039
2018-02-14,121.23462677001953,42.85288619995117,44.543495178222656,62.65982437133789,73.6570816040039
2018-02-15,122.71544647216797,43.27178955078125,44.93919372558594,63.35408401489258,73.66511535644531
2018-02-16,122.76805114746094,43.32610321044922,45.00126647949219,63.4042854309082,73.67312622070312
2018-02-20,122.03199768066406,42.922706604003906,44.512454986572266,62.92748260498047,73.67312622070312
2018-02-21,121.46248626708984,42.77531433105469,44.40383529663086,62.693267822265625,73.66511535644531
2018-02-22,121.54132080078125,42.914947509765625,44.605567932128906,62.80202865600586,73.67312622070312
2018-02-23,123.4251937866211,43.395912170410156,45.0943717956543,63.64685821533203,73.68930053710938
2018-02-26,124.7220458984375,43.73725509643555,45.435760498046875,64.24073791503906,73.67312622070312
2018-02-27,123.15357208251953,42.99252700805664,44.659881591796875,63.345706939697266,73.68930053710938
2018-02-28,121.79539489746094,42.48828125,44.15555191040039,62.609622955322266,73.6972885131836
2018-03-01,120.34963989257812,42.01505661010742,43.697792053222656,61.86518096923828,73.7045669555664
2018-03-02,121.1295394897461,42.177974700927734,43.821922302246094,62.15794372558594,73.71265411376953
2018-03-05,122.49644470214844,42.348636627197266,44.00038528442383,62.65982437133789,73.71265411376953
2018-03-06,122.94328308105469,42.66669845581055,44.33401107788086,63.02786636352539,73.71265411376953
2018-03-07,123.04845428466797,42.612403869628906,44.287452697753906,62.95258331298828,73.71265411376953
2018-03-08,123.51287841796875,42.70549011230469,44.380558013916016,63.195159912109375,73.7045669555664
2018-03-09,125.56322479248047,43.1244010925293,44.799537658691406,63.989803314208984,73.72071075439453
2018-03-12,125.49310302734375,43.186466217041016,44.877132415771484,64.05671691894531,73.72875213623047
2018-03-13,124.71324157714844,42.876155853271484,44.55901336669922,63.61339569091797,73.72875213623047
2018-03-14,124.08236694335938,42.96925354003906,44.675392150878906,63.54646301269531,73.72875213623047
2018-03-15,123.9158935546875,42.922706604003906,44.61332702636719,63.446109771728516,73.72071075439453
2018-03-16,124.1261978149414,42.837371826171875,44.527976989746094,63.454471588134766,73.73681640625
2018-03-19,122.53145599365234,42.48051452636719,44.14003372192383,62.78529739379883,73.73681640625
2018-03-20,122.71544647216797,42.5736083984375,44.279693603515625,62.93586349487305,73.72875213623047
2018-03-21,122.61031341552734,42.70549011230469,44.40383529663086,62.98605728149414,73.74490356445312
2018-03-22,119.60673522949219,41.77458572387695,43.44173049926758,61.51385498046875,73.75296020507812
2018-03-23,117.09934997558594,41.285858154296875,42.9451789855957,60.47663879394531,73.76102447509766
2018-03-26,120.18739318847656,42.13859176635742,43.825740814208984,61.90119934082031,73.75296020507812
2018-03-27,118.05831909179688,41.695098876953125,43.351226806640625,61.078529357910156,73.76908874511719
2018-03-28,117.78559875488281,41.81181335449219,43.49903106689453,61.0533332824707,73.77711486816406
2018-03-29,119.4043960571289,42.301963806152344,43.98908996582031,61.80883026123047,73.79328155517578
2018-04-02,116.68587493896484,41.64842224121094,43.304561614990234,60.58324432373047,73.78924560546875
2018-04-03,118.13748168945312,41.998538970947266,43.70906066894531,61.22124481201172,73.78113555908203
2018-04-04,119.46595764160156,42.06855392456055,43.7790641784668,61.70808029174805,73.79727935791016
2018-04-05,120.3017807006836,42.34865188598633,44.06687927246094,62.03548049926758,73.80535888671875
2018-04-06,117.7767562866211,41.92074203491211,43.60792922973633,61.03654861450195,73.80535888671875
2018-04-09,118.17267608642578,42.200828552246094,43.93463897705078,61.40593719482422,73.81341552734375
2018-04-10,120.09059143066406,42.7143440246582,44.455810546875,62.31254196166992,73.80535888671875
2018-04-11,119.53634643554688,42.605403900146484,44.32357406616211,62.02710723876953,73.821533203125
2018-04-12,120.50411987304688,42.7143440246582,44.44804763793945,62.3964729309082,73.821533203125
2018-04-13,120.16100311279297,42.6209716796875,44.378028869628906,62.228572845458984,73.821533203125
2018-04-16,121.16398620605469,42.7143440246582,44.46358108520508,62.547569274902344,73.83763885498047
2018-04-17,122.43965911865234,42.908851623535156,44.65807342529297,63.05124282836914,73.83763885498047
2018-04-18,122.60681915283203,43.142250061035156,44.91476821899414,63.294673919677734,73.82955169677734
2018-04-19,121.93815612792969,42.924400329589844,44.720298767089844,62.88334274291992,73.845703125
2018-04-20,120.97040557861328,42.70656204223633,44.44025802612305,62.472023010253906,73.845703125
2018-04-23,120.92644500732422,42.574283599853516,44.30801773071289,62.3964729309082,73.845703125
2018-04-24,119.47480773925781,42.3875617980957,44.12132263183594,61.88438034057617,73.85379028320312
2018-04-25,119.60673522949219,42.27084732055664,43.98131561279297,61.85920715332031,73.86180114746094
2018-04-26,120.7416763305664,42.605403900146484,44.30023956298828,62.37968826293945,73.86992645263672
2018-04-27,120.82086181640625,42.69877243041992,44.40914535522461,62.48881530761719,73.87799072265625
2018-04-30,119.9410400390625,42.54316329956055,44.19133377075195,62.069087982177734,73.86992645263672
2018-05-01,120.12581634521484,42.3875617980957,44.0902214050293,62.03548049926758,73.87555694580078
2018-05-02,119.43074035644531,42.301963806152344,43.973533630371094,61.80046463012695,73.88365936279297
2018-05-03,119.10526275634766,42.36421585083008,44.06687927246094,61.7752571105957,73.88365936279297
2018-05-04,120.64488983154297,42.51983642578125,44.1991081237793,62.30412673950195,73.89981842041016
2018-05-07,121.17273712158203,42.46536636352539,44.12910461425781,62.3964729309082,73.89981842041016
2018-05-08,121.21673583984375,42.4964714050293,44.24578857421875,62.40486526489258,73.90788269042969
2018-05-09,122.3604965209961,42.613189697265625,44.29246139526367,62.78264236450195,73.90788269042969
2018-05-10,123.42500305175781,43.01778030395508,44.75141143798828,63.36184310913086,73.90788269042969
2018-05-11,123.67135620117188,43.10335159301758,44.805850982666016,63.49613571166992,73.90788269042969
2018-05-14,123.73290252685547,43.173362731933594,44.852542877197266,63.588470458984375,73.90788269042969
2018-05-15,122.98507690429688,42.7376823425293,44.43247985839844,63.01763916015625,73.9240493774414
2018-05-16,123.5833969116211,42.95551300048828,44.65028381347656,63.336669921875,73.93208312988281
2018-05-17,123.61853790283203,42.854373931884766,44.54916763305664,63.319854736328125,73.93208312988281
2018-05-18,123.34581756591797,42.63653564453125,44.354698181152344,63.110023498535156,73.94021606445312
2018-05-21,124.26959991455078,42.916622161865234,44.65028381347656,63.47096252441406,73.94021606445312
2018-05-22,123.81209564208984,42.908851623535156,44.63473129272461,63.4122200012207,73.94021606445312
2018-05-23,124.1376724243164,42.574283599853516,44.253562927246094,63.22752380371094,73.94828796386719
2018-05-24,123.93528747558594,42.36421585083008,44.097991943359375,63.11839294433594,73.96444702148438
2018-05-25,123.69772338867188,42.20860290527344,43.93463897705078,62.908512115478516,73.9725341796875
2018-05-29,122.47486877441406,41.36832046508789,43.071189880371094,61.934776306152344,73.9725341796875
2018-05-30,124.0584487915039,41.86627960205078,43.63127136230469,62.74064636230469,73.96444702148438
2018-05-31,123.20500946044922,41.695098876953125,43.4679069519043,62.42163848876953,73.98062133789062
2018-06-01,124.48953247070312,42.08412170410156,43.8646354675293,63.02606201171875,73.9854736328125
2018-06-04,125.0701904296875,42.27864074707031,44.027984619140625,63.345035552978516,73.99356842041016
2018-06-05,125.2549057006836,42.177494049072266,43.93463897705078,63.32827377319336,73.99356842041016
2018-06-06,126.36344909667969,42.574283599853516,44.38580322265625,63.88229751586914,73.9854736328125
2018-06-07,126.17871856689453,42.27084732055664,44.03575897216797,63.664031982421875,73.99356842041016
2018-06-08,126.60983276367188,42.294193267822266,44.097991943359375,63.806758880615234,74.00973510742188
2018-06-11,126.79457092285156,42.48870086669922,44.29246139526367,63.96622848510742,74.01783752441406
2018-06-12,127.0584945678711,42.301963806152344,44.10577392578125,63.89908981323242,74.01783752441406
2018-06-13,126.58345031738281,42.23194885253906,44.07465362548828,63.70602035522461,74.00973510742188
2018-06-14,126.94412994384766,42.123016357421875,43.91130828857422,63.773155212402344,74.03399658203125
2018-06-15,126.8209457397461,41.86627960205078,43.61571502685547,63.504539489746094,74.03399658203125
2018-06-18,126.68020629882812,41.562835693359375,43.273433685302734,63.20235061645508,74.02593994140625
2018-06-19,126.2579116821289,41.13491439819336,42.822269439697266,62.77421569824219,74.04208374023438
2018-06-20,126.5482406616211,41.19716262817383,42.94672775268555,62.99248123168945,74.03399658203125
2018-06-21,125.67724609375,40.86259460449219,42.54999923706055,62.472023010253906,74.04208374023438
2018-06-22,125.85660552978516,41.329429626464844,43.00062561035156,62.8449821472168,74.05016326904297
2018-06-25,124.08956146240234,40.715389251708984,42.41081619262695,61.94850540161133,74.06632995605469
2018-06-26,124.37230682373047,40.74687194824219,42.46586990356445,62.01615905761719,74.0582504272461
2018-06-27,123.21489715576172,40.25880432128906,41.938968658447266,61.432640075683594,74.0744400024414
2018-06-28,123.98356628417969,40.45561218261719,42.151302337646484,61.74555969238281,74.0744400024414
2018-06-29,124.07191467285156,40.809844970703125,42.54450988769531,62.050018310546875,74.09062194824219
2018-07-02,124.37230682373047,40.4162483215332,42.096248626708984,61.83013153076172,74.08008575439453
2018-07-03,124.05424499511719,40.52645492553711,42.19062042236328,61.7624626159668,74.09630584716797
2018-07-05,125.1055679321289,40.78623962402344,42.46586990356445,62.252986907958984,74.09630584716797
2018-07-06,126.15697479248047,41.061763763427734,42.69392013549805,62.65045928955078,74.11248779296875
2018-07-09,127.30554962158203,41.51049041748047,43.15004348754883,63.27629852294922,74.11248779296875
2018-07-10,127.63249206542969,41.51049041748047,43.15004348754883,63.38621520996094,74.1206283569336
2018-07-11,126.7224349975586,40.809844970703125,42.4422721862793,62.684295654296875,74.1206283569336
2018-07-12,127.76500701904297,41.16410446166992,42.80402755737305,63.1748161315918,74.1206283569336
2018-07-13,127.84449768066406,41.297935485839844,42.93770217895508,63.25093460083008,74.12873840332031
2018-07-16,127.64128112792969,41.242835998535156,42.8511962890625,63.16634750366211,74.13676452636719
2018-07-17,128.22439575195312,41.33728790283203,42.99275588989258,63.4116096496582,74.13676452636719
2018-07-18,128.50711059570312,41.36091232299805,42.984893798828125,63.453895568847656,74.14491271972656
2018-07-19,128.19793701171875,41.14837646484375,42.764705657958984,63.21707534790039,74.15302276611328
2018-07-20,127.96819305419922,41.4632568359375,43.094993591308594,63.33547592163086,74.1611099243164
2018-07-23,128.1714324951172,41.3687858581543,42.95344161987305,63.33547592163086,74.15302276611328
2018-07-24,128.45413208007812,41.675811767578125,43.275856018066406,63.61456298828125,74.16919708251953
2018-07-25,129.5496826171875,42.07729721069336,43.72411346435547,64.27423095703125,74.1611099243164
2018-07-26,129.33767700195312,41.88048553466797,43.496070861816406,64.00360870361328,74.16919708251953
2018-07-27,128.3039093017578,41.982826232910156,43.55896759033203,63.80908966064453,74.18541717529297
2018-07-30,127.46459197998047,41.92771911621094,43.582557678222656,63.589195251464844,74.17730712890625
2018-07-31,128.1890869140625,41.990692138671875,43.62974548339844,63.83446502685547,74.19351196289062
2018-08-01,128.0388946533203,41.809627532958984,43.433143615722656,63.60609817504883,74.19758605957031
2018-08-02,128.7987060546875,41.43964767456055,43.10285186767578,63.61456298828125,74.20569610595703
2018-08-03,129.23165893554688,41.5892219543457,43.20508575439453,63.83446502685547,74.20569610595703
2018-08-06,129.8147735595703,41.38453674316406,43.01634216308594,63.83446502685547,74.21379089355469
2018-08-07,130.23883056640625,41.667938232421875,43.26013946533203,64.07970428466797,74.22189331054688
2018-08-08,130.1151580810547,41.65217971801758,43.268001556396484,64.03744506835938,74.21379089355469
2018-08-09,130.02674865722656,41.52623748779297,43.15004348754883,63.893680572509766,74.22189331054688
2018-08-10,129.21397399902344,40.715389251708984,42.332191467285156,63.1748161315918,74.23816680908203
2018-08-13,128.7191925048828,40.44773864746094,42.00973892211914,62.836517333984375,74.2462158203125
2018-08-14,129.56732177734375,40.557945251464844,42.0883903503418,63.132530212402344,74.23006439208984
2018-08-15,128.54246520996094,39.83369827270508,41.40422439575195,62.43058395385742,74.2462158203125
2018-08-16,129.5496826171875,40.06987380981445,41.64800262451172,62.9041862487793,74.2462158203125
2018-08-17,130.02674865722656,40.3375129699707,41.92326354980469,63.18326950073242,74.25436401367188
2018-08-20,130.27418518066406,40.57368850708008,42.11198806762695,63.428524017333984,74.25436401367188
2018-08-21,130.76011657714844,40.84135055541992,42.41868591308594,63.682247161865234,74.26249694824219
2018-08-22,130.80429077148438,41.0460205078125,42.63887023925781,63.851375579833984,74.26249694824219
2018-08-23,130.54803466796875,40.67603302001953,42.237815856933594,63.55537414550781,74.28683471679688
2018-08-24,131.3609161376953,41.02240753173828,42.631004333496094,64.01207733154297,74.28683471679688
2018-08-27,132.3062286376953,41.581336975097656,43.18936538696289,64.68862915039062,74.29492950439453
2018-08-28,132.3857879638672,41.48686599731445,43.1107177734375,64.63788604736328,74.29492950439453
2018-08-29,133.08372497558594,41.69942855834961,43.30733108520508,64.94230651855469,74.28683471679688
2018-08-30,132.5359344482422,41.16410446166992,42.764705657958984,64.40107727050781,74.31928253173828
2018-08-31,132.5889892578125,41.00666427612305,42.583831787109375,64.3841781616211,74.3111572265625
2018-09-04,132.4034881591797,40.510719299316406,42.072662353515625,63.97821807861328,74.31768035888672
2018-09-05,131.9705352783203,40.10920333862305,41.687320709228516,63.55537414550781,74.30951690673828
2018-09-06,131.5729217529297,40.030494689941406,41.600830078125,63.420047760009766,74.32577514648438
2018-09-07,131.27259826660156,39.77072525024414,41.301979064941406,63.132530212402344,74.34203338623047
2018-09-10,131.55526733398438,39.84943771362305,41.34917449951172,63.28474426269531,74.34203338623047
2018-09-11,131.99700927734375,39.896671295166016,41.412086486816406,63.4116096496582,74.35016632080078
2018-09-12,132.005859375,40.085601806640625,41.569374084472656,63.529998779296875,74.35016632080078
2018-09-13,132.66848754882812,40.40836715698242,41.938968658447266,63.92749786376953,74.35016632080078
2018-09-14,132.7744903564453,40.471343994140625,41.93111801147461,63.96977615356445,74.35829162597656
2018-09-17,131.93515014648438,40.40049743652344,41.89965057373047,63.741458892822266,74.3745346069336
2018-09-18,132.64199829101562,40.82561111450195,42.32430648803711,64.18965911865234,74.3745346069336
2018-09-19,132.65965270996094,41.038150787353516,42.56809997558594,64.35035705566406,74.3745346069336
2018-09-20,133.68453979492188,41.494747161865234,43.00849151611328,64.9508056640625,74.39080047607422
2018-09-21,133.552001953125,41.52623748779297,43.03208541870117,64.93388366699219,74.39080047607422
2018-09-24,133.06607055664062,41.297935485839844,42.764705657958984,64.64636993408203,74.39891052246094
2018-09-25,132.99539184570312,41.494747161865234,43.00849151611328,64.73092651367188,74.39891052246094
2018-09-26,132.48297119140625,41.529571533203125,43.03062057495117,64.62216186523438,74.39891052246094
2018-09-27,132.79222106933594,41.47417068481445,42.98319625854492,64.67314910888672,74.41516876220703
2018-09-28,132.84896850585938,41.18928527832031,42.674991607666016,64.4352035522461,74.41516876220703
2018-10-01,133.05319213867188,41.300071716308594,42.74611282348633,64.63915252685547,74.42007446289062
2018-10-02,132.85789489746094,40.991451263427734,42.48532485961914,64.33324432373047,74.42817687988281
2018-10-03,133.0354461669922,40.87274932861328,42.3272705078125,64.33324432373047,74.42817687988281
2018-10-04,131.9080047607422,40.27924728393555,41.742454528808594,63.62796401977539,74.4444580078125
2018-10-05,131.05581665039062,40.073490142822266,41.52118682861328,63.245582580566406,74.45259094238281
2018-10-08,130.9581298828125,39.946876525878906,41.36313247680664,63.10962677001953,74.45259094238281
2018-10-09,130.72732543945312,39.8044319152832,41.22086715698242,62.9566650390625,74.4444580078125
2018-10-10,126.5638427734375,38.87857437133789,40.22512435913086,61.172237396240234,74.46074676513672
2018-10-11,123.86518096923828,38.380027770996094,39.687740325927734,60.10158157348633,74.4688949584961
2018-10-12,125.49859619140625,38.72821807861328,40.05917739868164,60.7813835144043,74.4688949584961
2018-10-15,124.93932342529297,38.60159683227539,39.893211364746094,60.526451110839844,74.47702026367188
2018-10-16,127.69123840332031,39.313804626464844,40.65977478027344,61.724586486816406,74.48516845703125
2018-10-17,127.65575408935547,39.00517654418945,40.319950103759766,61.4781379699707,74.48516845703125
2018-10-18,125.80928802490234,38.30881118774414,39.648231506347656,60.526451110839844,74.48516845703125
2018-10-19,125.4808578491211,38.53829574584961,39.87741470336914,60.5859260559082,74.49329376220703
2018-10-22,124.98368835449219,38.47499465942383,39.814170837402344,60.41596984863281,74.50959014892578
2018-10-23,124.24687194824219,38.11097717285156,39.39534378051758,59.9996223449707,74.50959014892578
2018-10-24,120.38528442382812,37.01891326904297,38.296852111816406,58.16417694091797,74.51770782470703
2018-10-25,122.64896392822266,37.50162887573242,38.78683090209961,59.132877349853516,74.5258560180664
2018-10-26,120.52728271484375,37.193016052246094,38.46280288696289,58.41061019897461,74.53399658203125
2018-10-29,119.86149597167969,36.91604995727539,38.24152374267578,58.011226654052734,74.53399658203125
2018-10-30,121.73461151123047,37.45415496826172,38.699886322021484,58.86098098754883,74.53399658203125
2018-10-31,123.00402069091797,37.770694732666016,39.02390670776367,59.39630889892578,74.54215240478516
2018-11-01,124.39779663085938,38.42750930786133,39.73515319824219,60.33100891113281,74.55848693847656
2018-11-02,123.89179229736328,38.490814208984375,39.95643615722656,60.20353317260742,74.55848693847656
2018-11-05,124.49546813964844,38.5224609375,39.964332580566406,60.364994049072266,74.56661224365234
2018-11-06,125.20561981201172,38.68073654174805,40.051273345947266,60.67091369628906,74.56661224365234
2018-11-07,127.76229858398438,39.18718719482422,40.588653564453125,61.716060638427734,74.57474517822266
2018-11-08,127.51372528076172,38.69656753540039,40.13029098510742,61.22323989868164,74.58291625976562
2018-11-09,126.20877075195312,38.3404655456543,39.711448669433594,60.73887634277344,74.59921264648438
2018-11-12,123.7852554321289,37.731136322021484,39.079219818115234,59.668209075927734,74.59104919433594
2018-11-13,123.60770416259766,37.9289665222168,39.284698486328125,59.76168441772461,74.59921264648438
2018-11-14,122.7022476196289,38.02392578125,39.40324020385742,59.5577392578125,74.59104919433594
2018-11-15,124.08708953857422,38.30881118774414,39.687740325927734,60.0845947265625,74.61553192138672
2018-11-16,124.3533935546875,38.372108459472656,39.687740325927734,60.20353317260742,74.62362670898438
2018-11-19,122.19623565673828,38.000179290771484,39.34791946411133,59.379302978515625,74.61553192138672
2018-11-20,120.02127838134766,37.28005599975586,38.549739837646484,58.29164123535156,74.63179779052734
2018-11-21,120.6072006225586,37.84983444213867,39.1424446105957,58.83547592163086,74.64810943603516
2018-11-23,119.95915222167969,37.5649528503418,38.897457122802734,58.46160125732422,74.64810943603516
2018-11-26,121.82340240478516,38.11097717285156,39.41114044189453,59.31132888793945,74.65625
2018-11-27,121.9742660522461,38.071407318115234,39.316307067871094,59.3198127746582,74.65625
2018-11-28,124.81503295898438,38.664920806884766,39.995948791503906,60.45846176147461,74.6644058227539
2018-11-29,124.58421325683594,38.45124053955078,39.79836654663086,60.305511474609375,74.67256164550781
2018-11-30,125.4808578491211,38.32463073730469,39.679832458496094,60.42445373535156,74.68070220947266
2018-12-03,126.94556427001953,38.91814041137695,40.24882888793945,61.248714447021484,74.67826080322266
2018-12-04,122.79987335205078,37.944793701171875,39.26889419555664,59.44728469848633,74.68645477294922
2018-12-06,122.64896392822266,37.6124267578125,38.944881439208984,59.1413688659668,74.70277404785156
2018-12-07,119.75493621826172,37.145530700683594,38.4390983581543,58.053714752197266,74.71094512939453
2018-12-10,119.88811492919922,36.83690643310547,38.107181549072266,57.92627716064453,74.71908569335938
2018-12-11,119.86149597167969,36.979347229003906,38.2336311340332,57.95176315307617,74.71094512939453
2018-12-12,120.54505157470703,37.53328323364258,38.83424377441406,58.58054733276367,74.72728729248047
2018-12-13,120.25212097167969,37.477901458740234,38.77892303466797,58.4700813293457,74.73542022705078
2018-12-14,118.17481231689453,36.979347229003906,38.24152374267578,57.55238723754883,74.74360656738281
2018-12-17,115.65362548828125,36.66281509399414,37.91751480102539,56.60067367553711,74.75177001953125
2018-12-18,115.61812591552734,36.72612762451172,37.964927673339844,56.677146911621094,74.75177001953125
2018-12-19,113.8426742553711,36.330448150634766,37.530277252197266,55.94639587402344,74.74359130859375
2018-12-20,112.00505828857422,36.27505111694336,37.482852935791016,55.35157012939453,74.75993347167969
2018-12-21,109.62596130371094,35.6973762512207,36.905967712402344,54.39137649536133,74.77633666992188
2018-12-24,106.88550567626953,35.35051727294922,36.51935958862305,53.371551513671875,74.78446960449219
2018-12-26,112.02885437011719,36.165733337402344,37.413970947265625,55.35811233520508,74.77633666992188
2018-12-27,113.03787994384766,36.2056999206543,37.421966552734375,55.666378021240234,74.80082702636719
2018-12-28,112.89500427246094,36.405517578125,37.629642486572266,55.72630310058594,74.80904388427734
2018-12-31,113.96656036376953,36.42948532104492,37.71749496459961,56.05168914794922,74.81723022460938
2019-01-02,114.05583953857422,36.3895263671875,37.64561080932617,55.983177185058594,74.80904388427734
2019-01-03,111.41272735595703,36.029869079589844,37.22228240966797,55.10979461669922,74.83355712890625
2019-01-04,115.1006088256836,37.14081573486328,38.43638610839844,56.8994026184082,74.84175872802734
2019-01-07,116.26141357421875,37.26070785522461,38.556217193603516,57.25048065185547,74.84175872802734
2019-01-08,117.45793914794922,37.49248504638672,38.835758209228516,57.71286392211914,74.84175872802734
2019-01-09,118.01158142089844,37.99600601196289,39.35496139526367,58.252288818359375,74.84175872802734
2019-01-10,118.59201049804688,38.123878479003906,39.48276901245117,58.51777267456055,74.84992980957031
2019-01-11,118.6187973022461,37.940059661865234,39.227169036865234,58.29512405395508,74.86630249023438
2019-01-14,117.86873626708984,37.692291259765625,39.05942916870117,57.97830581665039,74.85807800292969
2019-01-15,119.15457153320312,37.924072265625,39.30704116821289,58.50062561035156,74.87450408935547
2019-01-16,119.49385833740234,38.115882873535156,39.466793060302734,58.697574615478516,74.88263702392578
2019-01-17,120.4582290649414,38.23577117919922,39.642520904541016,59.03150939941406,74.8990249633789
2019-01-18,122.02088928222656,38.619415283203125,39.96201705932617,59.673709869384766,74.8990249633789
2019-01-22,120.35111999511719,37.99600601196289,39.35496139526367,58.82600784301758,74.90718841552734
2019-01-23,120.47610473632812,38.18782424926758,39.5945930480957,58.9630012512207,74.90718841552734
2019-01-24,120.72612762451172,38.30771255493164,39.738365173339844,59.14284133911133,74.9317398071289
2019-01-25,121.86016845703125,38.779258728027344,40.17768859863281,59.74223709106445,74.9235610961914
2019-01-28,120.96723937988281,38.49951934814453,39.96201705932617,59.35690689086914,74.9317398071289
2019-01-29,120.797607421875,38.627410888671875,40.041893005371094,59.391151428222656,74.9317398071289
2019-01-30,122.61919403076172,39.11494445800781,40.521156311035156,60.23030090332031,74.94806671142578
2019-01-31,123.69966125488281,39.1868782043457,40.6090202331543,60.530006408691406,74.94806671142578
2019-02-01,123.87828826904297,39.1069450378418,40.545127868652344,60.5385627746582,74.95545959472656
2019-02-04,124.76223754882812,39.26679229736328,40.680912017822266,60.855384826660156,74.96366119384766
2019-02-05,125.2801742553711,39.61046600341797,41.04035568237305,61.27495574951172,74.96366119384766
2019-02-06,125.1551742553711,39.338722229003906,40.75279235839844,61.01808547973633,74.98007202148438
2019-02-07,123.9675521850586,38.85118103027344,40.21763229370117,60.42723846435547,74.98007202148438
2019-02-08,124.09255981445312,38.715328216552734,40.06587219238281,60.31593322753906,74.99642944335938
2019-02-11,124.35149383544922,38.61143112182617,39.98598098754883,60.31593322753906,74.98828125
2019-02-12,125.90524291992188,39.03502655029297,40.409332275390625,61.05230712890625,75.00465393066406
2019-02-13,126.29814910888672,38.97908401489258,40.353424072265625,61.07801055908203,75.00465393066406
2019-02-14,126.07485961914062,39.003047943115234,40.369388580322266,61.06947708129883,75.02107238769531
2019-02-15,127.45895385742188,39.40266036987305,40.77676010131836,61.73733901977539,75.02107238769531
2019-02-19,127.70895385742188,39.59449005126953,40.992431640625,61.8914680480957,75.03743743896484
2019-02-20,127.97685241699219,39.80228805541992,41.18413162231445,62.122676849365234,75.03743743896484
2019-02-21,127.53935241699219,39.69040298461914,41.056339263916016,61.8914680480957,75.04563903808594
2019-02-22,128.3787078857422,39.906192779541016,41.311927795410156,62.285369873046875,75.06204986572266
2019-02-25,128.5662078857422,40.07402801513672,41.49563980102539,62.44805145263672,75.05381774902344
2019-02-26,128.32513427734375,40.201908111572266,41.63942337036133,62.516544342041016,75.06204986572266
2019-02-27,128.36973571777344,40.02607727050781,41.439727783203125,62.439483642578125,75.07022094726562
2019-02-28,128.1018829345703,39.82627487182617,41.27199172973633,62.233978271484375,75.08660888671875
2019-03-01,128.95909118652344,40.02607727050781,41.38381576538086,62.550811767578125,75.09478759765625
2019-03-04,128.36085510253906,39.93017578125,41.33589553833008,62.3624382019043,75.08661651611328
2019-03-05,128.11973571777344,40.0340690612793,41.415775299072266,62.44805145263672,75.09478759765625
2019-03-06,127.14643096923828,39.9141845703125,41.27997970581055,62.0712890625,75.10304260253906
2019-03-07,126.15523529052734,39.36270523071289,40.72883987426758,61.411983489990234,75.11944580078125
2019-03-08,125.89634704589844,39.274784088134766,40.6409797668457,61.24929428100586,75.127685546875
2019-03-11,127.74469757080078,39.7143669128418,41.12023162841797,62.0712890625,75.127685546875
2019-03-12,128.1732940673828,39.77031707763672,41.18413162231445,62.22542190551758,75.13587188720703
2019-03-13,128.99485778808594,40.0340690612793,41.439727783203125,62.5850715637207,75.14408111572266
2019-03-14,128.8876495361328,39.96213912963867,41.375823974609375,62.507999420166016,75.14408111572266
2019-03-15,129.4859619140625,40.3857307434082,41.79916763305664,62.99607849121094,75.15229034423828
2019-03-18,129.96810913085938,40.64149475097656,42.03880310058594,63.27863311767578,75.1605224609375
2019-03-19,129.94137573242188,40.713417053222656,42.0787353515625,63.287200927734375,75.1605224609375
2019-03-20,129.4055938720703,40.681461334228516,42.086727142333984,63.1844482421875,75.1605224609375
2019-03-21,130.92355346679688,40.705440521240234,42.0947151184082,63.56119918823242,75.18515014648438
2019-03-22,128.19119262695312,39.82627487182617,41.19212341308594,62.26824188232422,75.18515014648438
2019-03-25,128.10317993164062,39.90568923950195,41.22897720336914,62.251895904541016,75.18515014648438
2019-03-26,129.09071350097656,40.13026809692383,41.46937942504883,62.62152099609375,75.193359375
2019-03-27,128.4981689453125,40.017974853515625,41.341163635253906,62.389442443847656,75.20159912109375
2019-03-28,129.0637664794922,40.04204177856445,41.36519241333008,62.56135559082031,75.21798706054688
2019-03-29,129.91668701171875,40.226531982421875,41.58958435058594,62.89659881591797,75.21798706054688
2019-04-01,131.42494201660156,40.77999496459961,42.12648010253906,63.704612731933594,75.23114013671875
2019-04-02,131.4159698486328,40.77197265625,42.16654968261719,63.69603729248047,75.22291564941406
2019-04-03,131.7301788330078,41.06876754760742,42.43098449707031,63.96250534057617,75.23114013671875
2019-04-04,132.00848388671875,41.060733795166016,42.4710578918457,64.04846954345703,75.255859375
2019-04-05,132.67282104492188,41.221153259277344,42.5832405090332,64.30632781982422,75.255859375
2019-04-08,132.78953552246094,41.221153259277344,42.57522964477539,64.38368225097656,75.255859375
2019-04-09,131.99057006835938,41.044700622558594,42.438995361328125,64.03984832763672,75.26406860351562
2019-04-10,132.60101318359375,41.21315383911133,42.56720733642578,64.30632781982422,75.26406860351562
2019-04-11,132.59207153320312,41.044700622558594,42.42296600341797,64.19459533691406,75.2887191772461
2019-04-12,133.48081970214844,41.31741714477539,42.74351119995117,64.65015411376953,75.2887191772461
2019-04-15,133.3731231689453,41.28532791137695,42.70343017578125,64.54701232910156,75.29698181152344
2019-04-16,133.4089813232422,41.429718017578125,42.863712310791016,64.69316101074219,75.29698181152344
2019-04-17,132.91525268554688,41.493873596191406,42.91178894042969,64.61577606201172,75.3134536743164
2019-04-18,133.11276245117188,41.47784423828125,42.879730224609375,64.66737365722656,75.32169342041016
2019-04-22,133.14865112304688,41.39763641357422,42.79960250854492,64.60718536376953,75.32169342041016
2019-04-23,134.48631286621094,41.485870361328125,42.903778076171875,65.0197982788086,75.32169342041016
2019-04-24,134.30679321289062,41.076778411865234,42.495094299316406,64.66737365722656,75.33812713623047
2019-04-25,134.0823974609375,41.028656005859375,42.42296600341797,64.62440490722656,75.35456848144531
2019-04-26,134.80953979492188,41.2452278137207,42.64735412597656,64.93384552001953,75.34632873535156
2019-04-29,135.00706481933594,41.36554718017578,42.75152587890625,65.0197982788086,75.35456848144531
2019-04-30,135.0160675048828,41.373558044433594,42.74351119995117,65.07996368408203,75.36277770996094
2019-05-01,134.01052856445312,41.08479690551758,42.51913070678711,64.65880584716797,75.36608123779297
2019-05-02,133.78610229492188,41.06876754760742,42.455039978027344,64.564208984375,75.37433624267578
2019-05-03,135.2314910888672,41.50190353393555,42.88775634765625,65.18311309814453,75.38258361816406
2019-05-06,134.8005828857422,41.01261520385742,42.366878509521484,64.7275390625,75.39083862304688
2019-05-07,132.47531127929688,40.31475830078125,41.64567947387695,63.65302658081055,75.39907836914062
2019-05-08,132.2598876953125,40.30673599243164,41.68574523925781,63.64444351196289,75.39907836914062
2019-05-09,131.8379364013672,39.99391555786133,41.349185943603516,63.27481460571289,75.40731048583984
2019-05-10,132.44842529296875,40.266639709472656,41.653690338134766,63.58428192138672,75.42378234863281
2019-05-13,129.0997314453125,39.27200698852539,40.611942291259766,61.98543167114258,75.41556549072266
2019-05-14,130.26683044433594,39.657020568847656,41.020633697509766,62.630126953125,75.42378234863281
2019-05-15,131.0388946533203,39.79338455200195,41.148841857910156,62.92238998413086,75.43201446533203
2019-05-16,132.2239990234375,39.98588943481445,41.341163635253906,63.38655471801758,75.44027709960938
2019-05-17,131.2902374267578,39.62493133544922,40.99658966064453,62.87940979003906,75.44850158691406
2019-05-20,130.3566131591797,39.4725227355957,40.8363151550293,62.5269660949707,75.45677947998047
2019-05-21,131.63140869140625,39.77732849121094,41.108787536621094,63.077110290527344,75.45677947998047
2019-05-22,131.15562438964844,39.640968322753906,40.97254943847656,62.7934455871582,75.4732437133789
2019-05-23,129.48574829101562,39.223873138427734,40.55585479736328,62.08857727050781,75.48973083496094
2019-05-24,129.79998779296875,39.560760498046875,40.8843994140625,62.37222671508789,75.48973083496094
2019-05-28,128.65980529785156,39.28804397583008,40.62797546386719,61.88228988647461,75.49797058105469
2019-05-29,127.77998352050781,39.15167999267578,40.49175262451172,61.572784423828125,75.49797058105469
2019-05-30,128.03135681152344,39.320133209228516,40.63599395751953,61.787715911865234,75.52271270751953
2019-05-31,126.3076400756836,39.079498291015625,40.427635192871094,61.19461441040039,75.52271270751953
2019-06-03,126.0562973022461,39.360233306884766,40.67605972290039,61.289146423339844,75.51939392089844
2019-06-04,128.88424682617188,39.69712829589844,41.076717376708984,62.33787536621094,75.53591918945312
2019-06-05,129.87179565429688,39.64899826049805,40.980552673339844,62.55276107788086,75.53591918945312
2019-06-06,130.59901428222656,39.79338455200195,41.076717376708984,62.845035552978516,75.56069946289062
2019-06-07,131.78404235839844,40.210479736328125,41.54951858520508,63.48111343383789,75.55245971679688
2019-06-10,132.52020263671875,40.37893295288086,41.71779251098633,63.74761199951172,75.56895446777344
2019-06-11,132.39451599121094,40.65164566040039,41.99025344848633,63.928104400634766,75.56069946289062
2019-06-12,132.2150115966797,40.30673599243164,41.62163543701172,63.6186637878418,75.56895446777344
2019-06-13,132.8254852294922,40.30673599243164,41.66972351074219,63.799190521240234,75.59374237060547
2019-06-14,132.5381622314453,40.0259895324707,41.33315658569336,63.49831008911133,75.60198974609375
2019-06-17,132.63461303710938,40.06575393676758,41.37321853637695,63.58578872680664,75.60198974609375
2019-06-18,134.0853729248047,40.698760986328125,42.03031539916992,64.365234375,75.60198974609375
2019-06-19,134.54493713378906,40.95846176147461,42.3107795715332,64.66834259033203,75.61849975585938
2019-06-20,135.77947998046875,41.39668655395508,42.75952911376953,65.30059814453125,75.62677001953125
2019-06-21,135.79750061035156,41.226261138916016,42.590118408203125,65.06674194335938,75.62677001953125
2019-06-24,135.0405731201172,41.29119110107422,42.63066101074219,65.04076385498047,75.63502502441406
2019-06-25,133.760986328125,40.98281478881836,42.330718994140625,64.47782897949219,75.63502502441406
2019-06-26,133.5086669921875,41.08829879760742,42.460418701171875,64.51248931884766,75.65155029296875
2019-06-27,134.31068420410156,41.258731842041016,42.59821701049805,64.79827117919922,75.65155029296875
2019-06-28,135.247802734375,41.380455017089844,42.76034927368164,65.09272003173828,75.65983581542969
2019-07-01,136.20298767089844,41.68882751464844,43.011634826660156,65.65564727783203,75.65564727783203
2019-07-02,136.5183868408203,41.76189041137695,43.16566467285156,65.75093078613281,75.66395568847656
2019-07-03,137.54566955566406,41.94042205810547,43.319671630859375,66.17530059814453,75.68875122070312
2019-07-05,137.4645538330078,41.6726188659668,43.03595733642578,65.91547393798828,75.68050384521484
2019-07-08,136.7256317138672,41.41292190551758,42.76844787597656,65.60369110107422,75.68050384521484
2019-07-09,136.9689178466797,41.250614166259766,42.6063346862793,65.49976348876953,75.68875122070312
2019-07-10,137.52764892578125,41.42914962768555,42.800872802734375,65.8202133178711,75.6970443725586
2019-07-11,137.7168731689453,41.461612701416016,42.825199127197266,65.85485076904297,75.71361541748047
2019-07-12,138.41973876953125,41.477848052978516,42.85762405395508,66.08003234863281,75.72190856933594
2019-07-15,138.32962036132812,41.54277038574219,42.930572509765625,66.09734344482422,75.72190856933594
2019-07-16,137.97816467285156,41.3885612487793,42.792781829833984,65.8721694946289,75.7301254272461
2019-07-17,137.068115234375,41.323646545410156,42.711708068847656,65.56038665771484,75.7301254272461
2019-07-18,137.57269287109375,41.477848052978516,42.84952163696289,65.82887268066406,75.75495910644531
2019-07-19,136.78872680664062,41.364219665527344,42.711708068847656,65.56904602050781,75.75495910644531
2019-07-22,137.11314392089844,41.3885612487793,42.77656936645508,65.63834381103516,75.75495910644531
2019-07-23,138.0322723388672,41.583335876464844,42.963008880615234,66.06269836425781,75.74671936035156
2019-07-24,138.8793182373047,41.607696533203125,42.963008880615234,66.27923583984375,75.76324462890625
2019-07-25,138.14039611816406,41.24250411987305,42.5658073425293,65.80291748046875,75.77980041503906
2019-07-26,139.14064025878906,41.331764221191406,42.67929458618164,66.13199615478516,75.7715072631836
2019-07-29,138.80718994140625,41.323646545410156,42.69549560546875,66.07135009765625,75.78805541992188
2019-07-30,138.67205810546875,40.90164566040039,42.23345184326172,65.69029998779297,75.78805541992188
2019-07-31,137.15823364257812,40.63383483886719,41.9091911315918,65.09272003173828,75.79634094238281
2019-08-01,135.88760375976562,40.317344665527344,41.60116195678711,64.57310485839844,75.8170394897461
2019-08-02,134.7882537841797,39.97649383544922,41.29312515258789,63.97549819946289,75.8170394897461
2019-08-05,130.78732299804688,38.872802734375,40.166351318359375,62.19143295288086,75.80879974365234
2019-08-06,132.4904022216797,39.18117904663086,40.50682067871094,62.88428497314453,75.8170394897461
2019-08-07,132.63461303710938,39.3434944152832,40.685157775878906,63.066131591796875,75.83358764648438
2019-08-08,135.15771484375,39.77360534667969,41.15531539916992,64.0447998046875,75.8419189453125
2019-08-09,134.19349670410156,39.497684478759766,40.83916473388672,63.55113220214844,75.83358764648438
2019-08-12,132.53546142578125,39.14060592651367,40.44197082519531,62.88428497314453,75.8502197265625
2019-08-13,134.42779541015625,39.538265228271484,40.8878173828125,63.68104553222656,75.85846710205078
2019-08-14,130.54397583007812,38.45079803466797,39.73673629760742,61.81904602050781,75.8502197265625
2019-08-15,130.78732299804688,38.5887565612793,39.88264083862305,62.04420471191406,75.88334655761719
2019-08-16,132.769775390625,39.03510665893555,40.385223388671875,62.90159225463867,75.87506866455078
2019-08-19,134.34669494628906,39.221763610839844,40.57977294921875,63.438541412353516,75.87506866455078
2019-08-20,133.3195037841797,39.17308044433594,40.49871063232422,63.092132568359375,75.88334655761719
2019-08-21,134.44583129882812,39.46522903442383,40.8067512512207,63.62044143676758,75.87506866455078
2019-08-22,134.3286895751953,39.27858352661133,40.65272903442383,63.49052047729492,75.89993286132812
2019-08-23,130.9404754638672,38.79164123535156,40.10151290893555,62.18278884887695,75.89163208007812
2019-08-26,132.26516723632812,39.091915130615234,40.409542083740234,62.789024353027344,75.89993286132812
2019-08-27,131.65237426757812,39.05133056640625,40.36901092529297,62.58982467651367,75.90821838378906
2019-08-28,132.5895538330078,39.116268157958984,40.450077056884766,62.9102668762207,75.89993286132812
2019-08-29,134.34669494628906,39.44899368286133,40.78242874145508,63.61175537109375,75.91651153564453
2019-08-30,134.30162048339844,39.64376449584961,41.001304626464844,63.72434616088867,75.92478942871094
2019-09-03,133.42759704589844,39.50580596923828,40.83916473388672,63.3865852355957,75.93973541259766
2019-09-04,134.8512725830078,40.081993103027344,41.455238342285156,64.16603088378906,75.9314193725586
2019-09-05,136.65354919433594,40.39037322998047,41.77138900756836,64.89354705810547,75.93973541259766
2019-09-06,136.68055725097656,40.495887756347656,41.901084899902344,65.00611114501953,75.94801330566406
2019-09-09,136.76171875,40.61761474609375,41.94972610473633,65.05809020996094,75.94801330566406
2019-09-10,136.8968505859375,40.65818405151367,42.02268981933594,65.08406066894531,75.96465301513672
2019-09-11,138.0142364501953,40.925994873046875,42.25776672363281,65.54307556152344,75.95632934570312
2019-09-12,138.4287109375,41.13698959350586,42.500953674316406,65.83750915527344,75.97293853759766
2019-09-13,138.2936248779297,41.380455017089844,42.744136810302734,65.96744537353516,75.97293853759766
2019-09-16,138.01292419433594,41.047733306884766,42.40367889404297,65.72494506835938,75.97293853759766
2019-09-17,138.347900390625,41.16134262084961,42.53337478637695,65.85485076904297,75.98120880126953
2019-09-18,138.3297576904297,41.07208251953125,42.45230484008789,65.80291748046875,75.99785614013672
2019-09-19,138.2392578125,41.15323257446289,42.51715850830078,65.84619140625,75.99785614013672
2019-09-20,137.6327667236328,41.0639533996582,42.47663116455078,65.62966918945312,76.00614166259766
2019-09-23,137.7051544189453,41.023372650146484,42.42799758911133,65.61236572265625,76.02275848388672
2019-09-24,136.4287872314453,40.84122848510742,42.1997184753418,65.18119812011719,76.02275848388672
2019-09-25,137.28875732421875,40.7677116394043,42.1671028137207,65.32054901123047,76.02275848388672
2019-09-26,136.87234497070312,40.898406982421875,42.20786666870117,65.34668731689453,76.03936767578125
2019-09-27,136.05763244628906,40.62885284423828,41.95512390136719,64.93730163574219,76.03936767578125
2019-09-30,136.69126892089844,40.75954818725586,42.11818313598633,65.1724624633789,76.04768371582031
2019-10-01,134.90792846679688,40.41648864746094,41.734989166259766,64.47563171386719,76.04517364501953
2019-10-02,132.7172393798828,39.72218704223633,41.08275604248047,63.412940979003906,76.04517364501953
2019-10-03,133.7945556640625,40.0244026184082,41.40072250366211,63.90072250366211,76.07010650634766
2019-10-04,135.5416717529297,40.32664108276367,41.67792510986328,64.58016204833984,76.07010650634766
2019-10-07,135.00758361816406,40.17959213256836,41.53932189941406,64.37110137939453,76.07845306396484
2019-10-08,132.82594299316406,39.82019805908203,41.18875503540039,63.526153564453125,76.07845306396484
2019-10-09,134.04798889160156,40.14692306518555,41.514862060546875,64.05752563476562,76.07845306396484
2019-10-10,134.90792846679688,40.44915771484375,41.824684143066406,64.50176239013672,76.09505462646484
2019-10-11,136.3563690185547,41.12711715698242,42.49321746826172,65.36410522460938,76.10340118408203
2019-10-14,136.2296142578125,40.94742202758789,42.321998596191406,65.1986083984375,76.09505462646484
2019-10-15,137.56939697265625,41.388492584228516,42.76227951049805,65.8780288696289,76.10340118408203
2019-10-16,137.31591796875,41.42116928100586,42.85194396972656,65.84318542480469,76.11168670654297
2019-10-17,137.76852416992188,41.54369354248047,42.96608352661133,66.02610778808594,76.1199951171875
2019-10-18,137.21633911132812,41.47835159301758,42.88456344604492,65.82577514648438,76.1199951171875
2019-10-21,138.112548828125,41.7397346496582,43.14544677734375,66.28741455078125,76.12831115722656
2019-10-22,137.69610595703125,41.69072341918945,43.104698181152344,66.1045150756836,76.12831115722656
2019-10-23,137.9767608642578,41.854095458984375,43.25959777832031,66.29612731933594,76.12831115722656
2019-10-24,138.3569793701172,41.919429779052734,43.332977294921875,66.43548583984375,76.14498901367188
2019-10-25,138.9091339111328,42.03379440307617,43.42266082763672,66.6881103515625,76.14498901367188
2019-10-28,139.75100708007812,42.21349334716797,43.61017608642578,67.04522705078125,76.13663482666016
2019-10-29,139.7238311767578,42.15632247924805,43.53679656982422,66.98428344726562,76.1532974243164
2019-10-30,140.05877685546875,42.287010192871094,43.699851989746094,67.19332885742188,76.1615982055664
2019-10-31,139.56991577148438,42.16447830200195,43.561256408691406,66.99299621582031,76.16993713378906
2019-11-01,141.06362915039062,42.57288360595703,43.98521041870117,67.65499877929688,76.16909790039062
2019-11-04,141.57958984375,42.84244918823242,44.23794937133789,67.9772720336914,76.17741394042969
2019-11-05,141.45286560058594,42.89962387084961,44.31132125854492,67.98596954345703,76.16909790039062
2019-11-06,141.3895263671875,42.85879135131836,44.23794937133789,67.9772720336914,76.17741394042969
2019-11-07,141.8693084716797,43.04666519165039,44.40916442871094,68.19503784179688,76.19407653808594
2019-11-08,142.26760864257812,42.92414093017578,44.30317687988281,68.24730682373047,76.19407653808594
2019-11-11,141.98695373535156,42.78526306152344,44.15641403198242,68.07308959960938,76.19407653808594
2019-11-12,142.23135375976562,42.72809600830078,44.10749435424805,68.1253433227539,76.202392578125
2019-11-13,142.29476928710938,42.56473922729492,43.94443893432617,68.00341796875,76.202392578125
2019-11-14,142.4395751953125,42.49938201904297,43.8955192565918,68.02082824707031,76.21070098876953
2019-11-15,143.52581787109375,42.809783935546875,44.18904113769531,68.49990844726562,76.202392578125
2019-11-18,143.60731506347656,42.801605224609375,44.21348190307617,68.52604675292969,76.21905517578125
2019-11-19,143.65260314941406,42.81794738769531,44.18087387084961,68.54346466064453,76.21070098876953
2019-11-20,143.19998168945312,42.548397064208984,43.95259475708008,68.20374298095703,76.21905517578125
2019-11-21,142.8378448486328,42.49938201904297,43.87106704711914,68.1253433227539,76.21905517578125
2019-11-22,143.15472412109375,42.56473922729492,43.96074676513672,68.2734375,76.22736358642578
2019-11-25,144.5126190185547,42.91596984863281,44.286865234375,68.79606628417969,76.22736358642578
2019-11-26,144.8203582763672,42.89962387084961,44.286865234375,68.85704040527344,76.23566436767578
2019-11-27,145.50836181640625,42.997642517089844,44.38471984863281,69.13578796386719,76.25233459472656
2019-11-29,144.85658264160156,42.6055793762207,43.993370056152344,68.70894622802734,76.25233459472656
2019-12-02,143.5439453125,42.43403244018555,43.81399917602539,68.22117614746094,76.25819396972656
2019-12-03,142.69305419921875,42.287010192871094,43.66725158691406,67.8640365600586,76.24984741210938
2019-12-04,143.61639404296875,42.64641571044922,44.04228210449219,68.3779525756836,76.25819396972656
2019-12-05,143.8245849609375,42.66274642944336,44.04228210449219,68.43892669677734,76.27487182617188
2019-12-06,145.1009979248047,42.973140716552734,44.41731643676758,69.04866027832031,76.27487182617188
2019-12-09,144.63929748535156,42.79343795776367,44.18904113769531,68.81349182128906,76.283203125
2019-12-10,144.5126190185547,42.85061264038086,44.270565032958984,68.75250244140625,76.283203125
2019-12-11,144.85658264160156,43.136505126953125,44.56406784057617,69.04866027832031,76.283203125
2019-12-12,146.0424041748047,43.536746978759766,45.004337310791016,69.6845474243164,76.29988861083984
2019-12-13,146.0424041748047,43.716453552246094,45.19184494018555,69.80651092529297,76.283203125
2019-12-16,147.11062622070312,44.16571044921875,45.62396240234375,70.39881134033203,76.29988861083984
2019-12-17,147.16493225097656,44.133033752441406,45.56689453125,70.37268829345703,76.29154205322266
2019-12-18,147.22830200195312,44.124855041503906,45.59950637817383,70.39881134033203,76.3082046508789
2019-12-19,147.8710479736328,44.14120864868164,45.57504653930664,70.58172607421875,76.31658172607422
2019-12-20,148.63145446777344,44.16571044921875,45.591331481933594,70.79080200195312,76.32073974609375
2019-12-23,148.7219696044922,44.240848541259766,45.663902282714844,70.8882064819336,76.32073974609375
2019-12-24,148.75469970703125,44.207820892333984,45.672149658203125,70.86189270019531,76.3290786743164
2019-12-26,149.47369384765625,44.430755615234375,45.87003707885742,71.1866455078125,76.33746337890625
2019-12-27,149.33718872070312,44.53809356689453,46.092674255371094,71.27438354492188,76.3290786743164
2019-12-30,148.5271759033203,44.240848541259766,45.73810958862305,70.85311889648438,76.33746337890625
2019-12-31,148.9185333251953,44.38121032714844,45.919517517089844,71.08128356933594,76.33746337890625
2020-01-02,150.15635681152344,44.95094680786133,46.430747985839844,71.80098724365234,76.36251068115234
2020-01-03,149.20066833496094,44.38121032714844,45.86179733276367,71.15151977539062,76.36251068115234
2020-01-06,149.7103729248047,44.463775634765625,45.927764892578125,71.41481018066406,76.3541488647461
2020-01-07,149.35540771484375,44.39773178100586,45.84531021118164,71.19538879394531,76.3541488647461
2020-01-08,150.09266662597656,44.505069732666016,45.927764892578125,71.48500061035156,76.370849609375
2020-01-09,151.0300750732422,44.7032356262207,46.1338996887207,71.83609771728516,76.3791732788086
2020-01-10,150.59320068359375,44.60414505004883,46.07618713378906,71.6868896484375,76.3791732788086
2020-01-13,151.6216583251953,44.95094680786133,46.42249298095703,72.1958999633789,76.3791732788086
2020-01-14,151.5397491455078,44.94268798828125,46.430747985839844,72.16957092285156,76.3791732788086
2020-01-15,151.9129180908203,44.8353385925293,46.30706024169922,72.17835998535156,76.38756561279297
2020-01-16,153.21446228027344,45.09955978393555,46.554420471191406,72.69618225097656,76.40421295166016
2020-01-17,153.59669494628906,45.231685638427734,46.702842712402344,72.91558074951172,76.39588165283203
2020-01-21,153.26907348632812,44.71974563598633,46.19161605834961,72.45044708251953,76.40421295166016
2020-01-22,153.36009216308594,44.86012268066406,46.35654067993164,72.54698944091797,76.40421295166016
2020-01-23,153.53298950195312,44.694984436035156,46.17512893676758,72.46798706054688,76.41259765625
2020-01-24,152.07676696777344,44.45551300048828,45.91127395629883,71.89751434326172,76.41259765625
2020-01-27,149.79229736328125,43.44817352294922,44.90531539916992,70.56346130371094,76.42090606689453
2020-01-28,151.23941040039062,43.81973648071289,45.243385314941406,71.25682067871094,76.42090606689453
2020-01-29,151.13929748535156,43.83626174926758,45.268123626708984,71.1866455078125,76.42929077148438
2020-01-30,151.5033721923828,43.62982177734375,45.103214263916016,71.1866455078125,76.42929077148438
2020-01-31,148.8275604248047,42.87018585205078,44.361106872558594,69.9754409790039,76.42929077148438
2020-02-03,150.13816833496094,43.068359375,44.44356155395508,70.36163330078125,76.43598937988281
2020-02-04,152.5045623779297,43.827999114990234,45.226890563964844,71.52013397216797,76.43598937988281
2020-02-05,154.00625610351562,44.23259735107422,45.639163970947266,72.16957092285156,76.45271301269531
2020-02-06,154.4340362548828,44.31515884399414,45.74636459350586,72.39778137207031,76.46105194091797
2020-02-07,153.55123901367188,43.89405822753906,45.29286193847656,71.80975341796875,76.46105194091797
2020-02-10,154.6797637939453,44.00139617919922,45.383567810058594,72.18716430664062,76.45271301269531
2020-02-11,155.1075439453125,44.36469268798828,45.71337127685547,72.54698944091797,76.46105194091797
2020-02-12,156.0814208984375,44.64543914794922,46.04319763183594,72.99459838867188,76.4693832397461
2020-02-13,156.01771545410156,44.27385711669922,45.68864059448242,72.73128509521484,76.477783203125
2020-02-14,156.2725372314453,44.24909210205078,45.663902282714844,72.78395080566406,76.477783203125
2020-02-18,155.90846252441406,43.94358444213867,45.383567810058594,72.46798706054688,76.48612213134766
2020-02-19,156.70030212402344,44.207820892333984,45.59794235229492,72.8541488647461,76.48612213134766
2020-02-20,156.22698974609375,43.811485290527344,45.226890563964844,72.45044708251953,76.48612213134766
2020-02-21,154.62518310546875,43.588558197021484,44.9877815246582,71.86238861083984,76.50286102294922
2020-02-24,149.53741455078125,41.978431701660156,43.322166442871094,69.39620208740234,76.4944839477539
2020-02-25,144.9685516357422,41.317874908447266,42.72848129272461,67.74620056152344,76.4944839477539
2020-02-26,144.16757202148438,41.45823669433594,42.81093978881836,67.6321029663086,76.5112075805664
2020-02-27,137.85108947753906,40.26097869873047,41.59059524536133,65.13080596923828,76.52790069580078
2020-02-28,136.92279052734375,40.03804397583008,41.433929443359375,64.92015838623047,76.5195541381836
2020-03-02,142.59298706054688,40.64079284667969,41.8874397277832,66.7018051147461,76.54215240478516
2020-03-03,138.9159698486328,40.20318603515625,41.508148193359375,65.41165161132812,76.55890655517578
2020-03-04,144.4678955078125,41.29309844970703,42.58007049560547,67.59701538085938,76.59233856201172
2020-03-05,139.6532440185547,40.25273895263672,41.557613372802734,65.66616821289062,76.60910034179688
2020-03-06,137.05929565429688,39.64170837402344,40.93919372558594,64.50765991210938,76.60910034179688
2020-03-09,126.05558776855469,36.47929000854492,37.706939697265625,59.41726303100586,76.6426010131836
2020-03-10,132.3083038330078,37.973812103271484,39.16639709472656,62.11164474487305,76.6258316040039
2020-03-11,125.60962677001953,36.0994758605957,37.22043991088867,59.03987121582031,76.6426010131836
2020-03-12,113.39542388916016,32.24345779418945,33.22136306762695,53.0015983581543,76.65096282958984
2020-03-13,123.71649169921875,34.4150505065918,35.33222198486328,57.22311782836914,76.66765594482422
2020-03-16,109.63651275634766,30.509498596191406,31.399080276489258,50.56171798706055,76.67604064941406
2020-03-17,115.13381958007812,32.111351013183594,33.023460388183594,53.46675491333008,76.67604064941406
2020-03-18,108.49883270263672,30.02234649658203,30.780670166015625,50.06145095825195,76.69277954101562
2020-03-19,109.29975128173828,30.369121551513672,31.126981735229492,50.55292892456055,76.67604064941406
2020-03-20,104.84004211425781,30.220508575439453,31.019792556762695,49.175025939941406,76.7011489868164
2020-03-23,101.85475158691406,29.70526695251465,30.38804054260254,48.00400161743164,76.68444061279297
2020-03-24,111.52054595947266,32.13238525390625,32.93485641479492,52.39202117919922,76.68444061279297
2020-03-25,113.05868530273438,33.225830078125,34.125572204589844,53.590362548828125,76.68444061279297
2020-03-26,119.92237854003906,34.600921630859375,35.465126037597656,56.30426025390625,76.68444061279297
2020-03-27,116.09903717041016,33.35836410522461,34.241336822509766,54.42744445800781,76.66765594482422
2020-03-30,119.62051391601562,34.079044342041016,34.8780403137207,55.87250518798828,76.66765594482422
2020-03-31,117.91009521484375,33.979644775390625,34.69611740112305,55.33501052856445,76.67604064941406
2020-04-01,112.46778869628906,32.53828048706055,33.373104095458984,52.89426803588867,76.66934967041016
2020-04-02,114.80935668945312,33.267242431640625,34.14211654663086,53.978065490722656,76.677734375
2020-04-03,112.85198211669922,32.61283874511719,33.43099594116211,53.035255432128906,76.65262603759766
2020-04-06,120.74555206298828,34.31098937988281,35.14265060424805,56.28663635253906,76.66097259521484
2020-04-07,120.88275909423828,34.451820373535156,35.38243865966797,56.49810791015625,76.64423370361328
2020-04-08,125.12681579589844,34.80800247192383,35.729732513427734,57.85504913330078,76.65262603759766
2020-04-09,127.46836853027344,35.363014221191406,36.30028533935547,58.93001937866211,76.63581848144531
2020-04-13,125.95003509521484,35.155914306640625,36.1679801940918,58.401336669921875,76.65262603759766
2020-04-14,129.77334594726562,35.81032943725586,36.8046760559082,59.80233383178711,76.66097259521484
2020-04-15,126.7275161743164,34.80800247192383,35.77107620239258,58.24273681640625,76.65262603759766
2020-04-16,127.32205200195312,34.791439056396484,35.77934646606445,58.471839904785156,76.64423370361328
2020-04-17,130.9258270263672,35.68608093261719,36.713722229003906,60.01380920410156,76.66097259521484
2020-04-20,128.80384826660156,35.222190856933594,36.184513092041016,59.11503982543945,76.65262603759766
2020-04-21,124.80670928955078,34.43524932861328,35.40724182128906,57.4409065246582,76.65262603759766
2020-04-22,127.6239013671875,35.12278366088867,36.12664794921875,58.70094299316406,76.65262603759766
2020-04-23,127.64215087890625,35.04823684692383,36.04395294189453,58.65686798095703,76.66097259521484
2020-04-24,129.544677734375,35.32159423828125,36.341636657714844,59.30010223388672,76.65262603759766
2020-04-27,131.84046936035156,35.82689666748047,36.85429763793945,60.304588317871094,76.65262603759766
2020-04-28,131.42886352539062,36.07541275024414,37.118900299072266,60.304588317871094,76.65262603759766
2020-04-29,135.151611328125,37.02803039550781,38.09462356567383,62.02280044555664,76.64423370361328
2020-04-30,133.39549255371094,36.29079055786133,37.333892822265625,61.071170806884766,76.66097259521484
2020-05-01,129.7092742919922,35.363014221191406,36.43258285522461,59.48513412475586,76.64753723144531
2020-05-04,130.20326232910156,35.437557220458984,36.490478515625,59.6613655090332,76.64753723144531
2020-05-05,131.41061401367188,35.594947814941406,36.62277603149414,60.08429718017578,76.64753723144531
2020-05-06,130.68801879882812,35.38786697387695,36.473934173583984,59.73184585571289,76.65596008300781
2020-05-07,132.3984832763672,35.82689666748047,36.92045211791992,60.542484283447266,76.64753723144531
2020-05-08,134.88632202148438,36.44817352294922,37.532344818115234,61.608642578125,76.64753723144531
2020-05-11,134.90463256835938,36.38190841674805,37.499267578125,61.599849700927734,76.65596008300781
2020-05-12,132.0325927734375,35.98428726196289,37.118900299072266,60.542484283447266,76.65596008300781
2020-05-13,129.3800506591797,35.73577880859375,36.84602355957031,59.69660568237305,76.65596008300781
2020-05-14,130.77035522460938,35.57010269165039,36.68893051147461,59.96974182128906,76.66434478759766
2020-05-15,131.5569610595703,35.47069549560547,36.56488800048828,60.08429718017578,76.64753723144531
2020-05-18,135.91995239257812,36.845794677734375,37.987125396728516,62.19900894165039,76.64753723144531
2020-05-19,134.47474670410156,36.4233283996582,37.59849548339844,61.57341766357422,76.64753723144531
2020-05-20,136.9627227783203,37.07774353027344,38.235198974609375,62.63957214355469,76.64753723144531
2020-05-21,136.1394805908203,36.655269622802734,37.854827880859375,62.10212326049805,76.65596008300781
2020-05-22,136.5236358642578,36.38190841674805,37.58195495605469,62.04041290283203,76.64753723144531
2020-05-26,138.42611694335938,37.39252471923828,38.62383270263672,63.22113037109375,76.65596008300781
2020-05-27,140.61215209960938,37.7238655090332,38.97939682006836,64.07581329345703,76.64753723144531
2020-05-28,140.12741088867188,37.93095779418945,39.15304183959961,64.1110610961914,76.64753723144531
2020-05-29,140.59388732910156,37.98894500732422,39.20265197753906,64.2520523071289,76.64753723144531
2020-06-01,141.5451202392578,38.82558822631836,40.04607009887695,65.08030700683594,76.65596008300781
2020-06-02,142.6153106689453,39.38888168334961,40.64143753051758,65.80284881591797,76.65596008300781
2020-06-03,144.8379669189453,40.25038146972656,41.51792526245117,66.97473907470703,76.65596008300781
2020-06-04,144.3806610107422,39.98530578613281,41.228519439697266,66.6487045288086,76.65596008300781
2020-06-05,148.08505249023438,40.805381774902344,42.030609130859375,68.25237274169922,76.63919830322266
2020-06-08,150.0973358154297,41.269283294677734,42.518463134765625,69.10706329345703,76.64753723144531
2020-06-09,148.72532653808594,40.821956634521484,42.055416107177734,68.38453674316406,76.64753723144531
2020-06-10,147.61859130859375,40.797115325927734,42.00579071044922,68.18189239501953,76.65596008300781
2020-06-11,138.91090393066406,38.585365295410156,39.74012756347656,64.2961196899414,76.63919830322266
2020-06-12,140.8317108154297,39.3143196105957,40.50913619995117,65.26535034179688,76.65596008300781
2020-06-15,142.34092712402344,39.3640251159668,40.550479888916016,65.66184997558594,76.65596008300781
2020-06-16,145.07579040527344,39.81962966918945,41.013526916503906,66.78089904785156,76.65596008300781
2020-06-17,144.37147521972656,39.97703170776367,41.12103271484375,66.6839599609375,76.65596008300781
2020-06-18,144.49041748046875,39.81962966918945,41.030067443847656,66.6222915649414,76.64753723144531
2020-06-19,143.67633056640625,39.67052459716797,40.864681243896484,66.31391143798828,76.64753723144531
2020-06-22,144.67330932617188,40.16520309448242,41.389957427978516,66.8982162475586,76.64753723144531
2020-06-23,145.2404327392578,40.42336654663086,41.63928985595703,67.1727066040039,76.64753723144531
2020-06-24,141.2982177734375,39.55727005004883,40.74169158935547,65.56133270263672,76.64753723144531
2020-06-25,143.00726318359375,39.98198699951172,41.15724563598633,66.2961654663086,76.65596008300781
2020-06-26,139.68099975585938,39.42402267456055,40.61701965332031,65.021240234375,76.64753723144531
2020-06-29,141.7300262451172,39.740474700927734,40.94115447998047,65.80036926269531,76.64753723144531
2020-06-30,143.8249969482422,39.648868560791016,40.86635208129883,66.22537994384766,76.64753723144531
2020-07-01,144.6611328125,39.84874725341797,41.074134826660156,66.66805267333984,76.64753723144531
2020-07-02,145.24000549316406,40.45668029785156,41.68085479736328,67.27011108398438,76.65596008300781
2020-07-06,147.52784729003906,41.34775161743164,42.611717224121094,68.50959014892578,76.64753723144531
2020-07-07,146.03016662597656,40.7564697265625,42.0216178894043,67.70391082763672,76.64753723144531
2020-07-08,147.22462463378906,41.27280807495117,42.56184005737305,68.3768081665039,76.64753723144531
2020-07-09,146.31503295898438,40.97300720214844,42.187843322753906,67.94297790527344,76.64753723144531
2020-07-10,147.88626098632812,41.18120193481445,42.403934478759766,68.49188995361328,76.65596008300781
2020-07-13,146.28746032714844,40.923030853271484,42.129661560058594,67.94297790527344,76.65596008300781
2020-07-14,148.2078094482422,41.372737884521484,42.6034049987793,68.73978424072266,76.65596008300781
2020-07-15,150.04544067382812,41.77248001098633,42.977413177490234,69.4657974243164,76.65596008300781
2020-07-16,149.37477111816406,41.40605545043945,42.595088958740234,69.07625579833984,76.64753723144531
2020-07-17,149.94439697265625,41.589263916015625,42.83612060546875,69.32414245605469,76.65596008300781
2020-07-20,151.09298706054688,41.9140510559082,43.12701416015625,69.88191223144531,76.65596008300781
2020-07-21,151.52481079101562,42.13057327270508,43.3680419921875,70.14752197265625,76.65596008300781
2020-07-22,152.3149871826172,42.13057327270508,43.38466262817383,70.43083953857422,76.64753723144531
2020-07-23,150.6519317626953,41.79745864868164,43.05221939086914,69.68714904785156,76.65596008300781
2020-07-24,149.48500061035156,41.639225006103516,42.89430236816406,69.3152847290039,76.64753723144531
2020-07-27,150.77134704589844,42.20552444458008,43.50933074951172,70.05896759033203,76.64753723144531
2020-07-28,149.66876220703125,41.947357177734375,43.20180892944336,69.58089447021484,76.65596008300781
2020-07-29,151.65345764160156,42.43870162963867,43.7503547668457,70.46627044677734,76.65596008300781
2020-07-30,151.31349182128906,41.89739990234375,43.20180892944336,70.00585174560547,76.64753723144531
2020-07-31,152.08529663085938,41.20618438720703,42.56184005737305,69.7314224243164,76.65596008300781
2020-08-03,153.4084014892578,41.82244873046875,43.176876068115234,70.54595947265625,76.64753723144531
2020-08-04,154.0148468017578,42.13890075683594,43.50933074951172,70.90010070800781,76.65596008300781
2020-08-05,155.13583374023438,42.42203903198242,43.76698303222656,71.37818908691406,76.64753723144531
2020-08-06,155.88926696777344,42.50532531738281,43.899959564208984,71.6880874633789,76.64753723144531
2020-08-07,156.01791381835938,42.113922119140625,43.50933074951172,71.44015502929688,76.65596008300781
2020-08-10,156.44976806640625,42.23883056640625,43.64231491088867,71.63494110107422,76.65596008300781
2020-08-11,155.1909637451172,42.338775634765625,43.742042541503906,71.41360473632812,76.64753723144531
2020-08-12,157.2675018310547,43.14656448364258,44.5399284362793,72.48490142822266,76.64753723144531
2020-08-13,157.14808654785156,42.921722412109375,44.34877014160156,72.29012298583984,76.65596008300781
2020-08-14,157.1021270751953,42.746829986572266,44.132667541503906,72.1573257446289,76.64753723144531
2020-08-17,157.7728729248047,43.12991714477539,44.54823684692383,72.5999755859375,76.64753723144531
2020-08-18,158.0117950439453,43.13823699951172,44.531612396240234,72.66197204589844,76.65596008300781
2020-08-19,157.3961639404297,42.846763610839844,44.2573356628418,72.29898071289062,76.65596008300781
2020-08-20,157.84637451171875,42.73017120361328,44.140987396240234,72.31668090820312,76.65596008300781
2020-08-21,158.241455078125,42.613582611083984,44.041255950927734,72.38751220703125,76.65596008300781
2020-08-24,159.75753784179688,43.13823699951172,44.54823684692383,73.14006042480469,76.65596008300781
2020-08-25,160.2904815673828,43.27981948852539,44.71446228027344,73.3968276977539,76.64753723144531
2020-08-26,161.74221801757812,43.51300811767578,44.94717788696289,73.97230529785156,76.64753723144531
2020-08-27,162.12818908691406,43.13823699951172,44.55653762817383,73.8040771484375,76.64753723144531
2020-08-28,163.2582550048828,43.51300811767578,44.96379852294922,74.34415435791016,76.65596008300781
2020-08-31,162.8907470703125,43.02165985107422,44.4484977722168,73.91918182373047,76.65596008300781
2020-09-01,164.3333282470703,43.27981948852539,44.71446228027344,74.47695922851562,76.65596008300781
2020-09-02,166.52931213378906,43.66290283203125,45.08846664428711,75.31806945800781,76.65596008300781
2020-09-03,160.74070739746094,42.73850631713867,44.10773849487305,73.06038665771484,76.64753723144531
2020-09-04,159.37167358398438,42.788475036621094,44.19916534423828,72.78591918945312,76.65596008300781
2020-09-08,154.89694213867188,42.180538177490234,43.5675163269043,71.10372924804688,76.65596008300781
2020-09-09,157.92909240722656,42.896728515625,44.30720138549805,72.40521240234375,76.64753723144531
2020-09-10,155.3379669189453,42.37208938598633,43.7586669921875,71.38702392578125,76.64753723144531
2020-09-11,155.39309692382812,42.76347732543945,44.165916442871094,71.67036437988281,76.63919830322266
2020-09-14,157.81878662109375,43.13823699951172,44.54823684692383,72.57341766357422,76.65596008300781
2020-09-15,158.71922302246094,43.47968673706055,44.85575866699219,72.99839782714844,76.63919830322266
2020-09-16,158.1955108642578,43.40473556518555,44.78926086425781,72.87445068359375,76.65596008300781
2020-09-17,156.89080810546875,43.38808059692383,44.77263641357422,72.48490142822266,76.65596008300781
2020-09-18,155.3655242919922,43.06328582763672,44.440189361572266,71.84741973876953,76.63919830322266
2020-09-21,153.49110412597656,42.20149230957031,43.59455871582031,70.80017852783203,76.63919830322266
2020-09-22,155.01637268066406,42.12603759765625,43.510921478271484,71.12937927246094,76.63919830322266
2020-09-23,151.27670288085938,41.673336029052734,42.983970642089844,69.75910949707031,76.63919830322266
2020-09-24,151.5983123779297,41.58113479614258,42.90867614746094,69.79471588134766,76.64753723144531
2020-09-25,154.03768920898438,41.73202133178711,43.067604064941406,70.55990600585938,76.63919830322266
2020-09-28,156.8331756591797,42.30208969116211,43.65311813354492,71.67214965820312,76.64753723144531
2020-09-29,155.9566650390625,42.2685546875,43.59455871582031,71.41413116455078,76.64753723144531
2020-09-30,157.12841796875,42.29370880126953,43.63637924194336,71.75223541259766,76.63919830322266
2020-10-01,158.43849182128906,42.603885650634766,43.98767852783203,72.33058166503906,76.63919830322266
2020-10-02,157.20220947265625,42.41107177734375,43.795310974121094,71.86788177490234,76.63919830322266
2020-10-05,160.03460693359375,43.056583404541016,44.43935775756836,73.05132293701172,76.63919830322266
2020-10-06,158.0602569580078,42.704490661621094,44.12150955200195,72.30390167236328,76.64753723144531
2020-10-07,160.81878662109375,43.1488037109375,44.5648078918457,73.3271255493164,76.63919830322266
2020-10-08,162.2303924560547,43.45897674560547,44.874290466308594,73.93220520019531,76.63919830322266
2020-10-09,163.59585571289062,43.75239181518555,45.183780670166016,74.49278259277344,76.63919830322266
2020-10-12,166.02227783203125,44.01228713989258,45.4514274597168,75.31137084960938,76.64753723144531
2020-10-13,165.1457977294922,43.64341354370117,45.058311462402344,74.82197570800781,76.63919830322266
2020-10-14,164.0479278564453,43.50090026855469,44.907752990722656,74.49278259277344,76.63919830322266
2020-10-15,164.103271484375,43.06496047973633,44.43935775756836,74.13685607910156,76.63919830322266
2020-10-16,163.8080291748047,43.2242431640625,44.62337112426758,74.17242431640625,76.64753723144531
2020-10-19,161.46461486816406,43.08173370361328,44.422630310058594,73.46952056884766,76.64753723144531
2020-10-20,162.0274200439453,43.36676788330078,44.75719451904297,73.81652069091797,76.63919830322266
2020-10-21,161.47386169433594,43.25778579711914,44.631736755371094,73.62967681884766,76.63919830322266
2020-10-22,162.6178741455078,43.27454376220703,44.64010238647461,73.9144058227539,76.64753723144531
2020-10-23,163.15298461914062,43.5344352722168,44.89103317260742,74.25250244140625,76.64753723144531
2020-10-26,160.19142150878906,42.79670333862305,44.138248443603516,72.93562316894531,76.64753723144531
2020-10-27,159.54563903808594,42.637428283691406,43.97932434082031,72.62421417236328,76.63919830322266
2020-10-28,154.2591094970703,41.46376037597656,42.72467803955078,70.37303924560547,76.63919830322266
2020-10-29,155.716796875,41.71525955200195,42.983970642089844,70.98701477050781,76.64753723144531
2020-10-30,154.06533813476562,41.42183303833008,42.632667541503906,70.2840805053711,76.64753723144531
2020-11-02,155.67068481445312,41.949981689453125,43.226539611816406,71.15607452392578,76.64753723144531
2020-11-03,158.659912109375,42.712867736816406,44.062965393066406,72.4996566772461,76.64753723144531
2020-11-04,162.1197052001953,43.425453186035156,44.74882888793945,73.86100769042969,76.63919830322266
2020-11-05,165.46871948242188,44.40628433227539,45.719085693359375,75.4270248413086,76.64753723144531
2020-11-06,165.38565063476562,44.532039642333984,45.86127853393555,75.5160140991211,76.63919830322266
2020-11-09,167.35084533691406,45.46259689331055,46.82316207885742,76.72611999511719,76.64753723144531
2020-11-10,167.07400512695312,45.638641357421875,46.97372055053711,76.77947998046875,76.63919830322266
2020-11-11,168.43026733398438,45.97397232055664,47.29993438720703,77.26889038085938,76.63919830322266
2020-11-12,166.7696075439453,45.37875747680664,46.664249420166016,76.45028686523438,76.63919830322266
2020-11-13,169.13145446777344,46.041038513183594,47.3166618347168,77.52693939208984,76.64753723144531
2020-11-16,171.19808959960938,46.59433364868164,47.910518646240234,78.51459503173828,76.64753723144531
2020-11-17,170.81053161621094,46.55242156982422,47.910518646240234,78.35442352294922,76.64753723144531
2020-11-18,169.00230407714844,46.35960388183594,47.68468475341797,77.67819213867188,76.64753723144531
2020-11-19,169.943359375,46.58595275878906,47.96070861816406,78.1586685180664,76.64753723144531
2020-11-20,169.0484161376953,46.770381927490234,48.11126708984375,78.03408813476562,76.64753723144531
2020-11-23,170.43231201171875,46.80392074584961,48.17818069458008,78.41670989990234,76.64753723144531
2020-11-24,173.07098388671875,47.51648712158203,48.8891487121582,79.6090316772461,76.64753723144531
2020-11-25,173.00637817382812,47.36558532714844,48.721858978271484,79.48445129394531,76.63919830322266
2020-11-27,173.61529541015625,47.72608184814453,49.08152389526367,79.87594604492188,76.64753723144531
2020-11-30,172.2498321533203,46.64463424682617,48.01090621948242,78.977294921875,76.63919830322266
2020-12-01,174.4364013671875,47.667388916015625,49.09824752807617,80.15179443359375,76.6333236694336
2020-12-02,174.5840301513672,47.71769332885742,49.13170623779297,80.2051773071289,76.64173126220703
2020-12-03,174.93458557128906,47.96919631958008,49.35753631591797,80.47210693359375,76.64173126220703
2020-12-04,176.68756103515625,48.3967399597168,49.8092041015625,81.24623107910156,76.65009307861328
2020-12-07,176.4938201904297,48.153621673583984,49.55827713012695,80.98819732666016,76.6333236694336
2020-12-08,177.2595977783203,48.24583435058594,49.683746337890625,81.24623107910156,76.6333236694336
2020-12-09,175.51585388183594,48.17877197265625,49.625205993652344,80.7479476928711,76.6333236694336
2020-12-10,175.77420043945312,48.3967399597168,49.84267044067383,80.97930145263672,76.6333236694336
2020-12-11,175.4604949951172,48.2206916809082,49.60010528564453,80.7657470703125,76.64173126220703
2020-12-14,174.9622802734375,48.17039108276367,49.60845947265625,80.58778381347656,76.6333236694336
2020-12-15,177.36106872558594,48.690155029296875,50.14377975463867,81.62883758544922,76.6333236694336
2020-12-16,177.61016845703125,48.832672119140625,50.26924514770508,81.8245849609375,76.64173126220703
2020-12-17,179.0032958984375,49.18476486206055,50.620548248291016,82.34954833984375,76.64173126220703
2020-12-18,178.49583435058594,48.93326950073242,50.4198112487793,82.09151458740234,76.64173126220703
2020-12-21,177.97918701171875,48.35200119018555,49.79473114013672,81.50252532958984,76.64173126220703
2020-12-22,178.01612854003906,48.18302536010742,49.651126861572266,81.42195892333984,76.64173126220703
2020-12-23,178.32054138183594,48.647705078125,50.11572265625,81.79794311523438,76.6333236694336
2020-12-24,178.618896484375,48.65615463256836,50.141056060791016,81.98588562011719,76.64173126220703
2020-12-28,179.74899291992188,48.91806411743164,50.44514465332031,82.36186218261719,76.64173126220703
2020-12-29,178.99868774414062,49.315155029296875,50.86749267578125,82.52298736572266,76.64173126220703
2020-12-30,179.48036193847656,49.593955993652344,51.14623260498047,82.8094253540039,76.6333236694336
2020-12-31,180.30482482910156,49.306697845458984,50.816810607910156,82.87210083007812,76.64173126220703
2021-01-04,177.7388153076172,49.55172348022461,51.12090301513672,82.39766693115234,76.64173126220703
2021-01-05,179.17465209960938,50.31210708618164,51.864234924316406,83.30174255371094,76.6333236694336
2021-01-06,180.7865447998047,50.582462310791016,52.142982482910156,83.89254760742188,76.64173126220703
2021-01-07,183.6859588623047,50.75987243652344,52.362613677978516,84.74291229248047,76.64173126220703
2021-01-08,184.5753173828125,51.47801971435547,53.0299072265625,85.51275634765625,76.6333236694336
2021-01-11,183.47296142578125,50.79367446899414,52.32881546020508,84.74291229248047,76.64173126220703
2021-01-12,184.12136840820312,51.11473083496094,52.599124908447266,85.065185546875,76.6333236694336
2021-01-13,184.32521057128906,51.106285095214844,52.590667724609375,85.13679504394531,76.6333236694336
2021-01-14,184.14920043945312,51.53715896606445,53.05525588989258,85.2800064086914,76.64173126220703
2021-01-15,182.5465850830078,50.8021354675293,52.24434280395508,84.39381408691406,76.64173126220703
2021-01-19,184.21401977539062,51.28370666503906,52.76804733276367,85.1278305053711,76.64173126220703
2021-01-20,186.53915405273438,51.81596755981445,53.34245681762695,86.15723419189453,76.64173126220703
2021-01-21,186.4001922607422,51.88356018066406,53.4100227355957,86.18411254882812,76.64173126220703
2021-01-22,186.09449768066406,51.53715896606445,53.046810150146484,85.78128814697266,76.6333236694336
2021-01-25,186.62254333496094,51.57940673828125,53.122825622558594,85.96927642822266,76.64173126220703
2021-01-26,185.94627380371094,51.51182174682617,53.02145767211914,85.71864318847656,76.6333236694336
2021-01-27,181.48126220703125,50.26985168457031,51.7882194519043,83.6598129272461,76.6333236694336
2021-01-28,182.9078826904297,50.6077995300293,52.15143966674805,84.34011840820312,76.64173126220703
2021-01-29,179.70269775390625,49.492576599121094,50.94351577758789,82.68409729003906,76.64173126220703
2021-02-01,182.76890563964844,50.33745193481445,51.864234924316406,84.09841918945312,76.64173126220703
2021-02-02,185.39047241210938,50.92885208129883,52.48930740356445,85.2621078491211,76.6333236694336
2021-02-03,185.6683807373047,51.080936431884766,52.683589935302734,85.39636993408203,76.6333236694336
2021-02-04,188.0212860107422,51.148521423339844,52.7342643737793,85.9871826171875,76.64173126220703
2021-02-05,189.0773468017578,51.51182174682617,53.09748077392578,86.51532745361328,76.64173126220703
2021-02-08,190.7725830078125,51.79062271118164,53.42692184448242,87.11505889892578,76.64173126220703
2021-02-09,190.84666442871094,52.162376403808594,53.79013442993164,87.38359069824219,76.64173126220703
2021-02-10,190.7633056640625,52.137020111083984,53.72256088256836,87.37466430664062,76.6333236694336
2021-02-11,191.2172393798828,52.5172119140625,54.12801742553711,87.82222747802734,76.64173126220703
2021-02-12,192.20843505859375,52.76223373413086,54.38986587524414,88.242919921875,76.6333236694336
2021-02-16,191.86569213867188,53.015682220458984,54.634830474853516,88.35930633544922,76.64173126220703
2021-02-17,191.4673309326172,52.855167388916016,54.3983154296875,88.07284545898438,76.64173126220703
2021-02-18,190.36495971679688,52.39047622680664,53.94218063354492,87.59842681884766,76.6333236694336
2021-02-19,190.80038452148438,52.62705612182617,54.24626541137695,87.82222747802734,76.64173126220703
2021-02-22,188.98472595214844,52.07789611816406,53.671878814697266,86.88230895996094,76.6333236694336
2021-02-23,188.9569091796875,52.21306610107422,53.807029724121094,87.04344177246094,76.6333236694336
2021-02-24,191.07827758789062,52.22150421142578,53.82392501831055,87.59842681884766,76.62495422363281
2021-02-25,186.0852508544922,51.24146270751953,52.8525276184082,85.6022720336914,76.6333236694336
2021-02-26,185.34414672851562,50.523311614990234,52.117637634277344,84.89512634277344,76.6333236694336
2021-03-01,190.10562133789062,51.61320495605469,53.25797653198242,86.9091567993164,76.62495422363281
2021-03-02,188.31773376464844,51.520267486572266,53.046810150146484,86.34523010253906,76.62495422363281
2021-03-03,185.60354614257812,51.18232345581055,52.793399810791016,85.43219757080078,76.6333236694336
2021-03-04,182.66702270507812,50.4895133972168,52.117637634277344,84.18795013427734,76.6333236694336
2021-03-05,185.96481323242188,50.96265411376953,52.50620651245117,85.34266662597656,76.6333236694336
2021-03-08,185.05699157714844,50.405025482177734,51.9571533203125,84.73397827148438,76.62495422363281
2021-03-09,187.9286651611328,51.1569709777832,52.759605407714844,86.04983520507812,76.62495422363281
2021-03-10,189.27188110351562,51.27525329589844,52.90320587158203,86.45264434814453,76.62495422363281
2021-03-11,191.7452850341797,51.95960235595703,53.64653778076172,87.56261444091797,76.6333236694336
2021-03-12,192.12501525878906,51.79062271118164,53.47760009765625,87.57157897949219,76.62495422363281
2021-03-15,193.46826171875,51.86667251586914,53.5874137878418,87.9385757446289,76.62495422363281
2021-03-16,192.69012451171875,51.968048095703125,53.7141227722168,87.8669662475586,76.62495422363281
2021-03-17,193.4219512939453,52.20461654663086,53.93373489379883,88.242919921875,76.6333236694336
2021-03-18,189.90182495117188,51.6385498046875,53.30022048950195,86.95393371582031,76.62495422363281
2021-03-19,190.1426544189453,51.875118255615234,53.570526123046875,87.04344177246094,76.62495422363281
2021-03-22,191.1708984375,51.86156463623047,53.5662841796875,87.43204498291016,76.62495422363281
2021-03-23,188.99398803710938,51.133018493652344,52.753387451171875,86.34611511230469,76.6333236694336
2021-03-24,187.42843627929688,50.55698013305664,52.18606185913086,85.6550521850586,76.62495422363281
2021-03-25,188.81515502929688,50.85346221923828,52.5247688293457,86.1486587524414,76.62495422363281
2021-03-26,191.90089416503906,51.69213104248047,53.38846206665039,87.49488067626953,76.62495422363281
2021-03-29,190.9993133544922,51.45493698120117,53.09209442138672,87.16279602050781,76.62495422363281
2021-03-30,190.94358825683594,51.42952346801758,53.109039306640625,87.14485931396484,76.6333236694336
2021-03-31,192.10536193847656,51.404109954833984,53.09209442138672,87.31537628173828,76.62495422363281
2021-04-01,194.51258850097656,52.056400299072266,53.81184387207031,88.46414947509766,76.6333236694336
2021-04-05,196.78042602539062,52.60703659057617,54.404579162597656,89.47830200195312,76.62495422363281
2021-04-06,196.85482788085938,52.32748031616211,54.09128189086914,89.28982543945312,76.61656951904297
2021-04-07,196.68748474121094,52.183467864990234,53.96426773071289,89.15520477294922,76.61656951904297
2021-04-08,197.83074951171875,52.530792236328125,54.30295944213867,89.72059631347656,76.62495422363281
2021-04-09,199.0296630859375,52.49691390991211,54.294490814208984,90.05265808105469,76.61656951904297
2021-04-12,199.08543395996094,52.23429870605469,53.97273254394531,89.86421966552734,76.61656951904297
2021-04-13,199.64312744140625,52.5053825378418,54.28602981567383,90.20523834228516,76.61656951904297
2021-04-14,199.19699096679688,52.623992919921875,54.42998123168945,90.1693344116211,76.61656951904297
2021-04-15,201.31610107421875,53.04754638671875,54.80255126953125,91.0398941040039,76.62495422363281
2021-04-16,201.82725524902344,53.32709884643555,55.16667175292969,91.3899154663086,76.62495422363281
2021-04-19,200.50747680664062,53.18308639526367,54.99732208251953,90.97708892822266,76.61656951904297
2021-04-20,198.667236328125,52.39524841308594,54.2352294921875,89.95396423339844,76.61656951904297
2021-04-21,201.03724670410156,52.85270309448242,54.751747131347656,90.86936950683594,76.61656951904297
2021-04-22,199.46652221679688,52.68327331542969,54.52312469482422,90.29499053955078,76.62495422363281
2021-04-23,201.88307189941406,53.2508544921875,55.141265869140625,91.34503173828125,76.62495422363281
2021-04-26,202.61732482910156,53.36098861694336,55.20901107788086,91.61427307128906,76.61656951904297
2021-04-27,202.52439880371094,53.20850372314453,55.12432861328125,91.51556396484375,76.62495422363281
2021-04-28,202.49644470214844,53.5050048828125,55.35295104980469,91.68609619140625,76.61656951904297
2021-04-29,203.26791381835938,53.479576110839844,55.34447479248047,91.89250183105469,76.61656951904297
2021-04-30,201.78082275390625,52.72563552856445,54.56546401977539,90.92321014404297,76.62495422363281
2021-05-03,202.1339874267578,53.149208068847656,55.03117752075195,91.34503173828125,76.62495422363281
2021-05-04,200.6190185546875,52.4630241394043,54.31990051269531,90.45652770996094,76.61656951904297
2021-05-05,200.58184814453125,53.02212142944336,54.87876510620117,90.86038970947266,76.62495422363281
2021-05-06,201.6042022705078,53.45417022705078,55.302146911621094,91.46172332763672,76.62495422363281
2021-05-07,203.3144073486328,54.04716110229492,55.95416259765625,92.32329559326172,76.61656951904297
2021-05-10,200.9257049560547,53.5897102355957,55.496910095214844,91.3899154663086,76.61656951904297
2021-05-11,199.30850219726562,53.04754638671875,54.89569854736328,90.59115600585938,76.61656951904297
2021-05-12,194.81932067871094,52.0140495300293,53.8203125,88.63467407226562,76.60823059082031
2021-05-13,196.96633911132812,52.276649475097656,54.10821533203125,89.46033477783203,76.60823059082031
2021-05-14,200.33090209960938,53.174617767333984,55.014244079589844,90.90528106689453,76.60823059082031
2021-05-17,199.9033660888672,53.09836959838867,54.92957305908203,90.72576141357422,76.61656951904297
2021-05-18,198.3419189453125,53.38640594482422,55.259822845458984,90.56424713134766,76.61656951904297
2021-05-19,197.76565551757812,53.005191802978516,54.870296478271484,90.08856201171875,76.60823059082031
2021-05-20,199.9126739501953,53.60664367675781,55.46303176879883,91.12064361572266,76.60823059082031
2021-05-21,199.8011474609375,53.462642669677734,55.31061553955078,90.99503326416016,76.61656951904297
2021-05-24,201.81796264648438,53.8269157409668,55.70859146118164,91.72198486328125,76.60823059082031
2021-05-25,201.26031494140625,53.99634552001953,55.86102294921875,91.73991394042969,76.60823059082031
2021-05-26,201.98526000976562,54.09799575805664,55.988040924072266,91.96427917480469,76.60823059082031
2021-05-27,202.35711669921875,54.14882278442383,56.115047454833984,92.09890747070312,76.61656951904297
2021-05-28,202.70095825195312,54.394493103027344,56.2420654296875,92.35920715332031,76.61656951904297
2021-06-01,202.7845916748047,54.87736129760742,56.77552032470703,92.70919799804688,76.60823059082031
2021-06-02,203.0541534423828,55.0213623046875,56.902530670166016,92.84381103515625,76.60823059082031
2021-06-03,202.152587890625,54.614742279052734,56.47068405151367,92.33228302001953,76.60823059082031
2021-06-04,203.90919494628906,55.14844512939453,57.012603759765625,93.2117919921875,76.61656951904297
2021-06-07,204.0765380859375,55.20774459838867,57.0549430847168,93.27461242675781,76.59984588623047
2021-06-08,204.49481201171875,55.072208404541016,56.961788177490234,93.24768829345703,76.59984588623047
2021-06-09,203.91851806640625,54.91124725341797,56.76704788208008,93.00536346435547,76.59984588623047
2021-06-10,204.820068359375,55.13996505737305,57.021080017089844,93.46307373046875,76.59984588623047
2021-06-11,205.42417907714844,55.173851013183594,57.08882141113281,93.63360595703125,76.60823059082031
2021-06-14,205.74020385742188,55.30092239379883,57.156558990478516,93.79517364501953,76.59984588623047
2021-06-15,205.2011260986328,55.233150482177734,57.10575866699219,93.6066665649414,76.59984588623047
2021-06-16,204.17880249023438,54.75875473022461,56.614646911621094,92.99638366699219,76.60823059082031
2021-06-17,203.98358154296875,54.555450439453125,56.352142333984375,92.75406646728516,76.59984588623047
2021-06-18,201.45555114746094,53.65747833251953,55.45457077026367,91.38094329833984,76.60823059082031
2021-06-21,204.23452758789062,54.2612419128418,56.098941802978516,92.63916015625,76.59984588623047
2021-06-22,205.3963165283203,54.21000671386719,56.09040451049805,92.87367248535156,76.59984588623047
2021-06-23,205.3126678466797,54.0562858581543,55.91971206665039,92.7383804321289,76.59984588623047
2021-06-24,206.7064208984375,54.56867599487305,56.42325973510742,93.41484069824219,76.60823059082031
2021-06-25,207.480224609375,54.77362060546875,56.67930603027344,93.7846450805664,76.60823059082031
2021-06-28,207.71331787109375,54.56867599487305,56.44886779785156,93.68541717529297,76.59984588623047
2021-06-29,207.7226104736328,54.54304504394531,56.43180847167969,93.70346069335938,76.59984588623047
2021-06-30,207.73196411132812,54.133148193359375,56.05625915527344,93.45091247558594,76.59984588623047
2021-07-01,208.8600311279297,54.175846099853516,56.107479095458984,93.79365539550781,76.60823059082031
2021-07-02,210.01605224609375,54.286869049072266,56.18429183959961,94.19050598144531,76.59984588623047
2021-07-06,209.5592498779297,53.74031448364258,55.72341537475586,93.71248626708984,76.59146881103516
2021-07-07,209.8389434814453,53.936737060546875,55.902645111083984,93.94699096679688,76.59146881103516
2021-07-08,208.06756591796875,53.065677642822266,55.049156188964844,92.87367248535156,76.59984588623047
2021-07-09,210.5847625732422,54.039207458496094,55.99653244018555,94.24462890625,76.59984588623047
2021-07-12,211.17208862304688,54.15876007080078,56.11600112915039,94.4701156616211,76.59984588623047
2021-07-13,209.99742126464844,53.987972259521484,55.95384216308594,94.02816772460938,76.59984588623047
2021-07-14,209.70840454101562,54.133148193359375,56.0477294921875,94.1003189086914,76.59146881103516
2021-07-15,208.97190856933594,53.80863952636719,55.75755310058594,93.69444274902344,76.59984588623047
2021-07-16,207.33108520507812,53.381656646728516,55.330814361572266,92.9728775024414,76.59984588623047
2021-07-19,204.3850555419922,52.4593620300293,54.391998291015625,91.56585693359375,76.59146881103516
2021-07-20,207.91839599609375,52.775333404541016,54.7077751159668,92.66622161865234,76.59146881103516
2021-07-21,209.78302001953125,53.4499626159668,55.40763473510742,93.61327362060547,76.59146881103516
2021-07-22,209.96011352539062,53.51828384399414,55.47589111328125,93.71248626708984,76.59984588623047
2021-07-23,212.05776977539062,53.55244445800781,55.535640716552734,94.32581329345703,76.59146881103516
2021-07-26,212.48660278320312,53.30479049682617,55.305206298828125,94.21757507324219,76.59984588623047
2021-07-27,211.33990478515625,52.843650817871094,54.818721771240234,93.60425567626953,76.59146881103516
2021-07-28,211.66619873046875,53.41580581665039,55.40763473510742,94.1003189086914,76.59146881103516
2021-07-29,212.59848022460938,53.731781005859375,55.7490119934082,94.560302734375,76.59984588623047
2021-07-30,211.33990478515625,53.36457061767578,55.42470169067383,94.02816772460938,76.59146881103516
2021-08-02,211.0415802001953,53.66345977783203,55.6551399230957,94.1003189086914,76.59146881103516
2021-08-03,212.55189514160156,54.01359176635742,56.02212905883789,94.79481506347656,76.59146881103516
2021-08-04,211.60093688964844,53.936737060546875,55.970916748046875,94.48815155029297,76.59146881103516
2021-08-05,213.11123657226562,54.133148193359375,56.13307571411133,94.95719146728516,76.59146881103516
2021-08-06,213.3722686767578,53.85987854003906,55.86849594116211,94.87600708007812,76.59984588623047
2021-08-09,213.28839111328125,53.89402770996094,55.877037048339844,94.83089447021484,76.59984588623047
2021-08-10,213.42822265625,54.01359176635742,55.97946548461914,94.9030532836914,76.59146881103516
2021-08-11,213.84776306152344,54.30393981933594,56.32084655761719,95.28186798095703,76.59146881103516
2021-08-12,214.4444122314453,54.133148193359375,56.13307571411133,95.28186798095703,76.59146881103516
2021-08-13,214.5656280517578,54.329559326171875,56.32084655761719,95.49832153320312,76.59984588623047
2021-08-16,214.6495361328125,53.987972259521484,55.9453239440918,95.28186798095703,76.58309936523438
2021-08-17,213.05535888671875,53.338951110839844,55.262535095214844,94.38894653320312,76.58309936523438
2021-08-18,210.92971801757812,53.21940231323242,55.15158462524414,93.75755310058594,76.58309936523438
2021-08-19,210.77122497558594,52.58746337890625,54.50294494628906,93.27051544189453,76.59984588623047
2021-08-20,212.6637420654297,52.69847106933594,54.64802932739258,93.83875274658203,76.59984588623047
2021-08-23,214.72409057617188,53.287715911865234,55.2369270324707,94.82189178466797,76.58309936523438
2021-08-24,215.4885711669922,53.76593780517578,55.740478515625,95.33596801757812,76.58309936523438
2021-08-25,216.1038818359375,53.783016204833984,55.79168701171875,95.50736236572266,76.58309936523438
2021-08-26,214.65884399414062,53.43289566040039,55.416160583496094,94.87600708007812,76.59146881103516
2021-08-27,216.97088623046875,54.005043029785156,56.02212905883789,95.88616180419922,76.59146881103516
2021-08-30,217.79132080078125,54.01359176635742,56.03919219970703,96.11166381835938,76.59146881103516
2021-08-31,217.381103515625,54.175846099853516,56.235504150390625,96.1567611694336,76.58309936523438
2021-09-01,217.76333618164062,54.68822479248047,56.73051452636719,96.62577056884766,76.58309936523438
2021-09-02,218.4998779296875,54.84193801879883,56.88413619995117,96.92340850830078,76.59984588623047
2021-09-03,218.4252471923828,55.13228988647461,57.1828498840332,97.09477996826172,76.58309936523438
2021-09-07,217.483642578125,55.16645050048828,57.165794372558594,96.83322143554688,76.58309936523438
2021-09-08,216.97088623046875,54.63698196411133,56.58542251586914,96.3461685180664,76.58309936523438
2021-09-09,216.21578979492188,54.56867599487305,56.534210205078125,96.09361267089844,76.58309936523438
2021-09-10,214.5003662109375,54.440574645996094,56.43180847167969,95.60658264160156,76.59146881103516
2021-09-13,214.98512268066406,54.782161712646484,56.798789978027344,95.9493179321289,76.59146881103516
2021-09-14,213.68927001953125,54.47473907470703,56.50860595703125,95.38107299804688,76.58309936523438
2021-09-15,215.45126342773438,54.67113494873047,56.645172119140625,95.95833587646484,76.58309936523438
2021-09-16,215.25550842285156,54.38079833984375,56.37205505371094,95.74186706542969,76.59146881103516
2021-09-17,213.53079223632812,53.80009841918945,55.766082763671875,94.79481506347656,76.58309936523438
2021-09-20,209.82958984375,52.637901306152344,54.596405029296875,93.08524322509766,76.59146881103516
2021-09-21,209.8109588623047,53.14469528198242,55.0855712890625,93.375,76.58309936523438
2021-09-22,211.92724609375,53.53983688354492,55.52322769165039,94.27144622802734,76.58309936523438
2021-09-23,214.50965881347656,54.06380081176758,56.08102798461914,95.33088684082031,76.59146881103516
2021-09-24,214.76593017578125,53.54840850830078,55.54896545410156,94.98678588867188,76.58309936523438
2021-09-27,214.29832458496094,53.6772575378418,55.63479232788086,94.92341613769531,76.58309936523438
2021-09-28,209.80923461914062,52.603553771972656,54.56208801269531,92.94942474365234,76.58309936523438
2021-09-29,209.94952392578125,52.423160552978516,54.33037567138672,92.84074401855469,76.59146881103516
2021-09-30,207.67689514160156,52.36302947998047,54.287471771240234,92.20690155029297,76.59146881103516
2021-10-01,210.53868103027344,52.50046920776367,54.44193649291992,92.94942474365234,76.59146881103516
2021-10-04,207.36827087402344,51.942134857177734,53.875545501708984,91.8628158569336,76.57469940185547
2021-10-05,209.30419921875,52.29432678222656,54.20165252685547,92.57815551757812,76.58309936523438
2021-10-06,210.1739501953125,51.96790313720703,53.88413619995117,92.57815551757812,76.58309936523438
2021-10-07,212.19407653808594,52.58636474609375,54.50200653076172,93.49271392822266,76.58309936523438
2021-10-08,211.72642517089844,52.62931442260742,54.57065963745117,93.40216827392578,76.58309936523438
2021-10-11,210.2019805908203,52.46611022949219,54.40761947631836,92.91320037841797,76.58309936523438
2021-10-12,210.05238342285156,52.40598678588867,54.37328338623047,92.84074401855469,76.58309936523438
2021-10-13,211.0063018798828,52.99867248535156,54.99116516113281,93.50176239013672,76.58309936523438
2021-10-14,214.51344299316406,53.43675231933594,55.4545783996582,94.7966079711914,76.57469940185547
2021-10-15,215.7852783203125,53.89201736450195,55.93513870239258,95.46671295166016,76.58309936523438
2021-10-18,216.57090759277344,53.728797912597656,55.763511657714844,95.5572280883789,76.57469940185547
2021-10-19,218.1514434814453,54.141109466552734,56.20975875854492,96.24542999267578,76.57469940185547
2021-10-20,219.00254821777344,54.31290817260742,56.35564041137695,96.59856414794922,76.57469940185547
2021-10-21,219.60108947753906,53.96931838989258,56.02095413208008,96.55328369140625,76.57469940185547
2021-10-22,219.18020629882812,54.14970016479492,56.19260025024414,96.60762786865234,76.57469940185547
2021-10-25,220.5269317626953,54.18405532836914,56.25266647338867,96.92455291748047,76.58309936523438
2021-10-26,220.44276428222656,54.1668815612793,56.20975875854492,96.8792724609375,76.56634521484375
2021-10-27,218.93707275390625,53.87483596801758,55.909400939941406,96.30879211425781,76.56634521484375
2021-10-28,221.27513122558594,54.26995849609375,56.321311950683594,97.17809295654297,76.58309936523438
2021-10-29,221.56500244140625,53.797515869140625,55.84931564331055,96.95171356201172,76.58309936523438
2021-11-01,222.66859436035156,54.32149124145508,56.38996887207031,97.54934692382812,76.58309936523438
2021-11-02,223.36065673828125,54.046630859375,56.10676574707031,97.56745147705078,76.56634521484375
2021-11-03,224.94122314453125,54.407386779785156,56.47578048706055,98.21940612792969,76.56634521484375
2021-11-04,225.7922821044922,54.35585021972656,56.41571044921875,98.38241577148438,76.57469940185547
2021-11-05,226.6620330810547,54.45034408569336,56.535858154296875,98.6993179321289,76.57469940185547
2021-11-08,227.03610229492188,54.64790725708008,56.716068267822266,98.9075927734375,76.58309936523438
2021-11-09,226.38148498535156,54.50188064575195,56.544437408447266,98.63594055175781,76.56634521484375
2021-11-10,224.15562438964844,53.96072006225586,55.97805404663086,97.68516540527344,76.56634521484375
2021-11-11,224.42686462402344,54.33866882324219,56.34706115722656,97.9930419921875,76.57469940185547
2021-11-12,226.09152221679688,54.63071823120117,56.67317581176758,98.64497375488281,76.57469940185547
2021-11-15,226.09152221679688,54.50188064575195,56.55302429199219,98.59066009521484,76.57469940185547
2021-11-16,227.0641632080078,54.41598129272461,56.43288040161133,98.76271057128906,76.56634521484375
2021-11-17,226.12896728515625,54.26136779785156,56.30415344238281,98.4005126953125,76.56634521484375
2021-11-18,226.48434448242188,54.141109466552734,56.14967727661133,98.43672943115234,76.57469940185547
2021-11-19,225.83900451660156,53.797515869140625,55.78925323486328,97.9930419921875,76.57469940185547
2021-11-22,224.75416564941406,53.46251678466797,55.43741226196289,97.43162536621094,76.57469940185547
2021-11-23,224.82899475097656,53.43675231933594,55.40308380126953,97.41351318359375,76.56634521484375
2021-11-24,225.5865020751953,53.19624710083008,55.17995834350586,97.46784210205078,76.57469940185547
2021-11-26,220.70465087890625,51.66726303100586,53.60093307495117,95.01395416259766,76.56634521484375
2021-11-29,222.78085327148438,51.89918899536133,53.832645416259766,95.85606384277344,76.57469940185547
2021-11-30,218.3291778564453,51.48687744140625,53.47221374511719,94.41629791259766,76.56634521484375
2021-12-01,215.2522430419922,51.3322639465332,53.21476364135742,93.42027282714844,76.57469940185547
2021-12-02,218.74998474121094,52.02803421020508,53.91846466064453,94.86000061035156,76.57469940185547
2021-12-03,216.215576171875,51.6844482421875,53.53228759765625,93.98169708251953,76.56634521484375
2021-12-06,218.9931640625,52.139713287353516,54.05577087402344,95.01395416259766,76.56634521484375
2021-12-07,223.67861938476562,53.1618766784668,55.09413146972656,96.97887420654297,76.56634521484375
2021-12-08,224.64193725585938,53.26495361328125,55.22287368774414,97.34107208251953,76.57469940185547
2021-12-09,222.50027465820312,52.88700485229492,54.81094741821289,96.47179412841797,76.56634521484375
2021-12-10,224.0153045654297,52.96432113647461,54.89675521850586,96.96076202392578,76.57469940185547
2021-12-13,221.9765167236328,52.354454040527344,54.2274055480957,95.98282623291016,76.57469940185547
2021-12-14,220.3118438720703,52.14828872680664,54.012855529785156,95.38519287109375,76.57469940185547
2021-12-15,223.7067108154297,52.57777786254883,54.4590950012207,96.58952331542969,76.57469940185547
2021-12-16,221.20034790039062,52.637901306152344,54.52775573730469,96.04621887207031,76.56634521484375
2021-12-17,220.1902618408203,52.0623893737793,53.952789306640625,95.16789245605469,76.57469940185547
2021-12-20,217.0946502685547,51.72701644897461,53.58774948120117,94.296630859375,76.56634521484375
2021-12-21,221.3499298095703,52.41519546508789,54.30213928222656,95.89315795898438,76.5579833984375
2021-12-22,223.5384063720703,52.833335876464844,54.79001235961914,96.77810668945312,76.5579833984375
2021-12-23,225.08152770996094,53.16435623168945,55.09492874145508,97.39848327636719,76.5579833984375
2021-12-27,228.03709411621094,53.48667907714844,55.495689392089844,98.42938232421875,76.56634521484375
2021-12-28,227.5678253173828,53.46925735473633,55.4347038269043,98.3199234008789,76.5579833984375
2021-12-29,227.69920349121094,53.382137298583984,55.38243103027344,98.35639953613281,76.5579833984375
2021-12-30,227.3331756591797,53.477962493896484,55.46084213256836,98.27429962158203,76.56634521484375
2021-12-31,226.61045837402344,53.382137298583984,55.38243103027344,98.00972747802734,76.56634521484375
2022-01-03,228.04644775390625,53.730587005615234,55.739627838134766,98.57537841796875,76.5579833984375
2022-01-04,227.61471557617188,53.843833923339844,55.80931854248047,98.61186218261719,76.56634521484375
2022-01-05,222.6777801513672,53.321163177490234,55.25174331665039,96.9332275390625,76.56634521484375
2022-01-06,222.6215057373047,53.19919967651367,55.09492874145508,96.84197998046875,76.56634521484375
2022-01-07,221.60781860351562,53.43440628051758,55.33887481689453,96.70513153076172,76.56634521484375
2022-01-10,221.22296142578125,53.08596420288086,54.929405212402344,96.38582611083984,76.5579833984375
2022-01-11,223.42869567871094,53.90480422973633,55.71348190307617,97.49884033203125,76.54959106445312
2022-01-12,223.77593994140625,54.497169494628906,56.36688232421875,98.03710174560547,76.5579833984375
2022-01-13,220.5003204345703,54.044189453125,55.87900924682617,96.82373046875,76.56634521484375
2022-01-14,220.5847930908203,54.01805114746094,55.82674026489258,96.81459045410156,76.56634521484375
2022-01-18,216.2954559326172,53.2253303527832,54.99909973144531,95.1541748046875,76.54959106445312
2022-01-19,214.0240936279297,53.26888656616211,55.042659759521484,94.61592864990234,76.56634521484375
2022-01-20,211.5275115966797,53.12080383300781,54.88583755493164,93.84046173095703,76.56634521484375
2022-01-21,207.34141540527344,52.3629264831543,54.093048095703125,92.24391174316406,76.5579833984375
2022-01-24,208.67417907714844,51.77928161621094,53.46577835083008,92.12532806396484,76.56634521484375
2022-01-25,205.7552490234375,51.56149673461914,53.265403747558594,91.2130126953125,76.54959106445312
2022-01-26,204.95742797851562,51.23047637939453,52.92563247680664,90.80245971679688,76.5579833984375
2022-01-27,203.4369354248047,50.94300842285156,52.55101776123047,90.11824798583984,76.56634521484375
2022-01-28,208.4489288330078,51.07367706298828,52.80366516113281,91.60530853271484,76.54959106445312
2022-01-31,212.87904357910156,52.10158920288086,53.81427001953125,93.52115631103516,76.56634521484375
2022-02-01,214.5027618408203,52.580711364746094,54.2760009765625,94.2601318359375,76.5579833984375
2022-02-02,215.9200439453125,52.85074234008789,54.554779052734375,94.81664276123047,76.56634521484375
2022-02-03,210.7860107421875,52.119022369384766,53.82298278808594,92.98287963867188,76.56634521484375
2022-02-04,212.1844940185547,52.2148323059082,53.910099029541016,93.3934326171875,76.54959106445312
2022-02-07,211.64955139160156,52.28452682495117,53.98850631713867,93.28395080566406,76.54959106445312
2022-02-08,213.59234619140625,52.62425994873047,54.30213928222656,93.99556732177734,76.5579833984375
2022-02-09,217.06512451171875,53.43440628051758,55.19076156616211,95.52823638916016,76.54959106445312
2022-02-10,213.3858642578125,52.833335876464844,54.56349182128906,94.15065002441406,76.54959106445312
2022-02-11,209.2467498779297,52.136444091796875,53.81427001953125,92.51761627197266,76.54959106445312
2022-02-14,208.47711181640625,51.79671096801758,53.49191665649414,92.05232238769531,76.54122161865234
2022-02-15,212.1844940185547,52.76363754272461,54.467674255371094,93.6671142578125,76.5579833984375
2022-02-16,212.381591796875,52.972713470458984,54.71160125732422,93.94995880126953,76.5579833984375
2022-02-17,207.5572967529297,52.24968338012695,53.95365905761719,92.13444519042969,76.54959106445312
2022-02-18,205.8960418701172,51.92737579345703,53.61388397216797,91.48670959472656,76.5579833984375
2022-02-22,203.5308074951172,51.282737731933594,52.97792053222656,90.40103912353516,76.5579833984375
2022-02-23,199.7858428955078,50.83846664428711,52.4551887512207,89.14205169677734,76.54959106445312
2022-02-24,203.28677368164062,50.0718879699707,51.78435134887695,89.51610565185547,76.54959106445312
2022-02-25,207.81069946289062,51.221763610839844,52.96048355102539,91.49584197998047,76.54959106445312
2022-02-28,207.58544921875,50.50743865966797,52.28094482421875,90.93019104003906,76.54959106445312
2022-03-01,204.34735107421875,49.592777252197266,51.305198669433594,89.41576385498047,76.5680160522461
2022-03-02,208.22372436523438,50.03703689575195,51.8453369140625,90.74773406982422,76.5680160522461
2022-03-03,206.63751220703125,49.226905822753906,51.05254364013672,89.7989273071289,76.57640838623047
2022-03-04,204.57264709472656,48.13800811767578,49.867706298828125,88.48518371582031,76.57640838623047
2022-03-07,198.265380859375,46.561279296875,48.28211975097656,85.66614532470703,76.57640838623047
2022-03-08,197.14846801757812,46.78777313232422,48.56089782714844,85.5749282836914,76.57640838623047
2022-03-09,202.62037658691406,48.44289779663086,50.233604431152344,88.1567611694336,76.57640838623047
2022-03-10,201.70997619628906,47.833106994628906,49.60633850097656,87.47252655029297,76.57640838623047
2022-03-11,198.96929931640625,47.23203659057617,49.01393508911133,86.35950469970703,76.5680160522461
2022-03-14,197.00762939453125,47.197200775146484,48.9442253112793,85.82124328613281,76.57640838623047
2022-03-15,201.11866760253906,47.5020866394043,49.284000396728516,87.18059539794922,76.55964660644531
2022-03-16,206.14947509765625,49.60147476196289,51.41844940185547,89.94490051269531,76.57640838623047
2022-03-17,208.9088592529297,49.84540557861328,51.67981719970703,90.88458251953125,76.57640838623047
2022-03-18,211.34913635253906,50.40291213989258,52.28094482421875,91.85163879394531,76.5680160522461
2022-03-21,211.1520538330078,50.01543426513672,51.896968841552734,91.62022399902344,76.5680160522461
2022-03-22,213.7425537109375,50.58269119262695,52.45547866821289,92.66291046142578,76.5680160522461
2022-03-23,210.83139038085938,50.03287887573242,51.914432525634766,91.52875518798828,76.58477783203125
2022-03-24,213.83477783203125,50.364505767822266,52.272216796875,92.56230163574219,76.58477783203125
2022-03-25,214.748046875,50.35578155517578,52.237308502197266,92.77268981933594,76.5680160522461
2022-03-28,216.14149475097656,50.26851272583008,52.14131546020508,93.07450103759766,76.5680160522461
2022-03-29,219.41793823242188,51.21977233886719,53.162330627441406,94.58367156982422,76.5680160522461
2022-03-30,217.6385040283203,51.05396270751953,52.97906494140625,94.06232452392578,76.58477783203125
2022-03-31,214.35264587402344,50.25979232788086,52.132591247558594,92.64462280273438,76.58477783203125
2022-04-01,215.20938110351562,50.783409118652344,52.699806213378906,93.23915100097656,76.58477783203125
2022-04-04,217.03590393066406,51.184871673583984,53.12742233276367,93.99829864501953,76.57640838623047
2022-04-05,213.86300659179688,50.460514068603516,52.403114318847656,92.64462280273438,76.5680160522461
2022-04-06,211.4057159423828,49.867069244384766,51.74862289428711,91.61106872558594,76.57640838623047
2022-04-07,212.20602416992188,49.832157135009766,51.713714599609375,91.8214340209961,76.57640838623047
2022-04-08,211.54693603515625,49.867069244384766,51.73117446899414,91.60192108154297,76.5680160522461
2022-04-11,208.24221801757812,49.31725311279297,51.12030792236328,90.32142639160156,76.57640838623047
2022-04-12,207.60202026367188,49.02052688598633,50.8410530090332,89.94641876220703,76.57640838623047
2022-04-13,210.32296752929688,49.561614990234375,51.44319152832031,91.05314636230469,76.57640838623047
2022-04-14,207.7620849609375,49.247432708740234,51.10285186767578,90.18423461914062,76.5680160522461
2022-04-18,207.40431213378906,48.99434280395508,50.91086959838867,89.92810821533203,76.57640838623047
2022-04-19,211.05734252929688,49.13399124145508,51.01558303833008,90.9525146484375,76.5680160522461
2022-04-20,210.7843017578125,49.30852508544922,51.198848724365234,91.02571105957031,76.58477783203125
2022-04-21,207.3384246826172,48.64525604248047,50.535621643066406,89.63542938232422,76.58477783203125
2022-04-22,201.68939208984375,47.92090606689453,49.75022888183594,87.60491180419922,76.57640838623047
2022-04-25,202.7908935546875,47.606719970703125,49.40989303588867,87.70552062988281,76.58477783203125
2022-04-26,197.01007080078125,46.419822692871094,48.1445426940918,85.30914306640625,76.57640838623047
2022-04-27,197.3960723876953,46.72528076171875,48.46742630004883,85.6292724609375,76.57640838623047
2022-04-28,202.20721435546875,47.42345428466797,49.18300247192383,87.40370178222656,76.5931396484375
2022-04-29,194.77871704101562,47.004554748535156,48.746681213378906,85.1445083618164,76.57640838623047
2022-05-02,196.24746704101562,46.89982604980469,48.598323822021484,85.41889953613281,76.58477783203125
2022-05-03,197.17955017089844,47.257633209228516,49.01720428466797,85.87623596191406,76.57640838623047
2022-05-04,202.9604034423828,48.016902923583984,49.72405242919922,87.93419647216797,76.5931396484375
2022-05-05,195.47540283203125,46.446014404296875,48.13582229614258,84.93415069580078,76.5931396484375
2022-05-06,193.90313720703125,45.95730209350586,47.63840103149414,84.09268188476562,76.5931396484375
2022-05-09,187.0301055908203,44.61330032348633,46.181053161621094,81.3030014038086,76.58477783203125
2022-05-10,187.40673828125,44.831485748291016,46.416683197021484,81.58654022216797,76.58477783203125
2022-05-11,184.01727294921875,44.56966781616211,46.163612365722656,80.54383087158203,76.58477783203125
2022-05-12,184.2150115966797,44.43003463745117,45.98908233642578,80.42493438720703,76.5931396484375
2022-05-13,189.1485137939453,45.63438415527344,47.228248596191406,82.64751434326172,76.6015396118164
2022-05-16,188.2164306640625,45.65184020996094,47.21953201293945,82.38229370117188,76.5931396484375
2022-05-17,192.2366180419922,46.55073928833008,48.18817901611328,84.08352661132812,76.5931396484375
2022-05-18,184.71401977539062,45.468563079833984,47.07990264892578,81.2846908569336,76.5931396484375
2022-05-19,183.89491271972656,45.95730209350586,47.594764709472656,81.49507141113281,76.60991668701172
2022-05-20,183.89491271972656,46.2191047668457,47.86528778076172,81.7237319946289,76.60991668701172
2022-05-23,187.03956604003906,46.86491394042969,48.554683685302734,83.00423431396484,76.60991668701172
2022-05-24,185.1658935546875,46.55946350097656,48.17073059082031,82.29996490478516,76.6015396118164
2022-05-25,187.2278594970703,46.646728515625,48.24925994873047,82.88533020019531,76.60991668701172
2022-05-26,191.05975341796875,47.18782424926758,48.82521438598633,84.28474426269531,76.62665557861328
2022-05-27,195.89910888671875,47.763816833496094,49.444793701171875,85.9859848022461,76.60991668701172
2022-05-31,194.28915405273438,47.772552490234375,49.488433837890625,85.56523132324219,76.6015396118164
2022-06-01,193.00869750976562,47.362361907958984,49.00846862792969,84.92499542236328,76.60236358642578
2022-06-02,196.94419860839844,48.28744125366211,49.98585510253906,86.64452362060547,76.61912536621094
2022-06-03,193.79953002929688,47.5456428527832,49.22663497924805,85.25428771972656,76.60236358642578
2022-06-06,194.37387084960938,47.73763656616211,49.444793701171875,85.58354187011719,76.6107177734375
2022-06-07,196.48284912109375,47.92090606689453,49.593162536621094,86.21463775634766,76.60236358642578
2022-06-08,194.27969360351562,47.52817916870117,49.19173812866211,85.3640365600586,76.6107177734375
2022-06-09,189.62867736816406,46.51582717895508,48.161991119384766,83.43412017822266,76.61912536621094
2022-06-10,183.9984893798828,45.60820388793945,47.20207595825195,81.24812316894531,76.60236358642578
2022-06-13,176.48526000976562,44.07222366333008,45.613834381103516,78.22062683105469,76.6107177734375
2022-06-14,175.98623657226562,43.976226806640625,45.509117126464844,77.97368621826172,76.60236358642578
2022-06-15,178.54714965820312,44.70930862426758,46.215965270996094,79.20845031738281,76.6107177734375
2022-06-16,172.3144073486328,43.58350372314453,45.02043151855469,76.72061920166016,76.62751770019531
2022-06-17,172.9640350341797,43.45259475708008,44.880802154541016,76.80293273925781,76.61912536621094
2022-06-21,177.1537322998047,44.157203674316406,45.64792251586914,78.41321563720703,76.63589477539062
2022-06-22,177.12547302246094,43.680397033691406,45.14474868774414,77.97101593017578,76.64425659179688
2022-06-23,178.7315216064453,43.64508056640625,45.08295440673828,78.44083404541016,76.64425659179688
2022-06-24,184.507080078125,44.81943130493164,46.31000518798828,80.79912567138672,76.62751770019531
2022-06-27,183.93992614746094,44.77527618408203,46.257041931152344,80.59646606445312,76.62751770019531
2022-06-28,180.14939880371094,44.554527282714844,46.0186882019043,79.45414733886719,76.64425659179688
2022-06-29,179.84690856933594,44.29847717285156,45.72737503051758,79.21463012695312,76.65262603759766
2022-06-30,178.2966766357422,44.11305618286133,45.55964279174805,78.61585998535156,76.66104125976562
2022-07-01,180.17774963378906,44.104225158691406,45.5419921875,79.10409545898438,76.65514373779297
2022-07-05,180.8205108642578,43.31837463378906,44.703369140625,78.6895751953125,76.65514373779297
2022-07-06,181.17974853515625,43.238922119140625,44.62392044067383,78.7356185913086,76.65514373779297
2022-07-07,184.16680908203125,43.97177505493164,45.40074920654297,79.98847961425781,76.65514373779297
2022-07-08,183.97775268554688,44.024757385253906,45.436065673828125,79.9608383178711,76.64676666259766
2022-07-11,181.65234375,43.17710876464844,44.55329513549805,78.7724838256836,76.65514373779297
2022-07-12,180.08322143554688,43.115291595458984,44.49150466918945,78.32108306884766,76.64676666259766
2022-07-13,179.29864501953125,43.04465866088867,44.43852996826172,78.04472351074219,76.64676666259766
2022-07-14,178.50460815429688,42.50605392456055,43.838253021240234,77.4459228515625,76.65514373779297
2022-07-15,181.9737548828125,43.009334564208984,44.38555908203125,78.74483489990234,76.64676666259766
2022-07-18,180.71653747558594,43.24774169921875,44.668052673339844,78.60665893554688,76.64676666259766
2022-07-19,185.76429748535156,44.25432586669922,45.72737503051758,80.61489868164062,76.64676666259766
2022-07-20,187.26730346679688,44.01592254638672,45.480201721191406,80.88204193115234,76.64676666259766
2022-07-21,189.12001037597656,44.49272918701172,45.99220657348633,81.73876190185547,76.67192840576172
2022-07-22,187.06875610351562,44.2719841003418,45.7626838684082,81.03865051269531,76.68031311035156
2022-07-25,187.323974609375,44.58985900878906,46.071651458740234,81.34264373779297,76.67192840576172
2022-07-26,185.00811767578125,44.0600700378418,45.533164978027344,80.3569564819336,76.67192840576172
2022-07-27,189.8667755126953,44.99601745605469,46.50421905517578,82.30068969726562,76.67192840576172
2022-07-28,192.34336853027344,45.2520866394043,46.78670120239258,83.10215759277344,76.68031311035156
2022-07-29,194.96177673339844,45.60527420043945,47.21925735473633,84.10625457763672,76.68869018554688
2022-08-01,194.50804138183594,45.54346466064453,47.08683776855469,83.90360260009766,76.69456481933594
2022-08-02,193.45880126953125,44.96070098876953,46.50421905517578,83.24956512451172,76.70294189453125
2022-08-03,196.5687255859375,45.26090621948242,46.804344177246094,84.23523712158203,76.69456481933594
2022-08-04,196.379638671875,45.508140563964844,47.0515251159668,84.3734130859375,76.71134948730469
2022-08-05,196.31350708007812,45.243255615234375,46.8220100402832,84.17998504638672,76.72815704345703
2022-08-08,196.49310302734375,45.39335250854492,46.96324920654297,84.29971313476562,76.73652648925781
2022-08-09,195.2548065185547,45.18144226074219,46.71607208251953,83.84832763671875,76.72815704345703
2022-08-10,199.70704650878906,46.082069396972656,47.68711853027344,85.69995880126953,76.73652648925781
2022-08-11,199.7164764404297,46.152706146240234,47.75774002075195,85.75521850585938,76.73652648925781
2022-08-12,203.17613220214844,46.541202545166016,48.1373291015625,86.91594696044922,76.7533187866211
2022-08-15,203.97019958496094,46.249839782714844,47.863670349121094,86.93437957763672,76.74494171142578
2022-08-16,204.40499877929688,46.311641693115234,47.890159606933594,87.03571319580078,76.7533187866211
2022-08-17,202.57118225097656,45.976104736328125,47.55470657348633,86.34481811523438,76.7533187866211
2022-08-18,203.10052490234375,45.79951858520508,47.36932373046875,86.35401916503906,76.7868881225586
2022-08-19,200.19854736328125,45.20793914794922,46.733734130859375,85.147216796875,76.7868881225586
2022-08-22,195.91650390625,44.57219314575195,46.06283187866211,83.57196044921875,76.79525756835938
2022-08-23,195.5478057861328,44.6693229675293,46.18640899658203,83.53510284423828,76.77849578857422
2022-08-24,196.37022399902344,44.72229766845703,46.27469253540039,83.8115005493164,76.80366516113281
2022-08-25,199.2154541015625,45.3580322265625,46.8838005065918,85.0274887084961,76.81205749511719
2022-08-26,192.61752319335938,44.32495880126953,45.81565856933594,82.50334930419922,76.81205749511719
2022-08-29,191.2090606689453,44.174861907958984,45.6832389831543,82.05197143554688,76.81205749511719
2022-08-30,189.08218383789062,43.78636169433594,45.27716064453125,81.22286987304688,76.82047271728516
2022-08-31,187.69264221191406,43.60092544555664,45.10061264038086,80.69779205322266,76.83723449707031
2022-09-01,187.80606079101562,43.115291595458984,44.60626220703125,80.40299987792969,76.85321807861328
2022-09-02,185.9438934326172,42.850406646728516,44.33259963989258,79.72130584716797,76.86161804199219
2022-09-06,185.18771362304688,42.60317611694336,44.05012130737305,79.33441925048828,76.86161804199219
2022-09-07,188.60955810546875,42.93870544433594,44.429710388183594,80.48590850830078,76.87004089355469
2022-09-08,190.10308837890625,42.97401809692383,44.447364807128906,80.86360931396484,76.88687133789062
2022-09-09,193.26028442382812,43.92761993408203,45.40957260131836,82.40203094482422,76.88687133789062
2022-09-12,195.3398895263672,44.528053283691406,46.00986099243164,83.37850952148438,76.8784408569336
2022-09-13,186.94590759277344,43.03583526611328,44.465023040771484,80.10821533203125,76.89521789550781
2022-09-14,187.6737060546875,43.221256256103516,44.685707092285156,80.43987274169922,76.89521789550781
2022-09-15,185.66976928710938,42.841583251953125,44.244327545166016,79.61997985839844,76.92046356201172
2022-09-16,183.97775268554688,42.497222900390625,43.90887451171875,78.95671081542969,76.92046356201172
2022-09-19,185.28221130371094,42.675662994384766,44.121944427490234,79.4407730102539,76.92046356201172
2022-09-20,183.12696838378906,42.10748291015625,43.50050354003906,78.4041519165039,76.91204833984375
2022-09-21,179.99815368652344,41.51266860961914,42.879066467285156,77.16393280029297,76.92887115478516
2022-09-22,177.98471069335938,41.37062072753906,42.74589920043945,76.56229400634766,76.96248626708984
2022-09-23,174.91477966308594,40.12773513793945,41.44976806640625,74.81298065185547,76.96248626708984
2022-09-26,172.9971923828125,39.54179763793945,40.810577392578125,73.91519927978516,76.9456787109375
2022-09-27,172.7408905029297,39.37311553955078,40.61526870727539,73.665283203125,76.97088623046875
2022-09-28,176.37664794921875,40.16324996948242,41.39649963378906,75.20172119140625,76.97930145263672
2022-09-29,172.71241760253906,39.550682067871094,40.75730514526367,73.78561401367188,76.9960708618164
2022-09-30,170.36767578125,39.381996154785156,40.633018493652344,73.00814056396484,76.9960708618164
2022-10-03,174.69642639160156,40.172122955322266,41.4941520690918,74.81298065185547,76.9750747680664
2022-10-04,180.30670166015625,41.636966705322266,42.96784591674805,77.34902954101562,77.00032806396484
2022-10-05,179.9649658203125,41.29072570800781,42.58610916137695,76.97879791259766,77.00032806396484
2022-10-06,178.2467041015625,40.69590759277344,42.000179290771484,76.1180191040039,77.0171890258789
2022-10-07,173.1490936279297,39.985687255859375,41.272212982177734,74.27616882324219,77.0171890258789
2022-10-10,171.7726287841797,39.66609573364258,40.95261764526367,73.64678955078125,77.02555847167969
2022-10-11,170.67144775390625,39.15116500854492,40.411075592041016,72.99886322021484,77.02555847167969
2022-10-12,170.206298828125,39.08903121948242,40.348941802978516,72.81378173828125,77.02555847167969
2022-10-13,174.4306182861328,39.7193603515625,40.997005462646484,74.37797546386719,77.05083465576172
2022-10-14,170.32022094726562,39.08903121948242,40.348941802978516,72.82302856445312,77.05083465576172
2022-10-17,174.8673095703125,40.092220306396484,41.38762283325195,74.73894500732422,77.05083465576172
2022-10-18,177.00315856933594,40.278648376464844,41.60068130493164,75.46087646484375,77.05083465576172
2022-10-19,175.49378967285156,39.73710632324219,41.00587844848633,74.66490173339844,77.05083465576172
2022-10-20,173.97496032714844,39.77261734008789,41.05027389526367,74.31318664550781,77.0844955444336
2022-10-21,177.98092651367188,40.438453674316406,41.76048278808594,75.85885620117188,77.09293365478516
2022-10-24,179.89846801757812,39.99456787109375,41.29884719848633,76.00695037841797,77.0844955444336
2022-10-25,183.1544952392578,40.72254943847656,42.00905227661133,77.40455627441406,77.0844955444336
2022-10-26,182.02488708496094,41.16643142700195,42.4973258972168,77.4230728149414,77.1013412475586
2022-10-27,181.17051696777344,40.837955474853516,42.16884994506836,76.98804473876953,77.12657928466797
2022-10-28,185.38534545898438,41.04214859008789,42.373043060302734,78.21904754638672,77.1181869506836
2022-10-31,184.18922424316406,40.72254943847656,42.0179328918457,77.66370391845703,77.1181869506836
2022-11-01,183.61968994140625,41.16643142700195,42.47957992553711,77.82106018066406,77.12492370605469
2022-11-02,178.78785705566406,40.61601257324219,41.94691848754883,76.18280029296875,77.15025329589844
2022-11-03,177.0791473388672,40.473968505859375,41.79599380493164,75.5997085571289,77.17560577392578
2022-11-04,179.357421875,42.036460876464844,43.39397048950195,77.36752319335938,77.19245147705078
2022-11-07,180.9901580810547,42.15187454223633,43.51826095581055,77.87657928466797,77.18404388427734
2022-11-08,181.93942260742188,42.57801055908203,43.98877716064453,78.43193054199219,77.19245147705078
2022-11-09,178.01889038085938,41.921058654785156,43.278560638427734,76.92326354980469,77.23465728759766
2022-11-10,188.09075927734375,44.00733947753906,45.40919876098633,81.0882797241211,77.24310302734375
2022-11-11,190.00833129882812,44.89512634277344,46.31471252441406,82.27300262451172,77.23465728759766
2022-11-14,188.29013061523438,44.468994140625,45.87083435058594,81.47700500488281,77.23465728759766
2022-11-15,190.1981964111328,44.87736892700195,46.33247375488281,82.3007583618164,77.25152587890625
2022-11-16,188.2616729736328,44.611026763916016,45.99512481689453,81.60657501220703,77.25997161865234
2022-11-17,187.4737548828125,44.61991500854492,46.0306396484375,81.41222381591797,77.28530883789062
2022-11-18,188.35658264160156,44.611026763916016,45.97736740112305,81.60657501220703,77.28530883789062
2022-11-21,187.55918884277344,44.211524963378906,45.59563064575195,81.12528991699219,77.29374694824219
2022-11-22,190.01780700683594,44.726444244384766,46.137168884277344,82.17118072509766,77.31060791015625
2022-11-23,191.17593383789062,45.17033386230469,46.60769271850586,82.80056762695312,77.32749938964844
2022-11-25,191.31832885742188,45.29461669921875,46.71421432495117,82.89310455322266,77.32749938964844
2022-11-28,188.21420288085938,44.770835876464844,46.19043731689453,81.69915008544922,77.3359375
2022-11-29,187.919921875,45.125946044921875,46.554412841796875,81.86573791503906,77.36124420166016
2022-11-30,193.71054077148438,46.075870513916016,47.495452880859375,84.09635162353516,77.36124420166016
2022-12-01,193.82444763183594,46.31557846069336,47.7440185546875,84.29071044921875,77.378173828125
2022-12-02,193.64407348632812,46.3510856628418,47.788414001464844,84.24443054199219,77.38663482666016
2022-12-05,189.83746337890625,45.702999114990234,47.13146209716797,82.79129791259766,77.3951187133789
2022-12-06,186.9896240234375,45.507686614990234,46.918399810791016,81.91202545166016,77.4205093383789
2022-12-07,186.6858673095703,45.4455451965332,46.81186294555664,81.773193359375,77.4205093383789
2022-12-08,188.29965209960938,45.76515197753906,47.14921188354492,82.39329528808594,77.47127532958984
2022-12-09,186.7238311767578,45.685245513916016,47.07819366455078,81.96754455566406,77.46281433105469
2022-12-12,189.41029357910156,45.72963333129883,47.113712310791016,82.72652435302734,77.47127532958984
2022-12-13,190.82473754882812,46.280059814453125,47.67300033569336,83.49472045898438,77.47127532958984
2022-12-14,189.7615203857422,46.22678756713867,47.610862731933594,83.15227508544922,77.49665832519531
2022-12-15,185.03408813476562,45.108192443847656,46.474517822265625,81.0975570678711,77.51359558105469
2022-12-16,182.91720581054688,44.85073471069336,46.21706771850586,80.33856964111328,77.51359558105469
2022-12-19,181.07559204101562,44.77793502807617,46.16225051879883,79.85183715820312,77.5229263305664
2022-12-20,181.455322265625,44.90376663208008,46.3060302734375,80.03833770751953,77.53142547607422
2022-12-21,184.19873046875,45.362144470214844,46.74635696411133,81.0826416015625,77.5398941040039
2022-12-22,181.58609008789062,45.00263595581055,46.386898040771484,80.10360717773438,77.59083557128906
2022-12-23,182.587646484375,45.119468688964844,46.494747161865234,80.4765625,77.59083557128906
2022-12-27,181.8245849609375,45.371131896972656,46.74635696411133,80.46724700927734,77.59083557128906
2022-12-28,179.5353240966797,44.84083938598633,46.189205169677734,79.4602279663086,77.61628723144531
2022-12-29,182.835693359375,45.541900634765625,46.944061279296875,80.83088684082031,77.65025329589844
2022-12-30,182.3682861328125,45.0655403137207,46.47676467895508,80.36466979980469,77.6417465209961
2023-01-03,181.624267578125,45.38910675048828,46.791282653808594,80.41129302978516,77.65025329589844
2023-01-04,183.23626708984375,46.171058654785156,47.591060638427734,81.39967346191406,77.6417465209961
2023-01-05,181.09010314941406,45.77558517456055,47.17770004272461,80.56050109863281,77.6672134399414
2023-01-06,185.0867919921875,46.89908981323242,48.28300094604492,82.40666961669922,77.65873718261719
2023-01-09,185.16307067871094,47.141761779785156,48.54359817504883,82.60245513916016,77.67572021484375
2023-01-10,186.62249755859375,47.3215217590332,48.74129867553711,83.0500259399414,77.6672134399414
2023-01-11,189.0834197998047,47.609130859375,49.037845611572266,83.88922119140625,77.6672134399414
2023-01-12,189.9991455078125,48.13941955566406,49.63093566894531,84.48595428466797,77.72665405273438
2023-01-13,190.80992126464844,48.45399475097656,49.909507751464844,84.92418670654297,77.73512268066406
2023-01-17,190.55239868164062,48.48096466064453,49.94545364379883,84.9055404663086,77.73512268066406
2023-01-18,187.5477294921875,48.25626754760742,49.67586898803711,83.99175262451172,77.74363708496094
2023-01-19,186.0215301513672,48.34614562988281,49.77471160888672,83.61880493164062,77.7775650024414
2023-01-20,189.58901977539062,48.84946823120117,50.26895523071289,84.91485595703125,77.78604888916016
2023-01-23,191.99270629882812,49.05618667602539,50.51158142089844,85.71674346923828,77.78604888916016
2023-01-24,191.6779327392578,49.06517791748047,50.520572662353516,85.63282012939453,77.7945556640625
2023-01-25,191.7733612060547,49.27189636230469,50.72724914550781,85.79132080078125,77.80304718017578
2023-01-26,193.74783325195312,49.45166015625,50.906978607177734,86.51860809326172,77.8454818725586
2023-01-27,194.52996826171875,49.307857513427734,50.7901496887207,86.57455444335938,77.85396575927734
2023-01-30,191.92596435546875,48.777557373046875,50.25997543334961,85.52092742919922,77.85396575927734
2023-01-31,194.99740600585938,48.984291076660156,50.51158142089844,86.50926971435547,77.86241912841797
2023-02-01,197.37249755859375,49.46064376831055,50.987857818603516,87.45101165771484,77.8675765991211
2023-02-02,200.3199005126953,49.32583236694336,50.86204528808594,88.1596450805664,77.90164947509766
2023-02-03,198.25003051757812,48.7505989074707,50.25997543334961,87.18061065673828,77.91869354248047
2023-02-06,196.76199340820312,48.22929763793945,49.738765716552734,86.39739990234375,77.92719268798828
2023-02-07,199.24203491210938,48.597808837890625,50.08024215698242,87.32048034667969,77.93570709228516
2023-02-08,197.1149444580078,48.37311553955078,49.8555908203125,86.6025390625,77.93570709228516
2023-02-09,195.1976776123047,48.42702865600586,49.94545364379883,86.17362976074219,77.96127319335938
2023-02-10,195.5505828857422,48.1933479309082,49.71181106567383,86.01510620117188,77.96979522705078
2023-02-13,197.87803649902344,48.63375473022461,50.1341552734375,86.9661636352539,77.9868392944336
2023-02-14,197.95433044433594,48.67869186401367,50.14314270019531,87.0221176147461,77.9868392944336
2023-02-15,198.84141540527344,48.44501495361328,49.89154052734375,87.06873321533203,78.0038833618164
2023-02-16,196.18968200683594,48.2382926940918,49.69384002685547,86.23888397216797,78.04647827148438
2023-02-17,195.61737060546875,48.166385650634766,49.648902893066406,86.0430679321289,78.05497741699219
2023-02-21,191.56346130371094,47.591156005859375,49.064796447753906,84.58851623535156,78.05497741699219
2023-02-22,191.4013214111328,47.33949279785156,48.78622817993164,84.30879974365234,78.08055877685547
2023-02-23,192.4219512939453,47.56419372558594,49.037845611572266,84.75634002685547,78.10613250732422
2023-02-24,190.27574157714844,46.77326202392578,48.22908401489258,83.65608215332031,78.1146469116211
2023-02-27,190.95301818847656,47.18670654296875,48.69636535644531,84.12230682373047,78.12315368652344
2023-02-28,190.3139190673828,46.83616256713867,48.354896545410156,83.7586669921875,78.13166809082031
2023-03-01,190.77175903320312,47.33051300048828,48.849124908447266,83.92649841308594,78.13594055175781
2023-03-02,191.0674591064453,47.456336975097656,48.95695877075195,84.36474609375,78.16156768798828
2023-03-03,194.17709350585938,48.058528900146484,49.5770149230957,85.57687377929688,78.17864990234375
2023-03-06,193.9195098876953,47.941688537597656,49.46917724609375,85.44633483886719,78.18721008300781
2023-03-07,191.02931213378906,47.096824645996094,48.62447738647461,84.14094543457031,78.18721008300781
2023-03-08,191.27731323242188,47.33051300048828,48.849124908447266,84.36474609375,78.20427703857422
2023-03-09,187.5000457763672,46.74628829956055,48.28300094604492,82.97544860839844,78.22136688232422
2023-03-10,184.34275817871094,46.332847595214844,47.86962890625,81.8285903930664,78.23843383789062
2023-03-13,183.57968139648438,46.1530876159668,47.64497375488281,81.56751251220703,78.25553894042969
2023-03-14,186.85142517089844,46.548561096191406,48.06732940673828,82.64908599853516,78.26408386230469
2023-03-15,185.41110229492188,45.31721496582031,46.8182373046875,81.38101196289062,78.30682373046875
2023-03-16,188.61605834960938,46.02725601196289,47.492210388183594,82.7330093383789,78.34095764160156
2023-03-17,186.1837158203125,45.55089569091797,47.024932861328125,81.75397491455078,78.35807037353516
2023-03-20,187.80526733398438,46.11391830444336,47.60227584838867,82.63797760009766,78.36658477783203
2023-03-21,190.48562622070312,46.645408630371094,48.16972351074219,83.72310638427734,78.36658477783203
2023-03-22,187.08035278320312,46.5733528137207,48.04362106323242,82.75960540771484,78.38369750976562
2023-03-23,187.42129516601562,46.74449920654297,48.23276901245117,82.95603942871094,78.41785430908203
2023-03-24,188.59925842285156,46.60938262939453,48.10667419433594,83.1618423461914,78.43494415283203
2023-03-27,189.07810974121094,46.852603912353516,48.3588752746582,83.4798812866211,78.4263916015625
2023-03-28,188.80992126464844,47.06880569458008,48.55703353881836,83.56407928466797,78.44348907470703
2023-03-29,191.52980041503906,47.465171813964844,49.01638412475586,84.59307861328125,78.44348907470703
2023-03-30,192.56411743164062,48.023704528808594,49.55681610107422,85.24788665771484,78.46056365966797
2023-03-31,195.46592712402344,48.16782760620117,49.727943420410156,86.14591979980469,78.44348907470703
2023-04-03,195.98309326171875,48.51915740966797,50.08823013305664,86.54816436767578,78.46235656738281
2023-04-04,194.67105102539062,48.51014709472656,50.06120300292969,86.18334197998047,78.47096252441406
2023-04-05,193.96237182617188,48.17683792114258,49.709930419921875,85.76239013671875,78.51382446289062
2023-04-06,194.60400390625,48.32998275756836,49.881065368652344,86.04302978515625,78.52238464355469
2023-04-10,195.04457092285156,48.347999572753906,49.91708755493164,86.14591979980469,78.5309829711914
2023-04-11,195.2456817626953,48.55519104003906,50.142269134521484,86.35173034667969,78.5395736694336
2023-04-12,194.4220428466797,48.69932174682617,50.277374267578125,86.23013305664062,78.55670166015625
2023-04-13,196.95034790039062,49.320899963378906,50.93488693237305,87.36200714111328,78.5995864868164
2023-04-14,196.4044647216797,49.113712310791016,50.727725982666016,87.09074401855469,78.5995864868164
2023-04-17,197.18978881835938,49.14073181152344,50.727725982666016,87.29653930664062,78.61675262451172
2023-04-18,197.2855224609375,49.31189727783203,50.88985824584961,87.44623565673828,78.62535858154297
2023-04-19,197.38131713867188,49.014617919921875,50.5836181640625,87.24041748046875,78.6339111328125
2023-04-20,196.1554718017578,49.03263473510742,50.57461166381836,86.92234802246094,78.69396209716797
2023-04-21,196.32786560058594,49.0416374206543,50.5836181640625,86.95040893554688,78.68537902832031
2023-04-24,196.4044647216797,49.09569549560547,50.655670166015625,87.04395294189453,78.69396209716797
2023-04-25,193.12916564941406,48.338985443115234,49.85404586791992,85.6220703125,78.68537902832031
2023-04-26,192.25762939453125,48.39303970336914,49.91708755493164,85.43499755859375,78.70254516601562
2023-04-27,195.86817932128906,48.98759078979492,50.55659484863281,86.85686492919922,78.72827911376953
2023-04-28,197.57286071777344,49.07767868041992,50.664676666259766,87.37138366699219,78.72827911376953
2023-05-01,197.47708129882812,48.969573974609375,50.56560134887695,87.26849365234375,78.73084259033203
2023-05-02,195.06370544433594,48.483131408691406,50.034183502197266,86.28624725341797,78.71367645263672
2023-05-03,193.92404174804688,48.537166595458984,50.09722900390625,85.98690032958984,78.72225189208984
2023-05-04,192.47792053222656,48.60022735595703,50.18730545043945,85.68756103515625,78.74810028076172
2023-05-05,196.03097534179688,49.31189727783203,50.90787124633789,87.14688110351562,78.76531982421875
2023-05-08,196.24166870117188,49.34792709350586,50.94390106201172,87.19363403320312,78.77393341064453
2023-05-09,195.4372100830078,49.14974594116211,50.709712982177734,86.83816528320312,78.78253173828125
2023-05-10,196.2991180419922,49.07767868041992,50.67368698120117,87.01591491699219,78.7911376953125
2023-05-11,196.04054260253906,48.90652084350586,50.45751190185547,86.81009674072266,78.84281921386719
2023-05-12,195.58087158203125,48.681312561035156,50.23234558105469,86.56688690185547,78.8600082397461
2023-05-15,196.4140625,49.20379638671875,50.76375961303711,87.15621948242188,78.8686294555664
2023-05-16,194.8913116455078,48.7353515625,50.286380767822266,86.4078598022461,78.8600082397461
2023-05-17,197.41964721679688,48.996604919433594,50.54758071899414,87.22168731689453,78.87723541259766
2023-05-18,199.3828887939453,48.861473083496094,50.38545608520508,87.6894302368164,78.92030334472656
2023-05-19,198.90406799316406,49.03263473510742,50.55659484863281,87.69878387451172,78.92030334472656
2023-05-22,199.24884033203125,49.14073181152344,50.709712982177734,87.83911895751953,78.9289321899414
2023-05-23,197.1418914794922,48.43807601928711,49.971134185791016,86.73527526855469,78.9289321899414
2023-05-24,195.61917114257812,47.83451461791992,49.376670837402344,85.95883178710938,78.9289321899414
2023-05-25,196.95034790039062,47.771461486816406,49.25056457519531,86.22077941894531,78.98059844970703
2023-05-26,199.5457305908203,48.347999572753906,49.82701873779297,87.26849365234375,78.99779510498047
2023-05-30,199.6127471923828,47.852535247802734,49.35865020751953,86.95977783203125,79.00642395019531
2023-05-31,198.41561889648438,47.4021110534668,48.890281677246094,86.31430053710938,79.02363586425781
2023-06-01,200.3980712890625,48.149810791015625,49.655879974365234,87.39009094238281,79.06774139404297
2023-06-02,203.71168518066406,48.83443832397461,50.38545608520508,88.75584411621094,79.07638549804688
2023-06-05,203.17538452148438,48.6092414855957,50.160274505615234,88.45650482177734,79.07638549804688
2023-06-06,204.10433959960938,49.023616790771484,50.5836181640625,88.98036193847656,79.09368896484375
2023-06-07,203.70213317871094,48.6903190612793,50.20531463623047,88.59681701660156,79.10231018066406
2023-06-08,204.65982055664062,49.10470199584961,50.64666748046875,89.13938903808594,79.14555358886719
2023-06-09,204.8800811767578,49.14073181152344,50.68268966674805,89.24229431152344,79.15420532226562
2023-06-12,206.71888732910156,49.28486251831055,50.86283493041992,89.84097290039062,79.16284942626953
2023-06-13,208.24160766601562,49.789337158203125,51.34020233154297,90.5425796508789,79.18010711669922
2023-06-14,208.24160766601562,49.978511810302734,51.54736328125,90.68289184570312,79.19740295410156
2023-06-15,210.77952575683594,50.482994079589844,52.02474594116211,91.73060607910156,79.23200988769531
2023-06-16,209.984619140625,50.32083511352539,51.89863586425781,91.46865844726562,79.24064636230469
2023-06-20,208.9503173828125,49.56950759887695,51.14113235473633,90.56460571289062,79.25794982910156
2023-06-21,207.80108642578125,49.61504364013672,51.1866569519043,90.28211212158203,79.25794982910156
2023-06-22,208.3565216064453,49.369144439697266,50.913516998291016,90.24443054199219,79.29253387451172
2023-06-23,206.6328125,48.59505081176758,50.121402740478516,89.25564575195312,79.30118560791016
2023-06-26,205.91183471679688,48.72255325317383,50.248870849609375,89.19913482666016,79.30979919433594
2023-06-27,208.42095947265625,49.16879653930664,50.67678451538086,90.11259460449219,79.3271255493164
2023-06-28,208.59396362304688,49.105045318603516,50.622161865234375,90.15967559814453,79.33576202392578
2023-06-29,209.59378051757812,48.977542877197266,50.53110885620117,90.32918548583984,79.36170196533203
2023-06-30,211.76644897460938,49.551292419433594,51.0591926574707,91.32740783691406,79.38763427734375
2023-07-03,212.40093994140625,49.733428955078125,51.26859664916992,91.61934661865234,79.40760803222656
2023-07-05,211.75682067871094,49.21433639526367,50.77695083618164,91.10139465332031,79.41629028320312
2023-07-06,209.87257385253906,48.30363082885742,49.86647033691406,89.98077392578125,79.44233703613281
2023-07-07,209.61300659179688,48.7498664855957,50.34901809692383,90.2161865234375,79.45101928710938
2023-07-10,210.52627563476562,48.86825942993164,50.43096923828125,90.49870300292969,79.4683837890625
2023-07-11,212.17984008789062,49.296295166015625,50.92261505126953,91.28032684326172,79.47705078125
2023-07-12,213.8044891357422,50.261634826660156,51.869510650634766,92.34447479248047,79.49442291259766
2023-07-13,215.61187744140625,51.01751708984375,52.60698318481445,93.40858459472656,79.52915954589844
2023-07-14,215.29461669921875,50.716983795166016,52.31563949584961,93.06957244873047,79.53783416748047
2023-07-17,216.1117706298828,50.689666748046875,52.342960357666016,93.33325958251953,79.5464859008789
2023-07-18,217.8325653076172,50.85358428955078,52.49773406982422,93.89828491210938,79.5464859008789
2023-07-19,218.39976501464844,50.85358428955078,52.47042465209961,93.98304748535156,79.56388854980469
2023-07-20,216.82313537597656,50.57127380371094,52.16996383666992,93.34268188476562,79.60726165771484
2023-07-21,216.8039093017578,50.598594665527344,52.25190353393555,93.38033294677734,79.60726165771484
2023-07-24,217.572998046875,50.76251983642578,52.36116027832031,93.7193603515625,79.615966796875
2023-07-25,218.12098693847656,50.91734313964844,52.56147384643555,94.00187683105469,79.62464904785156
2023-07-26,218.28440856933594,51.117698669433594,52.73445510864258,94.17137145996094,79.63333892822266
2023-07-27,216.6020050048828,50.826271057128906,52.3975830078125,93.54985046386719,79.67671203613281
2023-07-28,218.8612060546875,51.42734146118164,53.04402160644531,94.51982879638672,79.68541717529297
2023-07-31,219.52455139160156,51.41823196411133,53.04402160644531,94.72699737548828,79.694091796875
2023-08-01,218.9285125732422,50.84449005126953,52.41578674316406,94.15254974365234,79.71500396728516
2023-08-02,215.82334899902344,49.83360290527344,51.396060943603516,92.57987976074219,79.72371673583984
2023-08-03,215.19847106933594,49.79718017578125,51.33233642578125,92.38211822509766,79.75860595703125
2023-08-04,214.28517150878906,49.91557312011719,51.468902587890625,92.21261596679688,79.77603912353516
2023-08-07,215.9291229248047,50.1796760559082,51.75114059448242,92.8906478881836,79.77603912353516
2023-08-08,214.9292755126953,49.76074981689453,51.32322692871094,92.31620788574219,79.79348754882812
2023-08-09,213.39114379882812,49.84271240234375,51.36874008178711,91.93951416015625,79.80219268798828
2023-08-10,213.42959594726562,49.988426208496094,51.50532150268555,92.08076477050781,79.84580993652344
2023-08-11,213.22769165039062,49.56039047241211,51.10471725463867,91.75119018554688,79.85449981689453
2023-08-14,214.28517150878906,49.35092544555664,50.877098083496094,91.8265151977539,79.86323547363281
2023-08-15,211.85293579101562,48.7498664855957,50.248870849609375,90.7435531616211,79.8719711303711
2023-08-16,210.10330200195312,48.35826873779297,49.85736083984375,90.05609893798828,79.88936614990234
2023-08-17,208.38247680664062,48.14881134033203,49.638851165771484,89.46279907226562,79.92427062988281
2023-08-18,208.622802734375,48.04863357543945,49.556915283203125,89.40631103515625,79.93299102783203
2023-08-21,209.82447814941406,48.185237884521484,49.70259094238281,89.84892272949219,79.94168853759766
2023-08-22,209.26695251464844,48.12148666381836,49.611541748046875,89.66057586669922,79.95040893554688
2023-08-23,211.554931640625,48.667903900146484,50.203346252441406,90.6870346069336,79.9678726196289
2023-08-24,208.7189483642578,48.16702651977539,49.6479606628418,89.55699920654297,79.99401092529297
2023-08-25,210.14175415039062,48.37648010253906,49.9119987487793,90.0749282836914,80.01143646240234
2023-08-28,211.48765563964844,48.86825942993164,50.37633514404297,90.8188705444336,80.02890014648438
2023-08-29,214.56396484375,49.514862060546875,51.022769927978516,92.04310607910156,80.0201644897461
2023-08-30,215.51573181152344,49.46932601928711,51.00455856323242,92.26911926269531,80.03760528564453
2023-08-31,215.28501892089844,49.15968704223633,50.71321105957031,92.03369903564453,80.0899429321289
2023-09-01,215.99639892578125,49.369144439697266,50.92261505126953,92.35387420654297,80.10307312011719
2023-09-05,214.7081756591797,48.95022201538086,50.48558807373047,91.77001953125,80.12055206298828
2023-09-06,213.3622589111328,48.7680778503418,50.31260681152344,91.2426528930664,80.12055206298828
2023-09-07,212.63162231445312,48.513092041015625,50.030357360839844,90.86598205566406,80.16435241699219
2023-09-08,212.86236572265625,48.47665786743164,50.00303268432617,90.90364074707031,80.17311096191406
2023-09-11,214.1986541748047,49.00486755371094,50.56753158569336,91.6381607055664,80.17311096191406
2023-09-12,213.160400390625,48.831825256347656,50.35812759399414,91.25208282470703,80.19938659667969
2023-09-13,213.18923950195312,48.7498664855957,50.248870849609375,91.14849853515625,80.20816040039062
2023-09-14,215.01583862304688,49.3236083984375,50.804256439208984,92.07135772705078,80.23441314697266
2023-09-15,212.48745727539062,49.18700408935547,50.68589782714844,91.30857849121094,80.25191497802734
2023-09-18,212.50668334960938,49.04047393798828,50.507408142089844,91.20075225830078,80.26065826416016
2023-09-19,211.96832275390625,48.994693756103516,50.470794677734375,91.03054809570312,80.26946258544922
2023-09-20,210.0936737060547,48.8115348815918,50.31519317626953,90.4063949584961,80.2781982421875
2023-09-21,206.5699462890625,48.02396011352539,49.48225402832031,88.92169189453125,80.32196044921875
2023-09-22,206.1357879638672,48.19795608520508,49.674468994140625,88.90278625488281,80.33073425292969
2023-09-25,206.965576171875,48.005638122558594,49.50055694580078,88.99734497070312,80.33950805664062
2023-09-26,203.98410034179688,47.373741149902344,48.804908752441406,87.74905395507812,80.3482666015625
2023-09-27,204.19638061523438,47.30964660644531,48.7866096496582,87.75850677490234,80.3745346069336
2023-09-28,205.54721069335938,47.63932418823242,49.08866500854492,88.36376190185547,80.40078735351562
2023-09-29,204.94898986816406,47.501956939697266,48.98797607421875,88.11785125732422,80.4095458984375
2023-10-02,204.67880249023438,46.93416976928711,48.356407165527344,87.6450424194336,80.4218521118164
2023-10-03,201.70701599121094,46.34806823730469,47.76144790649414,86.45348358154297,80.43946838378906
2023-10-04,203.16397094726562,46.34806823730469,47.73398971557617,86.8128433227539,80.4482650756836
2023-10-05,203.05783081054688,46.68690490722656,48.063499450683594,87.02088165283203,80.50103759765625
2023-10-06,205.4796905517578,47.20890808105469,48.6584587097168,87.9854736328125,80.50103759765625
2023-10-09,206.7725830078125,47.12648391723633,48.55777359008789,88.2502670288086,80.50984191894531
2023-10-10,208.0558624267578,47.78585433959961,49.21680450439453,89.03517150878906,80.50984191894531
2023-10-11,208.8760223388672,47.996490478515625,49.418174743652344,89.44180297851562,80.52742004394531
2023-10-12,207.19715881347656,47.54774856567383,48.94221496582031,88.64744567871094,80.5625991821289
2023-10-13,206.02963256835938,47.19975280761719,48.594390869140625,88.06112670898438,80.58018493652344
2023-10-16,208.42251586914062,47.54774856567383,48.96052169799805,88.95951843261719,80.58897399902344
2023-10-17,208.69268798828125,47.5202751159668,48.923912048339844,88.95951843261719,80.59777069091797
2023-10-18,205.60507202148438,46.732696533203125,48.090965270996094,87.60722351074219,80.60655975341797
2023-10-19,203.6656951904297,46.38469314575195,47.76144790649414,86.85066986083984,80.64176177978516
2023-10-20,201.14736938476562,45.90848922729492,47.25801467895508,85.85771179199219,80.65933227539062
2023-10-23,200.59739685058594,45.91764831542969,47.23971939086914,85.69693756103516,80.66810607910156
2023-10-24,202.11224365234375,46.210693359375,47.57838821411133,86.3494644165039,80.67694091796875
2023-10-25,199.1114959716797,45.79859924316406,47.129886627197266,85.22412872314453,80.68572235107422
2023-10-26,197.0466766357422,45.51470184326172,46.864437103271484,84.50540161132812,80.72091674804688
2023-10-27,195.98529052734375,45.3956413269043,46.73628616333008,84.13658142089844,80.74728393554688
2023-10-30,198.2431182861328,45.94511413574219,47.31293487548828,85.1295394897461,80.7560806274414
2023-10-31,199.52635192871094,45.981754302978516,47.34040069580078,85.54563903808594,80.7560806274414
2023-11-01,201.523681640625,46.43048858642578,47.80720901489258,86.38729095458984,80.78079986572266
2023-11-02,205.52792358398438,47.382911682128906,48.7774543762207,88.14623260498047,80.80732727050781
2023-11-03,207.8436279296875,48.02396011352539,49.436485290527344,89.22431182861328,80.81617736816406
2023-11-06,207.93045043945312,47.95985412597656,49.381561279296875,89.21484375,80.82496643066406
2023-11-07,208.54795837402344,47.67595672607422,49.07950210571289,89.15811157226562,80.84265899658203
2023-11-08,208.5189971923828,47.54774856567383,48.93305206298828,89.10135650634766,80.85150146484375
2023-11-09,206.74363708496094,47.43785095214844,48.83237075805664,88.53396606445312,80.89566802978516
2023-11-10,209.8216094970703,47.685115814208984,49.08866500854492,89.57421112060547,80.90449523925781
2023-11-13,209.69615173339844,47.804168701171875,49.18934631347656,89.56475067138672,80.91336059570312
2023-11-14,214.3468475341797,49.01301193237305,50.434181213378906,91.63578796386719,80.92215728759766
2023-11-15,214.87753295898438,49.07711410522461,50.516563415527344,91.8154525756836,80.93982696533203
2023-11-16,214.73281860351562,48.875640869140625,50.2968864440918,91.64525604248047,80.97518157958984
2023-11-17,215.2731170654297,49.35185241699219,50.81862258911133,92.15589904785156,80.99284362792969
2023-11-20,216.8941192626953,49.65406036376953,51.11151885986328,92.76112365722656,80.99284362792969
2023-11-21,216.30555725097656,49.415958404541016,50.88269805908203,92.5152587890625,81.01934051513672
2023-11-22,217.23182678222656,49.48922348022461,50.92845916748047,92.7422103881836,81.05469512939453
2023-11-24,217.46339416503906,49.74563980102539,51.20304870605469,92.98809814453125,81.06352233886719
2023-11-27,217.18357849121094,49.589962005615234,51.047454833984375,92.80841064453125,81.07234191894531
2023-11-28,217.31866455078125,49.718170166015625,51.22135925292969,92.959716796875,81.09003448486328
2023-11-29,217.41517639160156,49.709007263183594,51.20304870605469,92.9786376953125,81.098876953125
2023-11-30,218.3125,49.76396560668945,51.239662170410156,93.25288391113281,81.13422393798828
2023-12-01,220.1553955078125,50.176063537597656,51.70648193359375,94.05669403076172,81.15105438232422
2023-12-04,219.36419677734375,49.75480270385742,51.24882125854492,93.4798355102539,81.15105438232422
2023-12-05,218.9396514892578,49.56248474121094,51.08406066894531,93.27178192138672,81.1688003540039
2023-12-06,218.01336669921875,49.644901275634766,51.138973236083984,93.10157775878906,81.17767333984375
2023-12-07,219.75978088378906,49.873844146728516,51.3952751159668,93.72571563720703,81.21318054199219
2023-12-08,220.81150817871094,49.919639587402344,51.3861198425293,93.99050903320312,81.23091125488281
2023-12-11,221.71849060058594,50.0753288269043,51.49595642089844,94.34040832519531,81.2486801147461
2023-12-12,222.5579376220703,50.10279846191406,51.55087661743164,94.57682800292969,81.2486801147461
2023-12-13,226.01217651367188,50.826271057128906,52.30144119262695,95.9764175415039,81.25753021240234
2023-12-14,227.35336303710938,51.302486419677734,52.83232879638672,96.72349548339844,81.29302978515625
2023-12-15,227.0446014404297,50.8445930480957,52.356361389160156,96.27903747558594,81.3196792602539
2023-12-18,228.02877807617188,50.949668884277344,52.45576477050781,96.66127014160156,81.3294906616211
2023-12-19,229.697998046875,51.39602279663086,52.929603576660156,97.38566589355469,81.3294906616211
2023-12-20,226.272705078125,50.74509048461914,52.26066589355469,96.05122375488281,81.3472900390625
2023-12-21,228.77468872070312,51.60060501098633,53.18046188354492,97.29034423828125,81.40083312988281
2023-12-22,229.2979736328125,51.628501892089844,53.19902801513672,97.43331146240234,81.40970611572266
2023-12-26,230.4317169189453,51.88887023925781,53.45917510986328,97.9194564819336,81.42755126953125
2023-12-27,230.86778259277344,52.158546447753906,53.78435134887695,98.20539093017578,81.42755126953125
2023-12-28,230.75149536132812,52.177146911621094,53.812225341796875,98.27210998535156,81.48104095458984
2023-12-29,229.86968994140625,52.20504379272461,53.849388122558594,98.06241607666016,81.48104095458984
2024-01-02,228.32896423339844,51.61919403076172,53.2361946105957,97.23316192626953,81.48995208740234
2024-01-03,226.1389923095703,51.29373550415039,52.90172576904297,96.39437103271484,81.51670837402344
2024-01-04,225.5575714111328,51.3309326171875,52.929603576660156,96.27999114990234,81.54345703125
2024-01-05,225.896728515625,51.40531539916992,52.96676254272461,96.39437103271484,81.55237579345703
2024-01-08,229.12353515625,51.82377624511719,53.4034309387207,97.55724334716797,81.56129455566406
2024-01-09,228.69717407226562,51.29373550415039,52.883148193359375,97.08064270019531,81.57022094726562
2024-01-10,229.87936401367188,51.49831771850586,53.11540985107422,97.55724334716797,81.5880355834961
2024-01-11,229.72434997558594,51.5355110168457,53.14329147338867,97.51910400390625,81.63259887695312
2024-01-12,229.7631072998047,51.73079299926758,53.3291015625,97.67161560058594,81.65045166015625
2024-01-16,228.69717407226562,50.8101806640625,52.36286544799805,96.72798156738281,81.65937042236328
2024-01-17,227.32118225097656,50.21503448486328,51.78683090209961,95.96543884277344,81.67719268798828
2024-01-18,229.3270721435547,50.62419509887695,52.17704772949219,96.78517150878906,81.7128677368164
2024-01-19,232.11781311035156,50.89387130737305,52.43718719482422,97.6620864868164,81.72177124023438
2024-01-22,233.12559509277344,50.8566780090332,52.4093132019043,97.89086151123047,81.73068237304688
2024-01-23,233.5519561767578,50.875274658203125,52.44647979736328,98.04334259033203,81.73958587646484
2024-01-24,233.51316833496094,51.26583480834961,52.81810760498047,98.30068969726562,81.74851989746094
2024-01-25,234.81167602539062,51.39602279663086,52.95746994018555,98.72964477539062,81.79309844970703
2024-01-26,234.61785888671875,51.554107666015625,53.12470245361328,98.7963638305664,81.80201721191406
2024-01-29,236.74974060058594,51.81447982788086,53.37555694580078,99.50171661376953,81.81092834472656
2024-01-30,236.4202423095703,51.61919403076172,53.20832061767578,99.27294921875,81.81983947753906
2024-01-31,232.43756103515625,51.34022903442383,52.929603576660156,98.06241607666016,81.82876586914062
2024-02-01,235.5675048828125,51.85166931152344,53.42201232910156,99.20623779296875,81.86993408203125
2024-02-02,237.58302307128906,51.49831771850586,53.050376892089844,99.57795715332031,81.88787078857422
2024-02-05,236.4590301513672,51.2844352722168,52.81810760498047,99.10139465332031,81.88787078857422
2024-02-06,237.26327514648438,51.84238052368164,53.37555694580078,99.65422058105469,81.90577697753906
2024-02-07,239.13345336914062,51.84238052368164,53.38484573364258,100.15938568115234,81.91474914550781
2024-02-08,239.72457885742188,51.73079299926758,53.245487213134766,100.1975326538086,81.9505615234375
2024-02-09,241.18775939941406,51.96326446533203,53.468467712402344,100.75035095214844,81.9594955444336
2024-02-12,241.4203338623047,52.10274887084961,53.62641143798828,100.8838119506836,81.9774169921875
2024-02-13,237.553955078125,51.20073699951172,52.678749084472656,99.29200744628906,81.9774169921875
2024-02-14,240.17999267578125,51.85166931152344,53.3291015625,100.39768981933594,81.99532318115234
2024-02-15,242.0308380126953,52.37242889404297,53.849388122558594,101.25554656982422,82.04010772705078
2024-02-16,240.7614288330078,52.46541213989258,53.960880279541016,101.01726531982422,82.05803680419922
2024-02-20,239.249755859375,52.6421012878418,54.128116607666016,100.74083709716797,82.06697082519531
2024-02-21,239.29818725585938,52.66069793701172,54.18385314941406,100.76943969726562,82.07594299316406
2024-02-22,244.02699279785156,53.22793960571289,54.74129867553711,102.40889739990234,82.12071228027344
2024-02-23,244.19171142578125,53.283729553222656,54.7691764831543,102.48514556884766,82.12965393066406
2024-02-26,243.4552764892578,53.162845611572266,54.64839172363281,102.21824645996094,82.12965393066406
2024-02-27,244.13360595703125,53.24654006958008,54.75059509277344,102.4375,82.14756774902344
2024-02-28,243.72659301757812,52.83737564086914,54.35108947753906,102.04668426513672,82.15652465820312
2024-02-29,244.75376892089844,52.96756362915039,54.47187042236328,102.4660873413086,82.19235229492188
2024-03-01,247.00186157226562,53.57200622558594,55.09435272216797,103.38111114501953,82.21483612060547
2024-03-04,246.75962829589844,53.423221588134766,54.9271125793457,103.21908569335938,82.22380828857422
2024-03-05,244.14324951171875,53.2186393737793,54.72272491455078,102.42794036865234,82.22380828857422
2024-03-06,245.58712768554688,53.878875732421875,55.4288215637207,103.24767303466797,82.2417984008789
2024-03-07,247.98057556152344,54.41822814941406,55.958396911621094,104.30570983886719,82.27776336669922
2024-03-08,246.54641723632812,54.28804016113281,55.800453186035156,103.81005859375,82.28672790527344
2024-03-11,246.14913940429688,54.129947662353516,55.61463928222656,103.57174682617188,82.29573059082031
2024-03-12,248.58139038085938,54.5763053894043,56.06988525390625,104.57258605957031,82.32268524169922
2024-03-13,248.27127075195312,54.51121520996094,55.986263275146484,104.40100860595703,82.32268524169922
2024-03-14,247.31195068359375,54.167152404785156,55.63321304321289,103.93395233154297,82.3586654663086
2024-03-15,245.8487548828125,54.08781433105469,55.57167053222656,103.47562408447266,82.37664794921875
2024-03-18,247.09878540039062,54.134483337402344,55.580989837646484,103.8583755493164,82.38562774658203
2024-03-19,248.5232391357422,54.15314483642578,55.59963607788086,104.22196960449219,82.40363311767578
2024-03-20,251.0426788330078,54.71315383911133,56.19648361206055,105.25538635253906,82.41260528564453
2024-03-21,252.07952880859375,54.72249221801758,56.205810546875,105.57115936279297,82.43958282470703
2024-03-22,251.37060546875,54.53582000732422,55.9913215637207,105.24581909179688,82.44854736328125
2024-03-25,250.80662536621094,54.44248962402344,55.944698333740234,105.03532409667969,82.46653747558594
2024-03-26,250.35928344726562,54.489158630371094,55.944698333740234,104.91092681884766,82.47553253173828
2024-03-27,252.5666961669922,54.769161224365234,56.25244140625,105.695556640625,82.52950286865234
2024-03-28,252.73194885253906,54.74116134643555,56.233787536621094,105.73383331298828,82.52950286865234
2024-04-01,252.53753662109375,54.58248519897461,56.13121032714844,105.45634460449219,82.55204772949219
2024-04-02,250.2037353515625,54.395816802978516,55.898067474365234,104.84393310546875,82.57012176513672
2024-04-03,250.59268188476562,54.629154205322266,56.140525817871094,105.11185455322266,82.57012176513672
2024-04-04,247.58790588378906,54.26514434814453,55.7581787109375,104.03060150146484,82.60623168945312
2024-04-05,250.08702087402344,54.43315124511719,55.96334457397461,104.88220977783203,82.62429809570312
2024-04-08,250.37875366210938,54.71315383911133,56.24311828613281,105.11185455322266,82.6333236694336
2024-04-09,250.73855590820312,54.806495666503906,56.3923225402832,105.27452850341797,82.64234924316406
2024-04-10,247.93797302246094,54.059810638427734,55.59963607788086,104.06888580322266,82.66040802001953
2024-04-11,249.62025451660156,54.24647903442383,55.79548263549805,104.6621322631836,82.68749237060547
2024-04-12,246.0222930908203,53.27579879760742,54.825618743896484,102.9684829711914,82.69654083251953
2024-04-15,242.9980926513672,53.06112289428711,54.573822021484375,102.00203704833984,82.71456909179688
2024-04-16,242.26876831054688,52.491783142089844,53.95832061767578,101.41835021972656,82.72362518310547
2024-04-17,240.8489990234375,52.50111389160156,53.99562454223633,101.03561401367188,82.73265075683594
2024-04-18,240.3530731201172,52.50111389160156,54.00495910644531,100.88252258300781,82.77779388427734
2024-04-19,238.4665985107422,52.473114013671875,53.98630142211914,100.41365814208984,82.78681945800781
2024-04-22,240.8101348876953,53.051788330078125,54.545841217041016,101.35137176513672,82.80489349365234
2024-04-23,243.67877197265625,53.54646301269531,55.06808090209961,102.50918579101562,82.81390380859375
2024-04-24,243.7371063232422,53.49046325683594,54.993473052978516,102.48048400878906,82.81390380859375
2024-04-25,242.5799560546875,53.37846374511719,54.890892028808594,102.15514373779297,82.85908508300781
2024-04-26,244.83595275878906,53.79847717285156,55.33852767944336,103.07373046875,82.85908508300781
2024-04-29,245.7986602783203,54.115814208984375,55.683570861816406,103.52346801757812,82.87712860107422
2024-04-30,241.7533721923828,53.36913299560547,54.928199768066406,101.94462585449219,82.88616180419922
2024-05-01,241.15048217773438,53.350460052490234,54.881568908691406,101.75325012207031,82.90249633789062
2024-05-02,243.6496124267578,54.25580978393555,55.823455810546875,102.99717712402344,82.94782257080078
2024-05-03,246.53768920898438,54.7318229675293,56.317718505859375,104.09759521484375,82.9569091796875
2024-05-06,249.1826934814453,55.030494689941406,56.62546920776367,105.02574157714844,82.9569091796875
2024-05-07,249.4063262939453,55.01182556152344,56.58816146850586,105.05445098876953,82.9659652709961
2024-05-08,249.2312774658203,54.93716812133789,56.5135612487793,104.98747253417969,82.98411560058594
2024-05-09,250.69961547851562,55.30116653442383,56.85860824584961,105.63814544677734,83.02944946289062
2024-05-10,250.9330291748047,55.394500732421875,56.9332160949707,105.81038665771484,83.02944946289062
2024-05-13,251.0691680908203,55.49717330932617,57.02647399902344,105.7912368774414,83.0475845336914
2024-05-14,252.29441833496094,55.83317947387695,57.38084411621094,106.4419174194336,83.05664825439453
2024-05-15,255.39645385742188,56.365196228027344,57.95904541015625,107.67626190185547,83.0656967163086
2024-05-16,254.7060089111328,56.19718551635742,57.76319885253906,107.331787109375,83.10197448730469
2024-05-17,255.06581115722656,56.43986129760742,58.01498794555664,107.62843322753906,83.11104583740234
2024-05-20,255.32839965820312,56.4118537902832,58.01498794555664,107.69539642333984,83.12920379638672
2024-05-21,255.85345458984375,56.24385452270508,57.84713363647461,107.68584442138672,83.13825225830078
2024-05-22,254.98800659179688,55.823848724365234,57.40882873535156,107.14043426513672,83.15641021728516
2024-05-23,252.8195037841797,55.51583480834961,57.02647399902344,106.37491607666016,83.21080017089844
2024-05-24,254.6476287841797,55.861183166503906,57.48342514038086,107.1595687866211,83.21985626220703
2024-05-28,254.6476287841797,55.83317947387695,57.46477127075195,107.07344818115234,83.21080017089844
2024-05-29,252.5569610595703,54.95582962036133,56.504234313964844,105.90605926513672,83.22894287109375
2024-05-30,251.32203674316406,55.27316665649414,56.85860824584961,105.8390884399414,83.24710845947266
2024-05-31,253.25709533691406,55.4785041809082,57.13838195800781,106.63328552246094,83.26521301269531
2024-06-03,253.3349151611328,55.7865104675293,57.38084411621094,106.73854064941406,83.27890014648438
2024-06-04,253.30575561523438,55.469173431396484,57.0078239440918,106.52803039550781,83.29708862304688
2024-06-05,256.4077453613281,55.93585205078125,57.52073669433594,107.62843322753906,83.30619812011719
2024-06-06,256.18414306640625,56.14118957519531,57.70724105834961,107.7049789428711,83.31531524658203
2024-06-07,255.6979217529297,55.51583480834961,57.05445098876953,107.17870330810547,83.35176849365234
2024-06-10,256.5535888671875,55.627838134765625,57.20365905761719,107.4274673461914,83.36994171142578
2024-06-11,256.9911804199219,55.14250183105469,56.69074249267578,107.24567413330078,83.37905883789062
2024-06-12,259.4125061035156,55.73051452636719,57.28759765625,108.28866577148438,83.39730072021484
2024-06-13,259.52923583984375,55.151832580566406,56.69074249267578,107.90591430664062,83.40637969970703
2024-06-14,259.334716796875,54.7878303527832,56.373680114746094,107.56145477294922,83.45194244384766
2024-06-17,261.3087463378906,55.01182556152344,56.56951904296875,108.25996398925781,83.46105194091797
2024-06-18,261.9700012207031,55.291839599609375,56.83062744140625,108.6139907836914,83.47925567626953
2024-06-20,261.3087463378906,55.2545051574707,56.79332733154297,108.42262268066406,83.49749755859375
2024-06-21,260.91009521484375,54.943145751953125,56.458675384521484,108.13214874267578,83.52481842041016
2024-06-24,260.47247314453125,55.31940841674805,56.872291564941406,108.24757385253906,83.54302215576172
2024-06-25,261.3281555175781,55.3664436340332,56.872291564941406,108.45915985107422,83.54302215576172
2024-06-26,261.3184814453125,55.027809143066406,56.533878326416016,108.29566192626953,83.55213165283203
2024-06-27,261.9505615234375,55.103065490722656,56.63728332519531,108.49764251708984,83.57035064697266
2024-06-28,261.0546875,55.15949630737305,56.68428421020508,108.32450866699219,83.5976791381836
2024-07-01,261.5816345214844,55.24415588378906,56.750083923339844,108.46878814697266,83.626953125
2024-07-02,263.0942687988281,55.40407180786133,56.9662971496582,108.9785385131836,83.63610076904297
2024-07-03,264.1774597167969,56.10955810546875,57.64311981201172,109.81526184082031,83.6635513305664
2024-07-05,265.5534362792969,56.37293243408203,57.934539794921875,110.32500457763672,83.69098663330078
2024-07-08,265.9144592285156,56.19420623779297,57.76532745361328,110.29615020751953,83.70927429199219
2024-07-09,265.84625244140625,56.14717483520508,57.661922454833984,110.27693176269531,83.70927429199219
2024-07-10,268.4225158691406,56.78681182861328,58.3387565612793,111.440673828125,83.72756958007812
2024-07-11,267.2221984863281,57.0313835144043,58.61136245727539,111.2194595336914,83.73670959472656
2024-07-12,268.988525390625,57.5299186706543,59.11898422241211,111.96964263916016,83.77332305908203
2024-07-15,270.14007568359375,57.05960464477539,58.630165100097656,111.9407958984375,83.79158782958984
2024-07-16,272.3650207519531,57.37942123413086,58.95917892456055,112.76790618896484,83.79158782958984
2024-07-17,268.52008056640625,56.89969253540039,58.50796127319336,111.37334442138672,83.81906127929688
2024-07-18,266.1780090332031,56.37293243408203,57.94393539428711,110.43079376220703,83.82817840576172
2024-07-19,264.51904296875,55.96845626831055,57.55852508544922,109.6998519897461,83.85565185546875
2024-07-22,267.2807312011719,56.5140266418457,58.08494186401367,110.79627227783203,83.8739242553711
2024-07-23,267.08551025390625,56.14717483520508,57.73713302612305,110.45003509521484,83.8739242553711
2024-07-24,261.07421875,55.43228530883789,57.013301849365234,108.32450866699219,83.90138244628906
2024-07-25,260.0690612792969,55.14067840576172,56.731285095214844,107.95904541015625,83.90138244628906
2024-07-26,263.18206787109375,55.82735061645508,57.44572067260742,109.1997299194336,83.94709014892578
2024-07-29,263.2015686035156,55.620418548583984,57.2013053894043,109.05545806884766,83.94709014892578
2024-07-30,262.108642578125,55.64863586425781,57.22951126098633,108.77655029296875,83.95625305175781
2024-07-31,265.99261474609375,56.561065673828125,58.1695442199707,110.46927642822266,83.97457885742188
2024-08-01,261.82562255859375,55.25356674194336,56.85348892211914,108.46878814697266,83.99476623535156
2024-08-02,256.555908203125,54.35054397583008,55.88525390625,106.47791290283203,84.04071044921875
2024-08-05,249.022216796875,53.11829376220703,54.55039596557617,103.60221099853516,84.04071044921875
2024-08-06,251.54971313476562,53.2593879699707,54.719608306884766,104.38124084472656,84.0591049194336
2024-08-07,249.6272735595703,53.5792121887207,55.02981948852539,104.1119613647461,84.07746887207031
2024-08-08,255.47271728515625,54.55748748779297,56.05445861816406,106.33365631103516,84.08663940429688
2024-08-09,256.5754699707031,54.77383041381836,56.242469787597656,106.77605438232422,84.10501861572266
2024-08-12,256.4095764160156,54.82086181640625,56.289466857910156,106.79530334472656,84.132568359375
2024-08-13,260.674072265625,55.60160446166992,57.116703033447266,108.45915985107422,84.14178466796875
2024-08-14,261.4158020019531,55.69566345214844,57.13550567626953,108.72846984863281,84.15096282958984
2024-08-15,265.94378662109375,56.37293243408203,57.84053421020508,110.33463287353516,84.16014099121094
2024-08-16,266.578125,56.74918746948242,58.216548919677734,110.76741790771484,84.20608520507812
2024-08-19,269.0958557128906,57.388832092285156,58.874576568603516,111.90231323242188,84.20608520507812
2024-08-20,268.4420471191406,57.13485336303711,58.59256362915039,111.59454345703125,84.22447204589844
2024-08-21,269.7886962890625,57.53933334350586,59.071983337402344,112.23893737792969,84.2428207397461
2024-08-22,267.50518798828125,57.08781433105469,58.60197067260742,111.29640197753906,84.2428207397461
2024-08-23,270.8915100097656,58.094303131103516,59.63600540161133,112.91217803955078,84.27958679199219
2024-08-26,270.2083740234375,57.77448654174805,59.3539924621582,112.392822265625,84.28876495361328
2024-08-27,270.45233154296875,58.000247955322266,59.5608024597168,112.7198257446289,84.30716705322266
2024-08-28,268.8030700683594,57.708648681640625,59.250587463378906,112.0658187866211,84.31632995605469
2024-08-29,269.06658935546875,57.85914993286133,59.40099334716797,112.22931671142578,84.31632995605469
2024-08-30,271.6623840332031,58.01906204223633,59.570194244384766,113.04682922363281,84.36229705810547
2024-09-03,265.8169860839844,57.0125732421875,58.56435775756836,110.82513427734375,84.39549255371094
2024-09-04,265.2216491699219,56.89969253540039,58.44215393066406,110.5846939086914,84.40473175048828
2024-09-05,264.4019470214844,56.95612716674805,58.536163330078125,110.39234161376953,84.4139633178711
2024-09-06,260.0105285644531,55.959049224853516,57.45512008666992,108.51687622070312,84.46009063720703
2024-09-09,262.791748046875,56.50461959838867,58.047340393066406,109.63253784179688,84.46009063720703
2024-09-10,263.81640625,56.278865814208984,57.81232833862305,109.74794006347656,84.48777770996094
2024-09-11,266.4414978027344,56.62690353393555,58.14134216308594,110.64241790771484,84.48777770996094
2024-09-12,268.6567077636719,57.12544631958008,58.667762756347656,111.59454345703125,84.49699401855469
2024-09-13,270.5303649902344,57.304168701171875,58.82757568359375,112.18124389648438,84.54313659667969
2024-09-16,271.06707763671875,57.67102813720703,59.21298599243164,112.61402130126953,84.56158447265625
2024-09-17,271.34033203125,57.44526672363281,59.02497863769531,112.54671478271484,84.57083129882812
2024-09-18,270.6572570800781,57.27595520019531,58.82757568359375,112.22931671142578,84.58929443359375
2024-09-19,275.24383544921875,58.37651062011719,59.97441482543945,114.2201919555664,84.60771942138672
2024-09-20,274.6680603027344,58.0053596496582,59.55147933959961,113.79263305664062,84.64464569091797
2024-09-23,275.3511657714844,58.279232025146484,59.86302185058594,114.15939331054688,84.65386199951172
2024-09-24,276.04400634765625,59.091426849365234,60.69379425048828,114.9315185546875,84.6631088256836
2024-09-25,275.136474609375,58.63810729980469,60.231204986572266,114.36206817626953,84.68155670166016
2024-09-26,276.3661193847656,60.14915084838867,61.713382720947266,115.78086853027344,84.68155670166016
2024-09-27,276.09295654296875,59.85639572143555,61.43960189819336,115.44306182861328,84.70925903320312
2024-09-30,277.1795349121094,59.49751281738281,61.118614196777344,115.52991485595703,84.71846008300781
2024-10-01,274.65399169921875,59.365299224853516,60.958133697509766,114.79640197753906,84.7379150390625
2024-10-02,274.71270751953125,59.62029266357422,61.17526626586914,114.97012329101562,84.7471923828125
2024-10-03,274.12542724609375,58.959205627441406,60.533302307128906,114.3331069946289,84.76573944091797
2024-10-04,276.7781677246094,59.4314079284668,60.99589920043945,115.34654235839844,84.78425598144531
2024-10-07,274.2526550292969,59.318077087402344,60.8731689453125,114.651611328125,84.80277252197266
2024-10-08,276.5628356933594,58.817543029785156,60.29728317260742,114.84465026855469,84.80277252197266
2024-10-09,278.49114990234375,58.72310256958008,60.231204986572266,115.29827117919922,84.81204986572266
2024-10-10,277.9136657714844,58.6758918762207,60.174564361572266,115.11489868164062,84.82131958007812
2024-10-11,280.06719970703125,58.99698257446289,60.523860931396484,115.90632629394531,84.86762237548828
2024-10-14,282.2500915527344,58.99698257446289,60.5616340637207,116.48542022705078,84.85836791992188
2024-10-15,280.31195068359375,58.043128967285156,59.59868240356445,115.28861999511719,84.88616180419922
2024-10-16,281.7410888671875,58.32645797729492,59.90078353881836,115.85808563232422,84.88616180419922
2024-10-17,281.682373046875,58.23201370239258,59.80637741088867,115.80015563964844,84.90467834472656
2024-10-18,282.78851318359375,58.65699768066406,60.28784942626953,116.36961364746094,84.93250274658203
2024-10-21,281.89776611328125,58.1092414855957,59.693092346191406,115.77120208740234,84.95100402832031
2024-10-22,281.5746765136719,57.86369323730469,59.45707702636719,115.49131774902344,84.96028137207031
2024-10-23,279.0295715332031,57.38205337524414,58.92839050292969,114.487548828125,84.96028137207031
2024-10-24,279.7735595703125,57.5142707824707,59.05112838745117,114.7867431640625,84.96953582763672
2024-10-25,279.5092468261719,57.363162994384766,58.89064025878906,114.59371948242188,85.00662231445312
2024-10-28,280.6448059082031,57.73147964477539,59.287139892578125,115.19210815429688,85.00662231445312
2024-10-29,281.0167236328125,57.53314971923828,59.07945251464844,115.09559631347656,85.02513122558594
2024-10-30,280.32171630859375,57.164833068847656,58.730140686035156,114.67092895507812,85.03440856933594
2024-10-31,275.0945129394531,56.79651641845703,58.390281677246094,113.0108413696289,85.0529556274414
2024-11-01,276.2691650390625,56.90040588378906,58.45635986328125,113.46446228027344,85.0892105102539
2024-11-04,275.7699279785156,57.051509857177734,58.63573455810547,113.40656280517578,85.1078109741211
2024-11-05,279.2742919921875,57.67481231689453,59.27770233154297,114.777099609375,85.1078109741211
2024-11-06,287.08575439453125,57.01373291015625,58.560211181640625,116.28274536132812,85.12640380859375
2024-11-07,289.0924377441406,57.95813751220703,59.57035827636719,117.50850677490234,85.13569641113281
2024-11-08,290.44329833984375,56.96651077270508,58.57909393310547,117.18034362792969,85.1822280883789
2024-11-11,291.25579833984375,56.890960693359375,58.503570556640625,117.31547546386719,85.17292785644531
2024-11-12,290.11053466796875,55.92766571044922,57.54063034057617,116.37925720214844,85.1822280883789
2024-11-13,289.9734802246094,55.644344329833984,57.247962951660156,116.13797760009766,85.2008285522461
2024-11-14,287.8297424316406,55.58768081665039,57.18187713623047,115.5395736694336,85.2008285522461
2024-11-15,284.1784973144531,55.417686462402344,57.03083038330078,114.39103698730469,85.22874450683594
2024-11-18,285.3336181640625,55.86155700683594,57.39901351928711,115.066650390625,85.2380142211914
2024-11-19,286.645263671875,55.82377624511719,57.41788864135742,115.36585235595703,85.26594543457031
2024-11-20,286.8116760253906,55.66323471069336,57.276283264160156,115.3368911743164,85.27523803710938
2024-11-21,288.818359375,55.748226165771484,57.30460739135742,115.88702392578125,85.2845458984375
2024-11-22,290.2475891113281,55.89933395385742,57.50286102294922,116.38890838623047,85.31245422363281
2024-11-25,291.6669006347656,56.06932067871094,57.69167709350586,116.88115692138672,85.32174682617188
2024-11-26,292.73388671875,55.75767517089844,57.39901351928711,116.95835876464844,85.32174682617188
2024-11-27,291.9018859863281,56.00321960449219,57.65390396118164,116.8135757446289,85.34966278076172
2024-11-29,293.52679443359375,56.57929992675781,58.258113861083984,117.69188690185547,85.36825561523438
2024-12-02,294.08477783203125,56.73041534423828,58.37140655517578,117.94283294677734,85.39158630371094
2024-12-03,294.08477783203125,56.957069396972656,58.616859436035156,118.1358642578125,85.41026306152344
2024-12-04,296.0621643066406,57.02317428588867,58.62629699707031,118.6184310913086,85.41959381103516
2024-12-05,295.23980712890625,57.26872253417969,58.985042572021484,118.63773345947266,85.42892456054688
2024-12-06,296.0621643066406,57.212059020996094,58.881195068359375,118.78250122070312,85.46626281738281
2024-12-09,294.1728820800781,57.542598724365234,59.20217514038086,118.5412368774414,85.47560119628906
2024-12-10,293.0667419433594,56.909847259521484,58.560211181640625,117.78839111328125,85.49430084228516
2024-12-11,295.42584228515625,57.24982833862305,58.9189567565918,118.68599700927734,85.50360107421875
2024-12-12,293.7421875,56.7681884765625,58.390281677246094,117.88491821289062,85.52228546142578
2024-12-13,293.59527587890625,56.664302825927734,58.24867248535156,117.74978637695312,85.55030822753906
2024-12-16,294.78955078125,56.43763732910156,58.0504264831543,117.90422058105469,85.55962371826172
2024-12-17,293.3310241699219,56.26765441894531,57.84272766113281,117.4119873046875,85.56896209716797
2024-12-18,284.2568359375,54.936038970947266,56.46439743041992,113.94705200195312,85.56896209716797
2024-12-19,283.8554382324219,54.936038970947266,56.46439743041992,113.92774200439453,85.58116912841797
2024-12-20,287.08575439453125,54.99363327026367,56.536407470703125,114.84859466552734,85.61865997314453
2024-12-23,288.7169189453125,55.300811767578125,56.862876892089844,115.48065185546875,85.61865997314453
2024-12-24,291.7808837890625,55.54078674316406,57.04531478881836,116.39469146728516,85.63737487792969
2024-12-26,291.94781494140625,55.64637756347656,57.1605339050293,116.53082275390625,85.65615844726562
2024-12-27,288.78564453125,55.50239181518555,57.03571701049805,115.61677551269531,85.69364929199219
2024-12-30,285.5940856933594,55.108821868896484,56.65163040161133,114.49853515625,85.69364929199219
2024-12-31,284.60223388671875,55.108821868896484,56.584415435791016,114.23600006103516,85.71240234375
2025-01-02,284.0621337890625,54.90724182128906,56.488399505615234,114.00261688232422,85.73113250732422
2025-01-03,287.7937927246094,55.26240921020508,56.78606033325195,115.17920684814453,85.74053955078125
2025-01-06,289.40435791015625,55.617584228515625,57.22774887084961,115.88905334472656,85.74989318847656
2025-01-07,286.1734619140625,55.473594665527344,56.9684944152832,114.75135803222656,85.76864624023438
2025-01-08,286.4386291503906,55.358402252197266,56.84367370605469,114.7902603149414,85.78738403320312
2025-01-10,282.1373291015625,54.41768264770508,55.91227722167969,112.95245361328125,85.81550598144531
2025-01-13,282.598876953125,54.244903564453125,55.7010383605957,112.99134063720703,85.82489013671875
2025-01-14,283.2372131347656,54.561676025390625,56.008296966552734,113.38028717041016,85.8436508178711
2025-01-15,288.4321594238281,55.20481491088867,56.67083740234375,115.11114501953125,85.85301208496094
2025-01-16,288.216064453125,55.339210510253906,56.853271484375,115.21810150146484,85.85301208496094
2025-01-17,290.8774108886719,55.617584228515625,57.13173294067383,116.18077087402344,85.89987182617188
2025-01-21,293.76458740234375,56.54869842529297,58.11112976074219,117.59073638916016,85.89987182617188
2025-01-22,295.1983337402344,56.49110412597656,57.986305236816406,117.89217376708984,85.91864776611328
2025-01-23,296.7499084472656,56.81747817993164,58.36078643798828,118.52421569824219,85.91864776611328
2025-01-24,295.8857421875,57.14385223388672,58.648841857910156,118.53394317626953,85.95612335205078
2025-01-27,291.76116943359375,56.79827880859375,58.30317306518555,117.18231964111328,85.96549987792969
2025-01-28,294.265380859375,56.88467025756836,58.370384216308594,117.94078063964844,85.96549987792969
2025-01-29,293.0083923339844,56.846275329589844,58.37998580932617,117.58099365234375,85.97488403320312
2025-01-30,294.8447570800781,57.52781677246094,59.080928802490234,118.57284545898438,85.9842529296875
2025-01-31,293.2342834472656,56.990257263183594,58.495208740234375,117.72686004638672,86.01239776611328
2025-02-03,291.0934753417969,56.42390441894531,57.90949249267578,116.80310821533203,86.03683471679688
2025-02-04,293.20477294921875,57.12465286254883,58.648841857910156,117.89217376708984,86.03683471679688
2025-02-05,294.5600280761719,57.479827880859375,59.032920837402344,118.51449584960938,86.04627227783203
2025-02-06,295.2867126464844,57.71979904174805,59.292171478271484,118.90345001220703,86.0650634765625
2025-02-07,292.64508056640625,57.35503387451172,58.90809631347656,117.94078063964844,86.08387756347656
2025-02-10,294.5207214355469,57.80619812011719,59.37859344482422,118.71868896484375,86.09329223632812
2025-02-11,294.3636169433594,57.94057846069336,59.48421096801758,118.7867660522461,86.10271453857422
2025-02-12,293.3913879394531,58.09416580200195,59.64744567871094,118.67008209228516,86.11209106445312
2025-02-13,296.455322265625,58.737308502197266,60.29077911376953,119.95362091064453,86.13092803955078
2025-02-14,296.4160461425781,58.86210250854492,60.406002044677734,120.08004760742188,86.15914154052734
2025-02-18,297.2507629394531,59.29405975341797,60.76127624511719,120.54679107666016,86.17797088623047
2025-02-19,297.67303466796875,58.852500915527344,60.357994079589844,120.40093231201172,86.18738555908203
2025-02-20,296.0723571777344,59.19807434082031,60.72286605834961,120.2356185913086,86.20616912841797
2025-02-21,290.6024169921875,58.8717041015625,60.32918930053711,118.54367065429688,86.23441314697266
2025-02-24,289.1195983886719,58.554927825927734,60.03152084350586,117.96023559570312,86.24380493164062
2025-02-25,287.6858215332031,58.910099029541016,60.367591857910156,117.8240966796875,86.24380493164062
2025-02-26,287.7839660644531,59.11167907714844,60.55003356933594,117.99913024902344,86.26263427734375
2025-02-27,283.3255920410156,58.32455062866211,59.743465423583984,116.21966552734375,86.27204132080078
2025-02-28,287.69561767578125,58.17095947265625,59.58023452758789,117.24066162109375,86.29085540771484
2025-03-03,282.5399475097656,58.37254333496094,59.7818717956543,115.99600982666016,86.30878448486328
2025-03-04,279.0144348144531,58.4205436706543,59.8106803894043,115.15003204345703,86.30878448486328
2025-03-05,282.18646240234375,59.90841293334961,61.30858612060547,117.05591583251953,86.31825256347656
2025-03-06,276.9423828125,59.390052795410156,60.818885803222656,115.31534576416016,86.32767486572266
2025-03-07,278.24847412109375,59.90841293334961,61.337398529052734,116.04463958740234,86.36541748046875
2025-03-10,270.6672058105469,58.56452178955078,59.945106506347656,113.08857727050781,86.37487030029297
2025-03-11,268.7718505859375,58.516536712646484,59.89710235595703,112.63155364990234,86.38427734375
2025-03-12,270.09765625,58.8717041015625,60.30998229980469,113.24415588378906,86.39373016357422
2025-03-13,266.3069763183594,58.516536712646484,59.945106506347656,111.90227508544922,86.41261291503906
2025-03-14,272.0125427246094,59.601234436035156,61.01092529296875,114.22628021240234,86.43148040771484
2025-03-17,274.2614440917969,60.349971771240234,61.80789566040039,115.36395263671875,86.45036315917969
2025-03-18,271.3055114746094,60.2731819152832,61.731075286865234,114.53742980957031,86.45036315917969
2025-03-19,274.3891296386719,60.455562591552734,61.89430618286133,115.48065185546875,86.45980834960938
2025-03-20,273.73114013671875,59.97560119628906,61.414207458496094,114.9847412109375,86.47865295410156
2025-03-21,273.8392028808594,59.706966400146484,61.11661911010742,114.72620391845703,86.50698852539062
2025-03-24,278.9064636230469,59.7454833984375,61.212928771972656,116.1797866821289,86.50698852539062
2025-03-25,279.3777770996094,59.976566314697266,61.4151725769043,116.40416717529297,86.51641082763672
2025-03-26,276.1076354980469,59.34108352661133,60.779541015625,115.13593292236328,86.52587890625
2025-03-27,274.9398498535156,59.5047607421875,60.91437911987305,115.00911712646484,86.54473114013672
2025-03-28,269.4605712890625,58.75373458862305,60.201698303222656,112.98969268798828,86.57306671142578
2025-03-31,270.8500671386719,58.407108306884766,59.80683898925781,113.11651611328125,86.57306671142578
2025-04-01,271.7666015625,58.580421447753906,59.98019790649414,113.48725128173828,86.59294128417969
2025-04-02,273.91497802734375,58.724849700927734,60.1342887878418,114.16036987304688,86.60242462158203
2025-04-03,260.1280517578125,57.54052734375,58.93044662475586,109.65328979492188,86.61186981201172
2025-04-04,244.8629150390625,54.0164680480957,55.32855224609375,103.11699676513672,86.64030456542969
2025-04-07,244.06468200683594,52.552913665771484,53.82615661621094,101.87803649902344,86.6497573852539
2025-04-08,240.21142578125,52.177398681640625,53.48908615112305,100.63906860351562,86.66871643066406
2025-04-09,264.58245849609375,55.932552337646484,57.302852630615234,109.24354553222656,86.66871643066406
2025-04-10,253.69285583496094,54.97932052612305,56.27235794067383,106.19977569580078,86.67817687988281
2025-04-11,257.9402770996094,56.423614501953125,57.81327819824219,108.39480590820312,86.716064453125
2025-04-14,260.3152770996094,57.01095962524414,58.448909759521484,109.41914367675781,86.716064453125
2025-04-15,259.8619689941406,57.31907653808594,58.766719818115234,109.52645111083984,86.73501586914062
2025-04-16,254.46151733398438,57.0013313293457,58.45853805541992,107.89726257324219,86.74446105957031
2025-04-17,254.99368286132812,57.57905197143555,59.055641174316406,108.46308898925781,86.78235626220703
2025-04-21,248.93295288085938,57.37684631347656,58.8437614440918,106.78511047363281,86.79180908203125
2025-04-22,255.26959228515625,58.45524978637695,59.93204116821289,109.11670684814453,86.79180908203125
2025-04-23,259.6156311035156,58.763362884521484,60.201698303222656,110.51177215576172,86.81077575683594
2025-04-24,265.08502197265625,59.485511779785156,60.9721565246582,112.43363952636719,86.81077575683594
2025-04-25,266.7110900878906,59.56254196166992,61.02031326293945,112.9701919555664,86.84864807128906
2025-04-28,267.09539794921875,59.90917205810547,61.376651763916016,113.29212188720703,86.85812377929688
2025-04-29,268.7017517089844,60.063228607177734,61.56926727294922,113.80917358398438,86.85812377929688
2025-04-30,268.85943603515625,60.02470779418945,61.50185012817383,113.75064086914062,86.86759185791016
2025-05-01,270.53472900390625,59.88991165161133,61.34775924682617,114.16036987304688,86.88850402832031
2025-05-02,274.7526550292969,61.09348678588867,62.62864685058594,116.15052795410156,86.9170150756836
2025-05-05,273.195556640625,61.31494903564453,62.85978317260742,115.89688110351562,86.9170150756836
2025-05-06,270.97821044921875,61.22828674316406,62.75386047363281,115.24324035644531,86.93602752685547
2025-05-07,272.1016540527344,60.8527717590332,62.38787841796875,115.3212890625,86.93602752685547
2025-05-08,274.2401428222656,60.70833969116211,62.22416305541992,115.72127532958984,86.95503997802734
2025-05-09,273.9346618652344,61.064598083496094,62.570858001708984,115.88711547851562,86.9835433959961
2025-05-12,283.0996398925781,61.66157531738281,63.187232971191406,118.75528717041016,86.9835433959961
2025-05-13,285.0213317871094,61.777122497558594,63.31241989135742,119.34062194824219,87.0025405883789
2025-05-14,285.20855712890625,61.70008850097656,63.264278411865234,119.34062194824219,87.0025405883789
2025-05-15,286.3714294433594,62.16225814819336,63.76508331298828,120.01374816894531,87.01204681396484
2025-05-16,288.3325500488281,62.23929214477539,63.84211730957031,120.59909057617188,87.050048828125
2025-05-19,288.5592346191406,62.68219757080078,64.27549743652344,120.93077850341797,87.050048828125
2025-05-20,287.6131591796875,62.88440704345703,64.47773742675781,120.80396270751953,87.06905364990234
2025-05-21,282.6069030761719,62.60517501831055,64.17919158935547,119.29183959960938,87.07856750488281
2025-05-22,282.5576477050781,62.508888244628906,64.07325744628906,119.20404052734375,87.09757232666016
2025-05-23,280.9020690917969,62.68219757080078,64.28514099121094,118.93087768554688,87.13558197021484
2025-05-27,286.6769104003906,63.240665435791016,64.9111328125,120.86248779296875,87.13558197021484
2025-05-28,284.99176025390625,62.70146560668945,64.3525390625,120.03326416015625,87.14508056640625
2025-05-29,285.90826416015625,62.94218444824219,64.6318359375,120.52104949951172,87.15459442138672
2025-05-30,285.6717834472656,62.80738067626953,64.46810913085938,120.35520935058594,87.18311309814453
2025-06-02,287.1302490234375,63.43323516845703,65.13262176513672,121.15516662597656,87.19837188720703
2025-06-03,289.1111145019531,63.14438247680664,64.81482696533203,121.46734619140625,87.21745300292969
2025-06-04,289.0815124511719,63.54877853393555,65.23857116699219,121.75025939941406,87.21745300292969
2025-06-05,287.48504638671875,63.58729553222656,65.32524871826172,121.41856384277344,87.22698211669922
2025-06-06,290.835693359375,63.818382263183594,65.49861145019531,122.36486053466797,87.2555923461914
2025-06-09,291.07220458984375,63.97244644165039,65.6526870727539,122.5697250366211,87.27464294433594
2025-06-10,292.60955810546875,64.19389343261719,65.89346313476562,123.15505981445312,87.28419494628906
2025-06-11,291.8310546875,64.21316528320312,65.95125579833984,122.92093658447266,87.28419494628906
2025-06-12,292.7672424316406,64.58866882324219,66.31722259521484,123.4477310180664,87.2937240600586
2025-06-13,289.3081970214844,63.712459564208984,65.43118286132812,121.89659118652344,87.33187866210938
2025-06-16,292.16607666015625,64.11685943603516,65.86456298828125,122.95995330810547,87.33187866210938
2025-06-17,289.7319641113281,63.32732009887695,65.05558776855469,121.76000213623047,87.3509292602539
2025-06-18,289.8403015136719,63.37546920776367,65.13262176513672,121.82830047607422,87.37000274658203
2025-06-20,289.1701965332031,62.889610290527344,64.6136703491211,121.29407501220703,87.38907623291016
2025-06-23,291.94927978515625,63.36479568481445,65.10839080810547,122.45073699951172,87.40817260742188
2025-06-24,295.35906982421875,64.32487487792969,66.09780883789062,123.98970794677734,87.40817260742188
2025-06-25,295.0141296386719,64.12122344970703,65.92321014404297,123.77406311035156,87.41767883300781
2025-06-26,297.5566711425781,64.74187469482422,66.57312774658203,124.93073272705078,87.42723083496094
2025-06-27,298.9067687988281,65.05220031738281,66.84473419189453,125.4698715209961,87.46537780761719
2025-06-30,300.42205810546875,65.18797302246094,67.01934051513672,125.9795913696289,87.47489929199219
2025-07-01,300.42205810546875,65.19767761230469,67.03874969482422,125.9893798828125,87.49022674560547
2025-07-02,301.9838562011719,65.4110107421875,67.25215911865234,126.55792999267578,87.4997787475586
2025-07-03,304.4747314453125,65.52738952636719,67.4073486328125,127.2244873046875,87.54763793945312
2025-07-07,302.07281494140625,64.73217010498047,66.57312774658203,126.06781005859375,87.55719757080078
2025-07-08,302.05303955078125,65.13948059082031,66.99994659423828,126.33247375488281,87.55719757080078
2025-07-09,303.95086669921875,65.43041229248047,67.30065155029297,127.08723449707031,87.56675720214844
2025-07-10,304.7614440917969,65.52738952636719,67.39765930175781,127.322509765625,87.58589172363281
2025-07-11,303.4764404296875,65.05220031738281,66.93204498291016,126.68535614013672,87.60503387451172
2025-07-14,304.1683349609375,65.1297836303711,66.99994659423828,126.91082000732422,87.6146011352539
2025-07-15,302.5670471191406,64.800048828125,66.67013549804688,126.26384735107422,87.62417602539062
2025-07-16,303.7136535644531,65.06189727783203,66.96115112304688,126.76378631591797,87.64329528808594
2025-07-17,305.6905822753906,65.28494262695312,67.20364379882812,127.41072845458984,87.64329528808594
2025-07-18,305.5225524902344,65.13948059082031,67.03874969482422,127.30288696289062,87.68157196044922
2025-07-21,305.8684997558594,65.52738952636719,67.44615936279297,127.61656951904297,87.70071411132812
2025-07-22,306.22430419921875,65.78921508789062,67.72745513916016,127.96945190429688,87.71028137207031
2025-07-23,308.8042297363281,67.04022216796875,68.93999481201172,129.43980407714844,87.71986389160156
2025-07-24,308.6954650878906,66.60383605957031,68.4743881225586,129.0967254638672,87.71986389160156
2025-07-25,310.0694580078125,66.45835876464844,68.36769104003906,129.37118530273438,87.7485580444336
2025-07-28,309.98046875,65.64376068115234,67.48494720458984,128.72422790527344,87.75812530517578
2025-07-29,309.0019226074219,65.60496520996094,67.44615936279297,128.48898315429688,87.76768493652344
2025-07-30,308.64605712890625,65.14917755126953,66.96115112304688,128.0380859375,87.77726745605469
2025-07-31,307.3017883300781,64.58670043945312,66.41792297363281,127.36170196533203,87.78683471679688
2025-08-01,302.211181640625,64.37335205078125,66.19481658935547,125.87177276611328,87.82428741455078
2025-08-04,306.9458923339844,65.15888214111328,67.0096435546875,127.63616943359375,87.83387756347656
2025-08-05,305.59173583984375,65.28494262695312,67.18424987792969,127.3813247680664,87.83387756347656
2025-08-06,307.6576232910156,65.73104858398438,67.62076568603516,128.2145233154297,87.86267852783203
2025-08-07,307.47967529296875,66.196533203125,68.10578918457031,128.4497528076172,87.86267852783203
2025-08-08,309.4170837402344,66.43898010253906,68.3288803100586,129.20455932617188,87.89149475097656
2025-08-11,308.7053527832031,66.20623016357422,68.115478515625,128.86148071289062,87.90107727050781
2025-08-12,312.48126220703125,66.95295715332031,68.87210083007812,130.4004364013672,87.91068267822266
2025-08-13,313.9936218261719,67.40875244140625,69.31832122802734,131.05718994140625,87.92029571533203
2025-08-14,313.5290832519531,67.12750244140625,69.0079116821289,130.7435302734375,87.92990112304688
2025-08-15,312.8173522949219,67.42813873291016,69.31832122802734,130.7435302734375,87.96829223632812
2025-08-18,312.93597412109375,67.47662353515625,69.41531372070312,130.8121337890625,87.96829223632812
2025-08-19,311.03814697265625,67.31177520751953,69.23101806640625,130.21420288085938,87.98748016357422
2025-08-20,310.21771240234375,67.4184341430664,69.31832122802734,130.04754638671875,88.00670623779297
2025-08-21,309.1501770019531,67.14689636230469,69.05641174316406,129.57705688476562,88.00670623779297
2025-08-22,314.5075988769531,68.26213836669922,70.18163299560547,131.79237365722656,88.0354995727539
2025-08-25,312.9952697753906,67.56390380859375,69.50262451171875,130.9297637939453,88.04509735107422
2025-08-26,314.4186706542969,67.52510833740234,69.46382141113281,131.27284240722656,88.05471801757812
2025-08-27,315.25885009765625,67.30207824707031,69.26011657714844,131.33164978027344,88.06431579589844
2025-08-28,316.4054260253906,67.57360076904297,69.54142761230469,131.85118103027344,88.07389831542969
2025-08-29,314.52740478515625,67.26327514648438,69.23101806640625,131.12582397460938,88.1123046875
2025-09-02,312.3428955078125,66.79777526855469,68.74600219726562,130.18479919433594,88.1335220336914
2025-09-03,313.66741943359375,66.95295715332031,68.89149475097656,130.66510009765625,88.14315795898438
2025-09-04,316.4450378417969,67.20508575439453,69.17280578613281,131.59632873535156,88.16242218017578
2025-09-05,315.8617858886719,67.63179016113281,69.62872314453125,131.7237548828125,88.19132995605469
2025-09-08,316.8700256347656,68.27183532714844,70.29804992675781,132.43931579589844,88.20096588134766
2025-09-09,317.2752990722656,68.22333526611328,70.21073913574219,132.5667724609375,88.2105941772461
2025-09-10,318.0858154296875,68.3591079711914,70.33685302734375,132.85101318359375,88.22023010253906
2025-09-11,321.03143310546875,69.13492584228516,71.13227081298828,134.16452026367188,88.22987365722656
2025-09-12,320.5668640136719,68.91187286376953,70.89946746826172,133.89988708496094,88.2587661743164
2025-09-15,322.1286315917969,69.43555450439453,71.45238494873047,134.65464782714844,88.26840209960938
2025-09-16,321.6937255859375,69.4743423461914,71.51058197021484,134.6056365966797,88.27804565429688
2025-09-17,321.40704345703125,69.42584991455078,71.46208190917969,134.40957641601562,88.28768157958984
2025-09-18,323.433349609375,69.51314544677734,71.5202865600586,135.0369415283203,88.29730987548828
2025-09-19,324.64923095703125,69.30166625976562,71.2765884399414,135.22186279296875,88.33584594726562
2025-09-22,326.05279541015625,69.53555297851562,71.5885238647461,135.77272033691406,88.3454818725586
2025-09-23,324.30322265625,69.46733093261719,71.49102783203125,135.26119995117188,88.3454818725586
2025-09-24,323.1170959472656,69.07750701904297,71.0718765258789,134.65135192871094,88.36475372314453
2025-09-25,321.3872985839844,68.65843963623047,70.66246795654297,133.89395141601562,88.36475372314453
2025-09-26,323.4037170410156,68.92157745361328,70.9159164428711,134.62185668945312,88.39366912841797
2025-09-29,324.2234802246094,69.31140899658203,71.29608154296875,135.1333465576172,88.40330505371094
2025-09-30,325.2840576171875,69.5550537109375,71.60800170898438,135.54647827148438,88.40330505371094
2025-10-01,326.41400146484375,70.12029266357422,72.10516357421875,136.244873046875,88.42359924316406
2025-10-02,326.8898010253906,70.28598022460938,72.24162292480469,136.44158935546875,88.43328094482422
2025-10-03,327.0682373046875,70.78299713134766,72.77777099609375,136.8055419921875,88.45259857177734
2025-10-06,328.29730224609375,70.96817779541016,72.93373107910156,137.29737854003906,88.47195434570312
2025-10-07,326.7212829589844,70.41266632080078,72.36834716796875,136.45143127441406,88.47195434570312
2025-10-08,328.8920593261719,70.69529724121094,72.6510238647461,137.1891632080078,88.49127960205078
2025-10-09,327.7521667480469,70.07157897949219,72.01742553710938,136.4711151123047,88.49127960205078
2025-10-10,318.9700622558594,68.414794921875,70.35052490234375,132.94964599609375,88.52996063232422
2025-10-13,324.054931640625,69.44784545898438,71.42280578613281,135.07432556152344,88.53962707519531
2025-10-14,323.955810546875,69.45758819580078,71.43254852294922,135.00546264648438,88.53962707519531
2025-10-15,325.49224853515625,70.11055755615234,72.0564193725586,135.76287841796875,88.54927825927734
2025-10-16,322.9051513671875,70.38343048095703,72.37810516357422,135.39892578125,88.55894470214844
2025-10-17,324.42169189453125,70.36393737792969,72.329345703125,135.8218994140625,88.57830047607422
2025-10-20,328.0396423339844,71.11436462402344,73.04094696044922,137.16949462890625,88.59761810302734
2025-10-21,327.9999694824219,70.47113800048828,72.34886169433594,136.81536865234375,88.59761810302734
2025-10-22,326.00762939453125,70.4614028930664,72.40733337402344,136.22520446777344,88.6169662475586
2025-10-23,328.09906005859375,70.84147644042969,72.82650756835938,137.1203155517578,88.62663269042969
2025-10-24,330.77532958984375,71.14360046386719,73.0604476928711,137.9859161376953,88.65562438964844
2025-10-27,334.4626159667969,71.66011810302734,73.61607360839844,139.36300659179688,88.65562438964844
2025-10-28,334.9780578613281,71.62113189697266,73.60633087158203,139.4613800048828,88.66529846191406
2025-10-29,334.7401428222656,71.39698791503906,73.38213348388672,139.2744903564453,88.69430541992188
2025-10-30,331.1420593261719,71.01690673828125,72.9239730834961,138.04493713378906,88.69430541992188
2025-10-31,332.4703063964844,70.81224822998047,72.7485122680664,138.2908477783203,88.71363830566406
2025-11-03,332.846923828125,71.04615020751953,72.95321655273438,138.45806884765625,88.72624969482422
2025-11-04,328.8226623535156,70.11055755615234,71.9881820678711,136.71701049804688,88.73595428466797
2025-11-05,330.23016357421875,70.58809661865234,72.47557067871094,137.46458435058594,88.74565124511719
2025-11-06,326.4734802246094,70.35419464111328,72.19287872314453,136.2350311279297,88.75537109375
2025-11-07,327.1871643066406,70.48088836669922,72.329345703125,136.55963134765625,88.78446197509766
2025-11-10,331.9747009277344,71.37748718261719,73.23590850830078,138.46791076660156,88.80386352539062
2025-11-11,332.7874755859375,71.71858978271484,73.6258316040039,138.84169006347656,88.79415130615234
2025-11-12,332.90643310546875,72.04019927978516,73.90850830078125,139.1761474609375,88.80386352539062
2025-11-13,327.0087585449219,71.24105072021484,73.09944152832031,137.01211547851562,88.81354522705078
2025-11-14,326.95916748046875,71.17283630371094,73.04094696044922,136.9629364013672,88.85236358642578
2025-11-17,323.559326171875,70.28598022460938,72.13440704345703,135.4579620361328,88.85236358642578
2025-11-18,321.3687744140625,69.63300323486328,71.50078582763672,134.4447784423828,88.87175750732422
2025-11-19,322.4194641113281,69.45758819580078,71.3155746459961,134.58251953125,88.87175750732422
2025-11-20,317.2850036621094,68.53173828125,70.37003326416016,132.52667236328125,88.89115142822266
2025-11-21,320.9524841308594,69.21395111083984,71.08162689208984,133.92347717285156,88.91056060791016
2025-11-24,325.74993896484375,69.30166625976562,71.38381958007812,135.54647827148438,88.91056060791016
2025-11-25,329.23895263671875,70.1495361328125,72.04666900634766,136.8055419921875,88.92994689941406
2025-11-26,331.4989013671875,70.8609619140625,72.72901916503906,137.92689514160156,88.93965148925781
2025-11-28,333.35247802734375,71.11436462402344,73.05069732666016,138.5859375,88.9687728881836
2025-12-01,331.71697998046875,70.80250549316406,72.76801300048828,137.92689514160156,88.97945404052734
2025-12-02,332.11346435546875,70.96817779541016,72.8849868774414,138.18264770507812,89.0086441040039
2025-12-03,333.60028076171875,71.23130798339844,73.17742919921875,138.75314331054688,89.01838684082031
2025-12-04,334.1255798339844,71.40672302246094,73.3333969116211,138.9695587158203,89.02811431884766
2025-12-05,334.5914611816406,71.62113189697266,73.47960662841797,139.24497985839844,89.04756164550781
2025-12-08,333.61016845703125,71.40672302246094,73.32363891601562,138.82203674316406,89.05729675292969
2025-12-09,333.2731628417969,71.30928039550781,73.22616577148438,138.6646270751953,89.0767593383789
2025-12-10,335.7511901855469,72.09867858886719,74.0157470703125,139.8450164794922,89.0767593383789
2025-12-11,336.88116455078125,72.27410125732422,74.210693359375,140.2286376953125,89.08648681640625
2025-12-12,333.0353088378906,71.78681182861328,73.70381164550781,138.91053771972656,89.12540435791016
2025-12-15,332.38104248046875,72.0596923828125,73.95726013183594,138.91053771972656,89.12540435791016
2025-12-16,331.41961669921875,71.6503677368164,73.5575942993164,138.37937927246094,89.13514709472656
2025-12-17,327.80169677734375,71.13385009765625,73.07019805908203,137.1104736328125,89.14485931396484
2025-12-18,330.3193664550781,71.68936157226562,73.66482543945312,138.14328002929688,89.15951538085938
2025-12-19,333.26324462890625,72.25254821777344,74.12442779541016,139.30833435058594,89.18883514404297
2025-12-22,335.580322265625,72.59957885742188,74.5413589477539,140.14120483398438,89.18883514404297
2025-12-23,336.693603515625,73.06559753417969,74.99800872802734,140.80552673339844,89.18883514404297
2025-12-24,337.8466796875,73.11518096923828,75.05756378173828,141.15255737304688,89.21813201904297
2025-12-26,337.637939453125,73.35314178466797,75.29581451416016,141.29136657714844,89.24744415283203
2025-12-29,336.3656005859375,73.12509155273438,75.05756378173828,140.80552673339844,89.24744415283203
2025-12-30,335.82879638671875,73.25398254394531,75.20647430419922,140.77578735351562,89.25720977783203
2025-12-31,333.2642517089844,72.93669891357422,74.88880920410156,139.8635711669922,89.26697540283203
2026-01-02,334.29803466796875,74.05712890625,75.98076629638672,140.894775390625,89.30604553222656
2026-01-05,336.8128662109375,74.850341796875,76.78485107421875,142.08457946777344,89.30604553222656
2026-01-06,339.168701171875,75.11805725097656,77.05288696289062,142.91746520996094,89.31582641601562
2026-01-07,338.015625,74.72145080566406,76.66573333740234,142.3225555419922,89.33536529541016
2026-01-08,338.1051330566406,74.79084777832031,76.7153549194336,142.4217071533203,89.33536529541016
2026-01-09,340.3515930175781,75.31635284423828,77.26134490966797,143.3636474609375,89.35489654541016
2026-01-12,340.9778137207031,76.02034759521484,77.97608947753906,144.0081329345703,89.36466979980469
2026-01-13,340.2919616699219,75.60391235351562,77.55915069580078,143.47271728515625,89.37442779541016
2026-01-14,338.9599609375,75.93110656738281,77.89667510986328,143.37356567382812,89.38420867919922
2026-01-15,340.0036926269531,76.07984161376953,78.02571868896484,143.7007598876953,89.38420867919922
2026-01-16,339.80487060546875,76.07984161376953,78.0654296875,143.7007598876953,89.42327880859375
2026-01-20,333.1051940917969,75.13788604736328,77.1620864868164,141.24180603027344,89.42327880859375
2026-01-21,337.05145263671875,75.98068237304688,78.02571868896484,142.8976287841797,89.43304443359375
2026-01-22,338.8307189941406,76.38720703125,78.50221252441406,143.6908416748047,89.44281005859375
2026-01-23,338.5225830078125,76.81356811523438,78.94892120361328,143.9684600830078,89.47210693359375
2026-01-26,339.98382568359375,77.11102294921875,79.2765121459961,144.60304260253906,89.47210693359375
2026-01-27,341.21636962890625,78.33059692382812,80.50745391845703,145.8027801513672,89.48188781738281
2026-01-28,341.0274963378906,78.052978515625,80.15007781982422,145.55490112304688,89.49166107177734
2026-01-29,340.24224853515625,78.26119995117188,80.35855102539062,145.4755859375,89.51118469238281
2026-01-30,338.53253173828125,77.07135772705078,79.0779800415039,144.2163543701172,89.5307388305664
2026-02-02,340.4311218261719,77.49771881103516,79.5246810913086,144.91041564941406,89.5444564819336
2026-02-03,337.8168640136719,77.70594024658203,79.72322082519531,144.37498474121094,89.5444564819336
2026-02-04,336.2264404296875,77.63653564453125,79.66365814208984,143.89907836914062,89.56404113769531
2026-02-05,331.9024353027344,76.71441650390625,78.71067810058594,142.15399169921875,89.56404113769531
2026-02-06,338.9201965332031,78.51899719238281,80.45781707763672,145.21778869628906,89.59345245361328
2026-02-09,340.59014892578125,79.47085571289062,81.5497817993164,146.4175262451172,89.59345245361328
2026-02-10,339.7551574707031,79.69890594482422,81.74832153320312,146.3282928466797,89.60323333740234
2026-02-11,339.4271545410156,80.34339904785156,82.3836441040039,146.72488403320312,89.62283325195312
2026-02-12,333.9998474121094,79.57992553710938,81.52992248535156,144.72203063964844,89.62283325195312
2026-02-13,334.635986328125,79.79806518554688,81.79795837402344,145.09881591796875,89.66204071044922
2026-02-17,335.053466796875,79.65924835205078,81.62920379638672,145.04922485351562,89.67182922363281
2026-02-18,336.80291748046875,79.9071273803711,81.90715026855469,145.7631072998047,89.68162536621094
2026-02-19,336.1667785644531,79.7286605834961,81.77810668945312,145.43592834472656,89.68162536621094
2026-02-20,338.23431396484375,80.7400131225586,82.76087188720703,146.6951446533203,89.71100616455078
2026-02-23,334.4471130371094,80.26408386230469,82.32408142089844,145.4061737060547,89.71100616455078
2026-02-24,337.1806640625,80.76976013183594,82.81050109863281,146.447265625,89.73062896728516
2026-02-25,339.78497314453125,81.56298065185547,83.58480834960938,147.64700317382812,89.74040985107422
2026-02-26,338.4530029296875,81.31510162353516,83.34654998779297,147.14132690429688,89.75021362304688
2026-02-27,336.7432861328125,81.126708984375,83.1976547241211,146.58609008789062,89.76980590820312
2026-03-02,337.0912170410156,79.71874237060547,81.79795837402344,145.70362854003906,89.78257751464844
2026-03-03,333.72149658203125,76.9623031616211,78.97870635986328,142.8183135986328,89.79240417480469
2026-03-04,336.1667785644531,77.76543426513672,79.75300598144531,144.0279541015625,89.8022232055664
2026-03-05,333.9898986816406,76.14924621582031,78.14484405517578,142.35231018066406,89.81204986572266
2026-03-06,329.4273681640625,75.53449249267578,77.4102554321289,140.7261962890625,89.83170318603516
2026-03-09,332.2801818847656,76.30789184570312,78.37316131591797,142.0251007080078,89.84151458740234
2026-03-10,331.5148010253906,76.56568145751953,78.54192352294922,142.00527954101562,89.8513412475586
2026-03-11,331.2463684082031,76.45661926269531,78.46250915527344,141.8267822265625,89.8513412475586
2026-03-12,325.958251953125,74.95941162109375,76.90397644042969,139.35792541503906,89.87100219726562
2026-03-13,324.1789245605469,74.2256851196289,76.17930603027344,138.33665466308594,89.90047454833984
2026-03-16,327.4889831542969,75.7625503540039,77.69812774658203,140.28994750976562,89.90047454833984
2026-03-17,328.5923767089844,76.00051879882812,78.03565216064453,140.81544494628906,89.91029357910156
2026-03-18,324.069580078125,74.72145080566406,76.68558502197266,138.6341094970703,89.9299545288086
2026-03-19,323.4930725097656,74.58262634277344,76.58631896972656,138.3664093017578,89.9299545288086
2026-03-20,318.4235534667969,72.351318359375,74.24112701416016,135.48126220703125,89.95941162109375
2026-03-23,322.2505187988281,74.178466796875,76.09939575195312,137.74722290039062,89.96924591064453
2026-03-24,321.24658203125,73.6124496459961,75.47334289550781,137.05152893066406,89.97906494140625
2026-03-25,323.20477294921875,74.67498016357422,76.59626007080078,138.313720703125,89.96924591064453
2026-03-26,317.6382751464844,72.86769104003906,74.7280502319336,135.6005096435547,89.9888916015625
2026-03-27,312.19195556640625,72.31159973144531,74.22126007080078,133.79171752929688,90.01835632324219
2026-03-30,310.7860107421875,72.2420883178711,74.16162872314453,133.36436462402344,90.0281753540039
2026-03-31,319.88983154296875,74.57568359375,76.62606811523438,137.4689483642578,90.0281753540039
2026-04-01,322.3128356933594,75.55876922607422,77.52041625976562,138.8305206298828,90.05182647705078
2026-04-02,322.83135986328125,75.05233001708984,76.99374389648438,138.51248168945312,90.071533203125
2026-04-06,324.2771911621094,75.44953918457031,77.48066711425781,139.20819091796875,90.09124755859375
2026-04-07,324.4965515136719,75.47933197021484,77.53034973144531,139.26780700683594,90.10108947753906
2026-04-08,332.74285888671875,78.656982421875,80.72021484375,143.6904296875,90.10108947753906
2026-04-09,334.48785400390625,78.45838165283203,80.56121063232422,144.0581512451172,90.1109390258789
2026-04-10,334.0889587402344,78.656982421875,80.75994873046875,144.0879669189453,90.14049530029297
2026-04-13,337.6986083984375,79.16342163085938,81.37606811523438,145.49923706054688,90.14049530029297
2026-04-14,341.66717529296875,80.1167221069336,82.29029083251953,147.1788330078125,90.15036010742188
2026-04-15,344.2497253417969,79.92804718017578,82.13129425048828,147.70558166503906,90.16020965576172
2026-04-16,345.0374755859375,79.94791412353516,82.11141967773438,147.87452697753906,90.17005920410156
2026-04-17,349.5245666503906,81.06008911132812,83.22439575195312,149.9119110107422,90.19961547851562
2026-04-20,349.2054748535156,80.69268035888672,82.95609283447266,149.5541229248047,90.20945739746094
2026-04-21,346.84228515625,79.16342163085938,81.36612701416016,147.84471130371094,90.21932220458984
2026-04-22,350.21258544921875,79.77909851074219,82.07167053222656,149.1764678955078,90.21932220458984
2026-04-23,348.7966613769531,79.02440643310547,81.20713806152344,148.23231506347656,90.23902130126953
2026-04-24,351.0401916503906,79.81881713867188,81.97229766845703,149.4149932861328,90.25872802734375
2026-04-27,351.5188293457031,79.66987609863281,81.82323455810547,149.39512634277344,90.2685775756836
2026-04-28,349.6242980957031,79.21307373046875,81.37606811523438,148.54042053222656,90.27842712402344
2026-04-29,349.2054748535156,78.57754516601562,80.72021484375,148.0236053466797,90.27842712402344
2026-04-30,353.1640930175781,80.35504913330078,82.5387191772461,150.2696990966797,90.28828430175781
2026-05-01,354.27093505859375,80.24581146240234,82.44928741455078,150.5082244873047,90.31793212890625
2026-05-04,352.9646911621094,79.55070495605469,81.73381042480469,149.63363647460938,90.33769226074219
2026-05-05,355.9660339355469,80.69268035888672,82.88652801513672,151.1840362548828,90.34757232666016
2026-05-06,360.8220520019531,82.8773193359375,85.08265686035156,154.10594177246094,90.33769226074219
2026-05-07,359.1668395996094,81.66582489013672,83.72125244140625,152.77420043945312,90.35745239257812
2026-05-08,361.82916259765625,82.70850372314453,84.89385223388672,154.22520446777344,90.37722778320312
2026-05-11,362.5870056152344,82.62905883789062,84.85409545898438,154.36436462402344,90.3969955444336
2026-05-12,361.7494201660156,81.5367431640625,83.70137786865234,153.4003143310547,90.40686798095703
2026-05-13,363.6639099121094,82.38080596923828,84.54605102539062,154.44384765625,90.40686798095703
2026-05-14,366.34619140625,82.30136108398438,84.48641967773438,155.06004333496094,90.42662811279297
2026-05-15,361.6995544433594,80.44441986083984,82.58840942382812,152.575439453125,90.44640350341797
2026-05-18,361.32061767578125,80.89128112792969,83.00577545166016,152.76426696777344,90.44640350341797
2026-05-19,359.0272521972656,80.20609283447266,82.28035736083984,151.69090270996094,90.4661636352539
2026-05-20,363.1453857421875,81.5665283203125,83.64175415039062,153.6785888671875,90.48591613769531
2026-05-21,364.0428161621094,82.00346374511719,84.04918670654297,154.25503540039062,90.48591613769531
2026-05-22,365.7379455566406,81.86444091796875,83.929931640625,154.61282348632812,90.50568389892578
2026-05-26,368.4002685546875,83.50291442871094,85.569580078125,156.41168212890625,90.52545166015625
2026-05-27,368.300537109375,83.23480224609375,85.31121063232422,156.1930389404297,90.53533172607422
2026-05-28,370.5939636230469,83.33409881591797,85.45032501220703,156.89865112304688,90.54520416259766
2026-05-29,371.4714660644531,83.4135513305664,85.51988983154297,157.14710998535156,90.57485961914062
2026-06-01,372.3289794921875,83.7908935546875,85.76832580566406,157.62417602539062,90.58377838134766
2026-06-02,373.2862243652344,84.40656280517578,86.41424560546875,158.36956787109375,90.57386016845703
2026-06-03,370.583984375,83.58235931396484,85.55963897705078,156.97816467285156,90.59368896484375
2026-06-04,372.3090515136719,83.71145629882812,85.70870208740234,157.5645294189453,90.59368896484375
2026-06-05,362.3377380371094,80.56358337402344,82.5089111328125,152.73443603515625,90.63331604003906
2026-06-08,363.4245910644531,81.28849029541016,83.21444702148438,153.52952575683594,90.64324188232422
2026-06-09,362.62689208984375,81.37785339355469,83.29395294189453,153.3506317138672,90.64324188232422
2026-06-10,357.0130310058594,80.20609283447266,82.07167053222656,150.9852752685547,90.65315246582031
2026-06-11,363.25506591796875,82.8773193359375,84.80440521240234,154.65257263183594,90.6630630493164
2026-06-12,365.30914306640625,83.20501708984375,85.14228057861328,155.32838439941406,90.69278717041016
2026-06-15,371.46148681640625,84.42642211914062,86.43412017822266,157.74343872070312,90.69278717041016
2026-06-16,369.30767822265625,84.11859130859375,86.08631134033203,157.01792907714844,90.70269775390625
2026-06-17,364.7109069824219,83.72138214111328,85.60933685302734,155.44766235351562,90.71260833740234
2026-06-18,368.9287414550781,84.7220458984375,86.61351013183594,157.25601196289062,90.75225067138672
2026-06-22,367.75213623046875,85.03132629394531,86.90299224853516,157.15625,90.75225067138672
2026-06-23,362.65679931640625,82.42740631103516,84.25777435302734,153.93453979492188,90.76216888427734
2026-06-24,362.60693359375,82.32763671875,84.1878890991211,153.86471557617188,90.7720718383789
2026-06-25,362.9360046386719,83.0958480834961,84.92656707763672,154.4532012939453,90.781982421875
2026-06-26,362.2200012207031,82.47728729248047,84.32764434814453,153.55551147460938,90.81172180175781
2026-06-29,367.1199951171875,83.02600860595703,84.7768325805664,155.43069458007812,90.82164001464844
2026-06-30,370.0400085449219,83.55477142333984,85.33582305908203,156.54782104492188,90.82164001464844
2026-07-01,369.2699890136719,82.52717590332031,84.37755584716797,155.71994018554688,90.8494644165039
2026-07-02,368.760009765625,82.78656768798828,84.6869888305664,155.7698211669922,90.88922119140625
2026-07-06,371.6700134277344,84.11346435546875,86.01459503173828,157.40560913085938,90.87928009033203
2026-07-07,369.6099853515625,82.74666595458984,84.4973373413086,155.9393768310547,90.89915466308594
2026-07-08,368.25,82.48726654052734,84.2877197265625,155.41073608398438,90.89915466308594
2026-07-09,371.45001220703125,82.97611999511719,84.74688720703125,156.59768676757812,90.90909576416016
2026-07-10,372.69000244140625,83.30535125732422,85.18608856201172,157.22608947753906,90.94886016845703
2026-07-13,369.7799987792969,81.80885314941406,83.62890625,155.41073608398438,90.94886016845703
2026-07-14,371.1600036621094,82.65686798095703,84.50732421875,156.3782501220703,90.95880126953125
2026-07-15,372.4200134277344,82.93621826171875,84.83672332763672,156.88694763183594,90.96873474121094
2026-07-16,370.5799865722656,82.0283432006836,83.90840148925781,155.7299346923828,90.97867584228516
2026-07-17,367.010009765625,81.37985229492188,83.21965026855469,154.3833770751953,90.9985580444336
2026-07-20,366.25,81.06060028076172,82.9201889038086,153.89463806152344,91.00849914550781
2026-07-21,369.45001220703125,82.4373779296875,84.29769134521484,155.73989868164062,91.00849914550781
2026-07-22,368.8699951171875,82.46731567382812,84.30767822265625,155.62020874023438,91.02838134765625
2026-07-23,364.69000244140625,81.61929321289062,83.46920013427734,153.91458129882812,91.02838134765625
2026-07-24,364.79998779296875,81.42974090576172,83.24959564208984,153.80487060546875,91.05819702148438
2026-07-27,365.17999267578125,81.81883239746094,83.63888549804688,154.05422973632812,91.0681381225586
2026-07-28,365.989990234375,81.35990142822266,83.09986114501953,153.95448303222656,91.07807159423828
2026-07-29,360.4200134277344,80.4420394897461,82.24140930175781,151.82994079589844,91.0880126953125
2026-07-30,366.2699890136719,82.8364486694336,84.61711883544922,155.05166625976562,91.09796142578125
2026-07-31,368.2099914550781,82.65686798095703,84.43743896484375,155.4606170654297,91.12777709960938
2026-08-03,373.8399963378906,83.02600860595703,84.86666870117188,157.2061309814453,91.14073181152344
2026-08-04,380.82000732421875,84.38284301757812,86.2940902709961,160.03884887695312,91.14073181152344
2026-08-05,379.6499938964844,84.37286376953125,86.35398864746094,159.7595672607422,91.15070343017578
2026-08-06,379.07000732421875,84.17333221435547,86.16432189941406,159.5102081298828,91.17063903808594
2026-08-07,381.7799987792969,85.02134704589844,87.05271911621094,160.8866729736328,91.20055389404297
2026-08-10,381.6300048828125,84.63225555419922,86.67340850830078,160.55752563476562,91.20055389404297
2026-08-11,380.6499938964844,84.7220458984375,86.76324462890625,160.4079132080078,91.21051788330078
2026-08-12,381.8299865722656,85.3405990600586,87.38212585449219,161.1160888671875,91.23046112060547
2026-08-13,384.29998779296875,85.51020050048828,87.56179809570312,161.973876953125,91.23046112060547
2026-08-14,383.8500061035156,85.48027038574219,87.54183197021484,161.83424377441406,91.25039672851562
2026-08-17,382.1300048828125,85.64987182617188,87.71153259277344,161.41531372070312,91.27033996582031
2026-08-18,379.0400085449219,84.23318481445312,86.28411102294922,159.6498565673828,91.28030395507812
2026-08-19,379.989990234375,84.76194763183594,86.81315612792969,160.2882080078125,91.29027557373047
2026-08-20,376.5799865722656,84.79187774658203,86.873046875,159.52017211914062,91.29027557373047
2026-08-21,378.239990234375,85.49024963378906,87.55181884765625,160.3580322265625,91.32018280029297
2026-08-24,377.07000732421875,85.01136779785156,87.04273223876953,159.68975830078125,91.33015441894531
2026-08-25,378.1499938964844,85.87934112548828,87.9610824584961,160.5774688720703,91.34012603759766
2026-08-26,378.2300109863281,85.56008911132812,87.66162109375,160.45777893066406,91.35009002685547
2026-08-27,380.6300048828125,85.60997009277344,87.77142333984375,161.15599060058594,91.35009002685547
2026-08-28,379.3599853515625,85.2308578491211,87.3621597290039,160.597412109375,91.37003326416016
2026-08-31,378.1499938964844,85.05127716064453,87.16252136230469,160.1385955810547,91.3800048828125
2026-09-01,375.1700134277344,84.45267486572266,86.55361938476562,158.90176391601562,91.38999938964844
2026-09-02,376.8800048828125,84.93154907226562,87.00281524658203,159.69972229003906,91.4000015258789
2026-09-03,380.92999267578125,85.74964141845703,87.81134796142578,161.34548950195312,91.41999816894531
2026-09-04,379.7300109863281,86.20857238769531,88.25055694580078,161.31556701660156,91.44999694824219
2026-09-08,377.6000061035156,85.85938262939453,87.92115020751953,160.5076446533203,91.45999908447266
2026-09-09,375.55999755859375,85.19094848632812,87.25236511230469,159.48028564453125,91.45999908447266
2026-09-10,373.239990234375,84.1034927368164,86.12439727783203,158.12376403808594,91.47000122070312
2026-09-11,376.30999755859375,84.98143768310547,86.98284912109375,159.53016662597656,91.5
2026-09-14,374.67999267578125,83.89397430419922,85.88483428955078,158.32325744628906,91.5
2026-09-15,372.8399963378906,83.58470153808594,85.53546142578125,157.6250457763672,91.51000213623047
2026-09-16,371.260009765625,83.30535125732422,85.25597381591797,157.00665283203125,91.51000213623047
2026-09-17,375.3399963378906,84.31300354003906,86.34400177001953,158.81201171875,91.52999877929688
2026-09-18,375.42999267578125,83.86000061035156,85.87999725341797,158.5500030517578,91.55000305175781
2026-09-21,381.1000061035156,85.08999633789062,87.1500015258789,160.88999938964844,91.56999969482422
